time,temperature_2m,wind_speed_10m,relative_humidity_2m,surface_pressure,boundary_layer_height,dew_point_2m,precipitation,cloud_cover,wind_direction_10m,wind_gusts_10m,shortwave_radiation,pm10,pm2_5,carbon_monoxide,nitrogen_dioxide,sulphur_dioxide,ozone,dust,aerosol_optical_depth,us_aqi,day,month,dayofweek,quarter,previous_hour_aqi,previous_day_aqi,aqi_change_rate,rolled_mean_aqi_6hr,rolled_mean_aqi_24hr,rolled_mean_aqi_72hr,rolled_std_aqi_6hr,rolled_std_aqi_24hr,rolled_std_aqi_72hr,ewm_aqi_24hr,ewm_std_24hr,f48_temperature_2m,f48_wind_speed_10m,f48_relative_humidity_2m,f48_surface_pressure,f48_boundary_layer_height,f48_dew_point_2m,f48_precipitation,f48_cloud_cover,f48_wind_gusts_10m,f48_shortwave_radiation,wind_pollution_dispersion,pressure_change_3hour,Humidity_Level,Day_2_Future_AQI
2023-08-04 00:00:00+05:00,28.441666666666666,20.516666666666666,83.45833333333333,1000.0875,752.7083333333334,25.291666666666668,0.0375,50.083333333333336,245.08333333333334,31.941666666666666,223.04166666666666,109.07083333333333,26.754166666666666,159.625,8.529166666666667,4.495833333333334,50.958333333333336,185.54166666666666,0.7595833333333334,82.875,4.0,8.0,4.0,3.0,82.625,74.33333333333333,0.25,81.71527777777777,78.11631944444444,74.68576388888889,0.8951450299326634,2.7644469929890536,3.07152169262552,78.71416337342744,3.328489054675216,28.233333333333334,30.679166666666664,80.375,1001.6083333333332,900.4166666666666,24.479166666666668,0.02916666666666667,81.625,45.5625,175.95833333333334,15605.1875,0.22499999999999906,3.15,78.83333333333333
2023-08-05 00:00:00+05:00,28.329166666666666,21.941666666666666,81.75,1002.6,818.3333333333334,24.866666666666664,0.0375,69.83333333333333,247.75,33.449999999999996,220.29166666666666,108.2625,23.229166666666668,151.20833333333334,7.195833333333333,4.241666666666666,55.083333333333336,197.58333333333334,0.685,79.45833333333333,5.0,8.0,5.0,3.0,79.75,82.875,-0.2916666666666667,80.63194444444444,82.56423611111111,77.90972222222221,0.7698871348240903,2.137104982216019,4.6896698423866505,81.48209631167542,2.9342409993305387,28.041666666666668,33.22083333333333,80.20833333333333,998.9916666666667,916.4583333333334,24.266666666666666,0.07083333333333335,75.0,49.770833333333336,171.375,18252.291666666668,0.26666666666667044,3.4625000000000004,78.875
2023-08-06 00:00:00+05:00,28.233333333333334,30.679166666666664,80.375,1001.6083333333332,900.4166666666666,24.479166666666668,0.02916666666666667,81.625,254.5,45.5625,175.95833333333334,100.28750000000001,23.483333333333334,142.0,5.845833333333334,3.3708333333333336,50.041666666666664,173.41666666666666,0.6841666666666667,78.83333333333333,6.0,8.0,6.0,3.0,78.79166666666667,79.45833333333333,0.041666666666666664,78.625,78.56597222222221,79.7488425925926,0.6728514377805932,1.783109150407584,3.424681608294687,78.94136567427627,2.1550411163409353,27.995833333333334,29.429166666666664,81.66666666666667,999.3625000000001,805.4166666666666,24.5125,0.09166666666666667,68.54166666666667,44.275,172.0,27933.375,-0.3874999999999981,3.754166666666667,78.79166666666667
2023-08-07 00:00:00+05:00,28.041666666666668,33.22083333333333,80.20833333333333,998.9916666666667,916.4583333333334,24.266666666666666,0.07083333333333335,75.0,250.25,49.770833333333336,171.375,101.7625,26.541666666666668,145.5,5.804166666666667,3.0708333333333333,48.791666666666664,164.16666666666666,0.7191666666666666,78.875,7.0,8.0,0.0,3.0,78.66666666666667,78.83333333333333,0.20833333333333334,78.23611111111111,78.19618055555556,79.77546296296296,0.5054652146874351,1.1331043394796851,2.712742214692133,78.23600749193282,1.383401676011844,27.97083333333333,28.4375,81.625,1002.5875,798.75,24.4875,0.03333333333333333,72.91666666666667,43.12083333333334,220.875,30741.333333333332,-0.20000000000000284,3.7750000000000004,73.41666666666667
2023-08-08 00:00:00+05:00,27.995833333333334,29.429166666666664,81.66666666666667,999.3625000000001,805.4166666666666,24.5125,0.09166666666666667,68.54166666666667,245.91666666666666,44.275,172.0,66.89166666666667,21.920833333333334,139.16666666666666,6.270833333333333,3.3666666666666667,48.125,89.58333333333333,0.98875,78.79166666666667,8.0,8.0,1.0,3.0,79.125,78.875,-0.3333333333333333,79.86111111111111,80.25173611111111,79.00462962962963,0.764699729408767,2.2603238362032876,2.069237068555568,79.96649203888369,2.2917961460237635,27.829166666666666,27.570833333333336,82.45833333333333,1003.6083333333332,776.0416666666666,24.483333333333334,0.06666666666666667,74.83333333333333,41.72083333333334,195.58333333333334,23936.6875,0.30416666666666475,3.483333333333333,68.79166666666667
2023-08-09 00:00:00+05:00,27.97083333333333,28.4375,81.625,1002.5875,798.75,24.4875,0.03333333333333333,72.91666666666667,251.79166666666666,43.12083333333334,220.875,58.833333333333336,20.058333333333334,145.45833333333334,6.504166666666666,3.5666666666666664,46.583333333333336,74.125,0.6770833333333334,73.41666666666667,9.0,8.0,2.0,3.0,73.58333333333333,78.79166666666667,-0.16666666666666666,73.91666666666667,75.57638888888889,78.00810185185185,0.28164080363783467,1.6515390171239017,2.775975903304231,75.50451218259771,2.4611002682966694,27.72083333333333,26.3625,82.29166666666667,1003.9833333333332,724.1666666666666,24.3625,0.05416666666666667,63.291666666666664,39.791666666666664,175.25,23143.625,0.2750000000000057,3.483333333333333,69.91666666666667
2023-08-10 00:00:00+05:00,27.829166666666666,27.570833333333336,82.45833333333333,1003.6083333333332,776.0416666666666,24.483333333333334,0.06666666666666667,74.83333333333333,251.25,41.72083333333334,195.58333333333334,54.11666666666667,18.724999999999998,146.33333333333334,7.166666666666667,3.670833333333333,46.083333333333336,64.58333333333333,0.8737499999999999,68.79166666666667,10.0,8.0,3.0,3.0,68.91666666666667,73.41666666666667,-0.125,69.34027777777779,71.29861111111111,75.70891203703704,0.5315878827189884,1.547393520321479,4.216678662066356,71.18089658457406,2.3952662902213486,27.59583333333333,30.820833333333336,81.45833333333333,1003.5083333333333,795.0,24.09583333333333,0.03333333333333333,59.958333333333336,46.125,180.08333333333334,21755.25,0.12916666666666288,3.345833333333333,68.83333333333333
2023-08-11 00:00:00+05:00,27.72083333333333,26.3625,82.29166666666667,1003.9833333333332,724.1666666666666,24.3625,0.05416666666666667,63.291666666666664,251.04166666666666,39.791666666666664,175.25,55.42083333333333,19.462500000000002,138.875,7.208333333333333,3.6916666666666664,45.708333333333336,65.83333333333333,0.92625,69.91666666666667,11.0,8.0,4.0,3.0,69.83333333333333,68.79166666666667,0.08333333333333333,69.58333333333333,68.83854166666667,71.90451388888889,0.39950244957109654,1.003077586268116,3.2319112418627687,69.3681576586339,1.5824167551236112,27.625,30.991666666666664,80.79166666666667,1000.3375,689.7916666666666,23.995833333333334,0.025000000000000005,77.75,46.69166666666666,176.08333333333334,19213.395833333332,0.0,3.358333333333333,68.33333333333333
2023-08-12 00:00:00+05:00,27.59583333333333,30.820833333333336,81.45833333333333,1003.5083333333333,795.0,24.09583333333333,0.03333333333333333,59.958333333333336,256.2916666666667,46.125,180.08333333333334,50.42083333333333,18.533333333333335,136.20833333333334,6.2250000000000005,3.3166666666666664,44.833333333333336,55.375,0.6566666666666666,68.83333333333333,12.0,8.0,5.0,3.0,68.91666666666667,69.91666666666667,-0.08333333333333333,69.13888888888889,69.67534722222221,69.9375,0.22126779893122542,0.7118895898448735,1.6768683707824599,69.4660051804954,0.8843732319389807,27.758333333333336,25.95,83.83333333333333,1000.3041666666667,567.2916666666666,24.6875,0.0,90.08333333333333,39.7875,224.29166666666666,24792.875,-0.20416666666667047,3.5,67.125
2023-08-13 00:00:00+05:00,27.625,30.991666666666664,80.79166666666667,1000.3375,689.7916666666666,23.995833333333334,0.025000000000000005,77.75,254.79166666666666,46.69166666666666,176.08333333333334,56.237500000000004,18.9375,135.375,6.191666666666666,3.275,46.583333333333336,69.66666666666667,0.7354166666666666,68.33333333333333,13.0,8.0,6.0,3.0,68.29166666666667,68.83333333333333,0.041666666666666664,68.19444444444444,68.38020833333333,68.96469907407408,0.11688595782885318,0.44299756134560714,0.9924042207877791,68.44431351169834,0.6651156393910668,27.579166666666666,20.2,84.58333333333333,1002.4416666666666,522.7083333333334,24.65416666666667,0.020833333333333332,97.0,31.55,164.625,21604.770833333332,-0.3333333333333286,3.6291666666666664,65.79166666666667
2023-08-14 00:00:00+05:00,27.758333333333336,25.95,83.83333333333333,1000.3041666666667,567.2916666666666,24.6875,0.0,90.08333333333333,246.41666666666666,39.7875,224.29166666666666,54.30416666666667,17.6375,136.70833333333334,7.2875000000000005,3.8874999999999997,49.041666666666664,69.70833333333333,0.85875,67.125,14.0,8.0,0.0,3.0,67.25,68.33333333333333,-0.125,67.5625,68.10069444444444,68.71875,0.29962683717843547,0.7285596531412951,0.9526090905465333,67.98040450747455,0.7439287867038865,27.520833333333332,21.008333333333333,81.04166666666667,1004.7125,594.1666666666666,23.854166666666668,0.0,52.833333333333336,32.7125,215.625,14860.479166666666,0.14166666666666572,3.0708333333333333,60.833333333333336
2023-08-15 00:00:00+05:00,27.579166666666666,20.2,84.58333333333333,1002.4416666666666,522.7083333333334,24.65416666666667,0.020833333333333332,97.0,238.79166666666666,31.55,164.625,58.35833333333333,16.229166666666668,136.375,8.125,4.758333333333334,46.291666666666664,90.75,0.8795833333333333,65.79166666666667,15.0,8.0,1.0,3.0,65.875,67.125,-0.08333333333333333,65.95833333333333,66.34027777777779,67.60706018518518,0.06134869281112835,0.43586165991436515,1.081766110382295,66.41066281872031,0.7930407352359369,27.295833333333334,29.7375,76.70833333333333,1005.0749999999999,764.5833333333334,22.71666666666667,0.008333333333333333,55.708333333333336,44.82083333333333,208.91666666666666,10770.6875,0.3083333333333324,2.9250000000000003,59.041666666666664
2023-08-16 00:00:00+05:00,27.520833333333332,21.008333333333333,81.04166666666667,1004.7125,594.1666666666666,23.854166666666668,0.0,52.833333333333336,256.5416666666667,32.7125,215.625,49.74583333333334,13.899999999999999,151.875,7.295833333333333,4.358333333333333,44.833333333333336,73.5,0.89,60.833333333333336,16.0,8.0,2.0,3.0,61.041666666666664,65.79166666666667,-0.20833333333333334,61.6875,63.751736111111114,66.06423611111111,0.5697556583356128,1.605175181435456,2.1046928181704723,63.40387323884415,1.9305584458322247,27.370833333333334,29.233333333333334,76.04166666666667,1004.0166666666668,707.7083333333334,22.608333333333334,0.0,47.041666666666664,44.699999999999996,245.125,13152.229166666666,0.16249999999999906,3.6666666666666665,61.041666666666664
2023-08-17 00:00:00+05:00,27.295833333333334,29.7375,76.70833333333333,1005.0749999999999,764.5833333333334,22.71666666666667,0.008333333333333333,55.708333333333336,264.625,44.82083333333333,208.91666666666666,34.02916666666667,13.762500000000001,140.58333333333334,5.879166666666666,3.2125,39.791666666666664,31.541666666666668,0.76375,59.041666666666664,17.0,8.0,3.0,3.0,59.041666666666664,60.833333333333336,0.0,59.0625,59.645833333333336,63.245949074074076,0.42686933280877665,0.8507343876053954,3.036440337079304,59.92673161598279,1.7650654784773445,27.1875,25.308333333333334,78.83333333333333,1003.6999999999999,680.4166666666666,23.0625,0.004166666666666667,77.70833333333333,38.88333333333333,201.29166666666666,23040.604166666668,-0.004166666666667614,4.579166666666667,62.625
2023-08-18 00:00:00+05:00,27.370833333333334,29.233333333333334,76.04166666666667,1004.0166666666668,707.7083333333334,22.608333333333334,0.0,47.041666666666664,265.75,44.699999999999996,245.125,43.9125,16.258333333333333,138.54166666666666,5.75,3.108333333333333,42.75,48.083333333333336,0.49541666666666667,61.041666666666664,18.0,8.0,4.0,3.0,60.833333333333336,59.041666666666664,0.20833333333333334,60.395833333333336,59.479166666666664,60.95891203703704,0.41603820734503966,0.9304493259515115,2.4304460684562987,59.811655206866895,1.1799585131310228,27.316666666666666,22.566666666666666,78.95833333333333,1003.9833333333332,570.2083333333334,23.183333333333334,0.0,71.04166666666667,35.44166666666667,248.33333333333334,20813.5625,-0.09166666666666383,4.7625,62.833333333333336
2023-08-19 00:00:00+05:00,27.1875,25.308333333333334,78.83333333333333,1003.6999999999999,680.4166666666666,23.0625,0.004166666666666667,77.70833333333333,267.2083333333333,38.88333333333333,201.29166666666666,59.07916666666667,15.691666666666668,132.25,6.354166666666667,3.5124999999999997,49.208333333333336,91.20833333333333,0.46291666666666664,62.625,19.0,8.0,5.0,3.0,62.666666666666664,61.041666666666664,-0.041666666666666664,62.736111111111114,62.373263888888886,60.4994212962963,0.31663718261463414,1.1188786974103244,1.7527681016468246,62.20968680624964,1.4258232240672066,27.420833333333334,25.704166666666666,79.66666666666667,1003.7458333333334,576.6666666666666,23.47083333333333,0.0,49.125,40.06666666666667,243.41666666666666,17497.708333333332,0.004166666666667614,4.125,61.0
2023-08-20 00:00:00+05:00,27.316666666666666,22.566666666666666,78.95833333333333,1003.9833333333332,570.2083333333334,23.183333333333334,0.0,71.04166666666667,262.5833333333333,35.44166666666667,248.33333333333334,63.86666666666667,15.329166666666666,125.91666666666667,7.316666666666666,4.0,47.0,108.54166666666667,0.5091666666666667,62.833333333333336,20.0,8.0,6.0,3.0,62.875,62.625,-0.041666666666666664,62.888888888888886,62.645833333333336,61.4994212962963,0.1442139597679542,0.47970159703407145,1.7216434617627614,62.66105605560609,0.6862215262161887,27.191666666666666,26.079166666666666,80.5,1002.8541666666666,756.4583333333334,23.412499999999998,0.025000000000000005,75.79166666666667,40.06666666666667,204.79166666666666,13040.875,-0.004166666666667614,4.133333333333333,60.0
2023-08-21 00:00:00+05:00,27.420833333333334,25.704166666666666,79.66666666666667,1003.7458333333334,576.6666666666666,23.47083333333333,0.0,49.125,266.0833333333333,40.06666666666667,243.41666666666666,53.237500000000004,14.479166666666666,127.79166666666667,6.466666666666666,3.6833333333333336,44.708333333333336,84.54166666666667,0.49416666666666664,61.0,21.0,8.0,0.0,3.0,61.083333333333336,62.833333333333336,-0.08333333333333333,61.3125,62.092013888888886,62.370370370370374,0.23827814436752517,0.6310838339761494,0.9416984942822557,61.90433975316355,0.7378038716693197,26.883333333333336,27.608333333333334,81.45833333333333,1000.9125,820.4166666666666,23.34583333333333,0.07916666666666668,96.375,42.09166666666667,170.58333333333334,15017.479166666666,-0.07500000000000284,3.9499999999999997,61.958333333333336
2023-08-22 00:00:00+05:00,27.191666666666666,26.079166666666666,80.5,1002.8541666666666,756.4583333333334,23.412499999999998,0.025000000000000005,75.79166666666667,254.58333333333334,40.06666666666667,204.79166666666666,40.80833333333333,14.620833333333332,128.08333333333334,6.366666666666667,3.5083333333333333,41.708333333333336,49.583333333333336,0.47291666666666665,60.0,22.0,8.0,1.0,3.0,60.0,61.0,0.0,60.0,60.314236111111114,61.68402777777778,0.0,0.3752526394801861,1.1710157211519432,60.398190887623166,0.7511893454402546,26.875,26.891666666666666,84.54166666666667,998.9208333333332,748.75,23.97083333333333,0.08333333333333333,84.04166666666667,40.925000000000004,176.25,20200.1875,-0.0874999999999962,3.7791666666666663,63.083333333333336
2023-08-23 00:00:00+05:00,26.883333333333336,27.608333333333334,81.45833333333333,1000.9125,820.4166666666666,23.34583333333333,0.07916666666666668,96.375,248.0,42.09166666666667,170.58333333333334,40.0,15.866666666666667,142.08333333333334,7.016666666666667,3.3000000000000003,38.5,37.875,0.6591666666666667,61.958333333333336,23.0,8.0,2.0,3.0,61.833333333333336,60.0,0.125,61.520833333333336,60.723958333333336,61.04340277777778,0.29962683717868527,0.6362590862173396,1.0777786321178404,60.94779499331164,0.7636677129812662,26.816666666666666,23.03333333333333,84.08333333333333,999.3166666666666,720.8333333333334,23.837500000000002,0.08750000000000001,83.04166666666667,35.458333333333336,194.83333333333334,23249.083333333332,-0.3500000000000038,3.5374999999999996,67.04166666666667
2023-08-24 00:00:00+05:00,26.875,26.891666666666666,84.54166666666667,998.9208333333332,748.75,23.97083333333333,0.08333333333333333,84.04166666666667,244.0,40.925000000000004,176.25,42.4625,16.654166666666665,145.5,7.633333333333333,3.525,39.958333333333336,41.166666666666664,1.195,63.083333333333336,24.0,8.0,3.0,3.0,63.041666666666664,61.958333333333336,0.041666666666666664,63.00694444444445,62.673611111111114,61.23726851851851,0.017010345436064302,0.4001577533596678,1.2276545809726775,62.57981193850268,0.8075269235311832,26.741666666666664,21.954166666666666,85.29166666666667,1001.6041666666666,711.0416666666666,23.995833333333334,0.09999999999999999,83.375,34.012499999999996,202.83333333333334,20715.666666666668,-0.125,2.904166666666667,64.75
2023-08-25 00:00:00+05:00,26.816666666666666,23.03333333333333,84.08333333333333,999.3166666666666,720.8333333333334,23.837500000000002,0.08750000000000001,83.04166666666667,241.08333333333334,35.458333333333336,194.83333333333334,48.26666666666667,17.983333333333334,133.29166666666666,8.358333333333333,3.954166666666667,43.291666666666664,51.666666666666664,1.0254166666666666,67.04166666666667,25.0,8.0,4.0,3.0,66.91666666666667,63.083333333333336,0.125,66.46527777777779,64.76388888888889,62.720486111111114,0.45334428816911904,1.3911188347570793,1.9355936084567669,65.05906964248592,1.6536346172748007,26.974999999999998,23.295833333333334,82.79166666666667,1003.4333333333334,723.125,23.695833333333336,0.041666666666666664,49.708333333333336,35.9125,230.29166666666666,17254.0625,0.1666666666666714,2.9791666666666665,63.541666666666664
2023-08-26 00:00:00+05:00,26.741666666666664,21.954166666666666,85.29166666666667,1001.6041666666666,711.0416666666666,23.995833333333334,0.09999999999999999,83.375,240.875,34.012499999999996,202.83333333333334,46.262499999999996,16.383333333333333,127.54166666666667,7.816666666666666,4.041666666666667,40.875,54.666666666666664,0.9129166666666667,64.75,26.0,8.0,5.0,3.0,64.875,67.04166666666667,-0.125,65.29861111111111,66.52083333333333,64.65277777777779,0.49305376530863904,1.148000236967287,2.104262665706297,65.9404779474592,1.4969273901302904,26.879166666666666,26.84583333333333,82.875,1002.35,752.5,23.625,0.04583333333333334,60.541666666666664,40.5625,189.58333333333334,16470.041666666668,0.3749999999999953,2.745833333333333,64.5
2023-08-27 00:00:00+05:00,26.974999999999998,23.295833333333334,82.79166666666667,1003.4333333333334,723.125,23.695833333333336,0.041666666666666664,49.708333333333336,251.625,35.9125,230.29166666666666,39.979166666666664,15.591666666666667,133.83333333333334,7.929166666666667,4.0375000000000005,39.833333333333336,40.333333333333336,0.9204166666666667,63.541666666666664,27.0,8.0,6.0,3.0,63.625,64.75,-0.08333333333333333,63.6875,63.989583333333336,65.09143518518518,0.161224305203972,0.6373310068025915,1.7962796826401741,64.12447110048664,1.0622318729016405,26.945833333333336,21.77916666666667,83.66666666666667,1003.2458333333334,755.2083333333334,23.854166666666668,0.02916666666666667,62.583333333333336,34.125,181.08333333333334,17355.479166666668,-0.02499999999999621,3.279166666666667,68.04166666666667
2023-08-28 00:00:00+05:00,26.879166666666666,26.84583333333333,82.875,1002.35,752.5,23.625,0.04583333333333334,60.541666666666664,252.5,40.5625,189.58333333333334,51.01666666666667,18.820833333333333,138.66666666666666,6.925,3.545833333333333,44.791666666666664,57.5,0.7066666666666667,64.5,28.0,8.0,0.0,3.0,64.25,63.541666666666664,0.25,63.81944444444445,63.38715277777778,64.63252314814815,0.5139395585820057,0.8165650578064868,1.695774713387421,63.59475734341111,0.9626717845255036,27.004166666666666,16.8,82.41666666666667,1005.9041666666667,571.6666666666666,23.625,0.020833333333333332,61.833333333333336,26.787499999999998,209.83333333333334,20474.166666666668,-0.14583333333333806,3.254166666666667,63.291666666666664
2023-08-29 00:00:00+05:00,26.945833333333336,21.77916666666667,83.66666666666667,1003.2458333333334,755.2083333333334,23.854166666666668,0.02916666666666667,62.583333333333336,242.75,34.125,181.08333333333334,42.47083333333333,16.445833333333333,148.375,7.954166666666667,4.083333333333333,43.208333333333336,42.25,0.8358333333333333,68.04166666666667,29.0,8.0,1.0,3.0,68.20833333333333,64.5,-0.16666666666666666,68.34027777777779,67.01215277777777,64.79629629629629,0.4365065924856267,1.644643815523106,2.063714234994587,67.0839188875213,2.0600520014369983,27.0125,16.216666666666665,81.29166666666667,1006.5166666666668,602.7083333333334,23.370833333333334,0.008333333333333333,49.041666666666664,26.929166666666664,240.875,17006.0625,0.3625000000000019,3.0916666666666672,62.583333333333336
2023-08-30 00:00:00+05:00,27.004166666666666,16.8,82.41666666666667,1005.9041666666667,571.6666666666666,23.625,0.020833333333333332,61.833333333333336,245.875,26.787499999999998,209.83333333333334,54.520833333333336,15.725,148.70833333333334,8.695833333333333,4.8875,46.916666666666664,81.375,0.74125,63.291666666666664,30.0,8.0,2.0,3.0,63.333333333333336,68.04166666666667,-0.041666666666666664,63.59027777777778,65.39409722222221,65.2644675925926,0.516349365237185,1.815522160578153,2.4397450380324774,64.93631547460386,2.095553439231104,26.7375,13.899999999999999,80.75,1006.7916666666666,640.625,23.0125,0.0,23.166666666666668,23.179166666666664,256.75,9926.958333333334,0.11250000000000189,3.379166666666667,66.58333333333333
2023-08-31 00:00:00+05:00,27.0125,16.216666666666665,81.29166666666667,1006.5166666666668,602.7083333333334,23.370833333333334,0.008333333333333333,49.041666666666664,244.41666666666666,26.929166666666664,240.875,72.08333333333333,16.925,140.45833333333334,8.9,5.170833333333333,45.625,123.66666666666667,0.5379166666666667,62.583333333333336,31.0,8.0,3.0,3.0,62.5,63.291666666666664,0.08333333333333333,62.458333333333336,62.80034722222222,65.06886574074075,0.3071118563333865,0.7169111915410418,2.5788839732489337,62.96650944158657,1.2927648716457063,27.21666666666667,18.35,75.875,1006.4250000000001,702.0833333333334,22.445833333333336,0.0,24.375,29.429166666666664,249.04166666666666,10364.083333333334,0.09166666666666856,3.641666666666666,67.125
2023-09-01 00:00:00+05:00,26.7375,13.899999999999999,80.75,1006.7916666666666,640.625,23.0125,0.0,23.166666666666668,236.20833333333334,23.179166666666664,256.75,78.8875,17.979166666666668,163.33333333333334,11.120833333333332,5.879166666666666,45.916666666666664,136.54166666666666,0.41250000000000003,66.58333333333333,1.0,9.0,4.0,3.0,66.5,62.583333333333336,0.08333333333333333,66.125,64.453125,64.21585648148148,0.44206101020009014,1.3554635777534927,2.0832015015491874,64.84278057639983,1.574381799063624,27.40833333333333,21.5625,75.95833333333333,1004.9208333333332,775.2083333333334,22.691666666666666,0.0375,39.666666666666664,33.96666666666667,224.5,9487.0625,-0.008333333333335228,3.725,68.79166666666667
2023-09-02 00:00:00+05:00,27.21666666666667,18.35,75.875,1006.4250000000001,702.0833333333334,22.445833333333336,0.0,24.375,245.79166666666666,29.429166666666664,249.04166666666666,77.6125,18.425,149.95833333333334,8.770833333333334,4.95,49.458333333333336,131.16666666666666,0.36624999999999996,67.125,2.0,9.0,5.0,3.0,67.08333333333333,66.58333333333333,0.041666666666666664,67.0625,67.015625,64.75636574074075,0.09987561239285264,0.47157299114783036,2.0835912690387746,66.76369144011412,1.0701763614566044,27.608333333333334,22.266666666666666,75.70833333333333,1003.7083333333334,811.6666666666666,22.820833333333336,0.004166666666666667,49.083333333333336,34.5625,171.125,13398.416666666666,-0.1333333333333305,4.770833333333333,71.45833333333333
2023-09-03 00:00:00+05:00,27.40833333333333,21.5625,75.95833333333333,1004.9208333333332,775.2083333333334,22.691666666666666,0.0375,39.666666666666664,244.83333333333334,33.96666666666667,224.5,61.895833333333336,19.412499999999998,147.70833333333334,7.491666666666667,4.220833333333333,46.791666666666664,86.79166666666667,0.43124999999999997,68.79166666666667,3.0,9.0,6.0,3.0,68.75,67.125,0.041666666666666664,68.60416666666667,67.89583333333333,66.45486111111111,0.16122430520400247,0.6278109253181811,1.7647070391483517,67.99365466697394,0.862331494197398,27.666666666666668,17.7375,78.41666666666667,1003.7624999999999,634.1666666666666,23.47083333333333,0.020833333333333332,39.583333333333336,28.5,182.58333333333334,17162.5,-0.16250000000000378,4.716666666666667,73.125
2023-09-04 00:00:00+05:00,27.608333333333334,22.266666666666666,75.70833333333333,1003.7083333333334,811.6666666666666,22.820833333333336,0.004166666666666667,49.083333333333336,251.79166666666666,34.5625,171.125,62.98333333333333,21.733333333333334,153.08333333333334,7.845833333333334,3.9125,45.541666666666664,81.0,0.5325,71.45833333333333,4.0,9.0,0.0,3.0,71.25,68.79166666666667,0.20833333333333334,70.79861111111111,69.77777777777779,68.22974537037037,0.40219001023666373,0.7855277606413505,1.3456682403220903,69.87508648512414,1.1160664859937701,27.77916666666667,13.766666666666666,80.04166666666667,1004.7791666666667,542.0833333333334,23.866666666666664,0.0,20.458333333333332,22.96666666666667,246.95833333333334,18684.604166666668,-0.0625,4.7875000000000005,75.54166666666667
2023-09-05 00:00:00+05:00,27.666666666666668,17.7375,78.41666666666667,1003.7624999999999,634.1666666666666,23.47083333333333,0.020833333333333332,39.583333333333336,258.25,28.5,182.58333333333334,60.74583333333334,20.545833333333334,165.0,9.441666666666666,4.779166666666667,46.5,80.66666666666667,0.40208333333333335,73.125,5.0,9.0,1.0,3.0,73.20833333333333,71.45833333333333,-0.08333333333333333,73.34722222222221,72.86631944444444,70.17997685185185,0.28261649174266784,1.0547697235239335,2.246632008677669,72.69598607256167,1.531679376179732,28.266666666666666,19.354166666666668,80.33333333333333,1004.5958333333333,479.5833333333333,24.358333333333334,0.0,22.291666666666668,30.854166666666668,259.4166666666667,11795.5,0.04166666666666193,4.195833333333334,73.25
2023-09-06 00:00:00+05:00,27.77916666666667,13.766666666666666,80.04166666666667,1004.7791666666667,542.0833333333334,23.866666666666664,0.0,20.458333333333332,256.125,22.96666666666667,246.95833333333334,76.97916666666667,23.483333333333334,183.875,11.866666666666667,5.966666666666666,51.75,114.04166666666667,0.2970833333333333,75.54166666666667,6.0,9.0,2.0,3.0,75.29166666666667,73.125,0.25,74.66666666666667,73.43923611111111,72.02777777777779,0.524574331020356,1.3858678119587744,2.0120389885007843,73.69801211602068,1.5052443923857108,28.129166666666666,23.241666666666664,80.875,1004.0958333333333,486.4583333333333,24.349999999999998,0.0,21.25,36.36666666666667,253.08333333333334,7939.1875,0.07500000000000284,3.9125,73.0
2023-09-07 00:00:00+05:00,28.266666666666666,19.354166666666668,80.33333333333333,1004.5958333333333,479.5833333333333,24.358333333333334,0.0,22.291666666666668,273.875,30.854166666666668,259.4166666666667,66.2625,20.191666666666666,153.95833333333334,9.383333333333335,4.5874999999999995,50.5,98.29166666666667,0.28125,73.25,7.0,9.0,3.0,3.0,73.54166666666667,75.54166666666667,-0.2916666666666667,74.27083333333333,75.64930555555556,73.98495370370371,0.6055424993192807,1.9264428410581467,2.0955217604431584,75.00098907168838,2.078901657092624,28.0625,25.15416666666667,79.29166666666667,1003.1791666666667,533.9583333333334,23.995833333333334,0.0,17.0,39.075,263.5416666666667,9624.541666666666,-0.058333333333332384,3.908333333333333,68.58333333333333
2023-09-08 00:00:00+05:00,28.129166666666666,23.241666666666664,80.875,1004.0958333333333,486.4583333333333,24.349999999999998,0.0,21.25,271.75,36.36666666666667,253.08333333333334,64.8625,21.320833333333333,157.41666666666666,8.200000000000001,4.083333333333333,50.125,91.75,0.30041666666666667,73.0,8.0,9.0,4.0,3.0,72.91666666666667,73.25,0.08333333333333333,72.59722222222221,72.22395833333333,73.77083333333333,0.42231185428222534,1.2580378395954004,2.2687070351820107,72.63907354576882,1.726289467171106,27.96666666666667,26.1125,80.25,1001.975,592.9166666666666,24.079166666666666,0.0,22.958333333333332,40.44166666666667,256.2916666666667,11534.895833333334,-0.020833333333328596,3.779166666666667,60.458333333333336
2023-09-09 00:00:00+05:00,28.0625,25.15416666666667,79.29166666666667,1003.1791666666667,533.9583333333334,23.995833333333334,0.0,17.0,268.9583333333333,39.075,263.5416666666667,49.362500000000004,16.108333333333334,154.91666666666666,7.7250000000000005,3.9125,46.958333333333336,68.375,0.3204166666666667,68.58333333333333,9.0,9.0,5.0,3.0,68.95833333333333,73.0,-0.375,69.95833333333333,72.06076388888889,73.3113425925926,0.7888303504121096,1.9021465429215898,2.526283392370641,71.49443969568127,2.039156554382935,28.037499999999998,26.633333333333336,77.75,1002.5375,676.4583333333334,23.633333333333336,0.0,47.583333333333336,41.0375,229.33333333333334,13588.354166666666,-0.15416666666666856,4.066666666666666,61.958333333333336
2023-09-10 00:00:00+05:00,27.96666666666667,26.1125,80.25,1001.975,592.9166666666666,24.079166666666666,0.0,22.958333333333332,264.25,40.44166666666667,256.2916666666667,32.77916666666667,14.170833333333334,152.16666666666666,7.3374999999999995,3.766666666666667,48.416666666666664,27.833333333333332,0.25166666666666665,60.458333333333336,10.0,9.0,6.0,3.0,60.625,68.58333333333333,-0.16666666666666666,61.201388888888886,64.22743055555556,69.50405092592592,0.6284939529790762,2.5179716307585585,4.330072905226093,64.09157440732288,3.745052176391747,28.0,25.1875,75.70833333333333,1002.9583333333334,746.0416666666666,23.224999999999998,0.0,62.958333333333336,39.1,206.54166666666666,15571.395833333334,-0.08333333333333807,3.8874999999999997,64.41666666666667
2023-09-11 00:00:00+05:00,28.037499999999998,26.633333333333336,77.75,1002.5375,676.4583333333334,23.633333333333336,0.0,47.583333333333336,258.0416666666667,41.0375,229.33333333333334,37.204166666666666,16.070833333333333,130.08333333333334,6.791666666666667,3.6125000000000003,49.833333333333336,29.916666666666668,0.3045833333333334,61.958333333333336,11.0,9.0,0.0,3.0,61.833333333333336,60.458333333333336,0.125,61.40972222222222,60.467013888888886,65.58506944444444,0.4011760409328963,1.3067855865185927,5.392777967313762,61.22182827280787,2.307925101057587,27.879166666666666,20.641666666666666,78.25,1002.5416666666666,805.8333333333334,23.625,0.016666666666666666,58.333333333333336,32.94166666666667,176.70833333333334,18386.666666666668,0.08333333333333807,4.404166666666667,61.875
2023-09-12 00:00:00+05:00,28.0,25.1875,75.70833333333333,1002.9583333333334,746.0416666666666,23.224999999999998,0.0,62.958333333333336,254.625,39.1,206.54166666666666,35.725,16.150000000000002,119.16666666666667,6.504166666666666,3.5583333333333336,50.75,25.375,0.32416666666666666,64.41666666666667,12.0,9.0,1.0,3.0,64.375,61.958333333333336,0.041666666666666664,64.22916666666667,63.34027777777778,62.67824074074074,0.2382781443676365,0.8419300567869645,2.6814722279452177,63.39061260808998,1.415822752256715,27.820833333333336,16.070833333333333,80.75,1003.4375,696.0416666666666,24.070833333333336,0.004166666666666667,80.79166666666667,26.183333333333334,203.29166666666666,19010.8125,0.0625,4.7749999999999995,65.25
2023-09-13 00:00:00+05:00,27.879166666666666,20.641666666666666,78.25,1002.5416666666666,805.8333333333334,23.625,0.016666666666666666,58.333333333333336,248.375,32.94166666666667,176.70833333333334,35.729166666666664,16.120833333333334,134.79166666666666,7.333333333333333,3.8833333333333333,48.75,25.583333333333332,0.34958333333333336,61.875,13.0,9.0,2.0,3.0,61.916666666666664,64.41666666666667,-0.041666666666666664,62.13194444444445,63.31597222222222,62.3744212962963,0.44921591827714225,1.1854927468395018,1.9139397123501494,62.91093903979884,1.3271204494684,27.858333333333334,13.683333333333332,81.45833333333333,1004.1833333333334,607.7083333333334,24.245833333333334,0.0,49.375,23.316666666666666,243.20833333333334,17362.020833333332,-0.02083333333333807,4.254166666666667,67.75
2023-09-14 00:00:00+05:00,27.820833333333336,16.070833333333333,80.75,1003.4375,696.0416666666666,24.070833333333336,0.004166666666666667,80.79166666666667,244.04166666666666,26.183333333333334,203.29166666666666,40.987500000000004,17.6375,156.625,9.049999999999999,4.883333333333334,43.125,36.125,0.39166666666666666,65.25,14.0,9.0,3.0,3.0,65.125,61.875,0.125,64.75,63.348958333333336,63.33506944444445,0.5191992096903223,1.368766244934066,1.4537601096941353,63.797155768474624,1.4941287623942536,28.520833333333332,17.345833333333335,78.875,1003.3000000000001,581.6666666666666,24.354166666666668,0.012500000000000002,72.29166666666667,27.8875,199.29166666666666,11762.0625,0.0625,3.75,61.875
2023-09-15 00:00:00+05:00,27.858333333333334,13.683333333333332,81.45833333333333,1004.1833333333334,607.7083333333334,24.245833333333334,0.0,49.375,244.45833333333334,23.316666666666666,243.20833333333334,43.262499999999996,17.349999999999998,167.33333333333334,10.666666666666666,5.879166666666666,43.666666666666664,47.5,0.41375,67.75,15.0,9.0,4.0,3.0,67.75,65.25,0.0,67.54861111111111,66.35416666666667,64.33969907407408,0.5023043344766324,1.0062109002005524,2.053842227674206,66.39908495658536,1.5267521879079062,28.97083333333333,19.908333333333335,78.54166666666667,1001.1333333333333,473.75,24.691666666666666,0.0,71.79166666666667,32.266666666666666,231.04166666666666,8965.8125,0.12083333333333712,3.6124999999999994,68.625
2023-09-16 00:00:00+05:00,28.520833333333332,17.345833333333335,78.875,1003.3000000000001,581.6666666666666,24.354166666666668,0.012500000000000002,72.29166666666667,258.2916666666667,27.8875,199.29166666666666,37.7875,16.104166666666668,145.20833333333334,8.408333333333333,4.829166666666667,44.25,36.0,0.39958333333333335,61.875,16.0,9.0,5.0,3.0,62.0,67.75,-0.125,62.65972222222222,65.45833333333333,65.05381944444444,0.8069489837561736,2.5313660761864614,2.6024335228661166,64.64901652409266,2.6372270275534677,29.308333333333334,19.754166666666666,79.91666666666667,1000.3708333333334,342.9166666666667,25.233333333333334,0.0,72.70833333333333,32.40416666666667,243.41666666666666,10456.270833333334,-0.24166666666666478,4.166666666666667,70.58333333333333
2023-09-17 00:00:00+05:00,28.97083333333333,19.908333333333335,78.54166666666667,1001.1333333333333,473.75,24.691666666666666,0.0,71.79166666666667,271.5,32.266666666666666,231.04166666666666,58.71666666666667,20.604166666666668,157.95833333333334,9.4,5.141666666666667,48.875,73.54166666666667,0.5441666666666667,68.625,17.0,9.0,6.0,3.0,68.25,61.875,0.375,67.15972222222221,64.01736111111111,65.27662037037037,0.8935750668882251,2.60959504511263,2.968541939403116,65.13146640702774,2.9767706550014346,29.816666666666666,20.016666666666666,77.0,1002.3666666666667,306.6666666666667,24.995833333333334,0.0,94.75,32.375,217.45833333333334,9822.708333333334,-0.33750000000000097,4.279166666666666,70.33333333333333
2023-09-18 00:00:00+05:00,29.308333333333334,19.754166666666666,79.91666666666667,1000.3708333333334,342.9166666666667,25.233333333333334,0.0,72.70833333333333,274.7916666666667,32.40416666666667,243.41666666666666,74.40416666666667,19.645833333333332,184.75,11.254166666666668,5.375,51.291666666666664,123.08333333333333,0.69375,70.58333333333333,18.0,9.0,0.0,3.0,70.66666666666667,68.625,-0.08333333333333333,70.83333333333333,70.40625,66.62731481481482,0.3238309719896209,1.3823177519794045,3.9841270773327175,69.90832743465516,2.531009368154915,28.900000000000002,17.583333333333332,80.83333333333333,1002.875,541.4583333333334,25.045833333333334,0.5,99.66666666666667,30.770833333333332,118.04166666666667,7372.6875,0.1374999999999981,4.074999999999999,79.33333333333333
2023-09-19 00:00:00+05:00,29.816666666666666,20.016666666666666,77.0,1002.3666666666667,306.6666666666667,24.995833333333334,0.0,94.75,285.875,32.375,217.45833333333334,72.52499999999999,22.370833333333334,249.08333333333334,15.754166666666668,6.158333333333334,55.625,108.66666666666667,0.7245833333333334,70.33333333333333,19.0,9.0,1.0,3.0,70.16666666666667,70.58333333333333,0.16666666666666666,69.90972222222221,70.12673611111111,68.18344907407408,0.4473244145138872,0.6812748830373055,3.563917823837956,70.01246077242769,1.1929944562905288,29.508333333333336,11.891666666666666,79.45833333333333,1002.8458333333333,566.4583333333334,25.366666666666664,0.14583333333333334,67.83333333333333,21.7375,231.0,6455.166666666667,0.28749999999999903,4.820833333333333,77.91666666666667
2023-09-20 00:00:00+05:00,28.900000000000002,17.583333333333332,80.83333333333333,1002.875,541.4583333333334,25.045833333333334,0.5,99.66666666666667,287.4583333333333,30.770833333333332,118.04166666666667,65.76666666666667,24.087500000000002,309.0416666666667,21.71666666666667,6.508333333333333,42.916666666666664,82.75,0.4691666666666667,79.33333333333333,20.0,9.0,2.0,3.0,79.125,70.33333333333333,0.20833333333333334,78.48611111111111,74.703125,71.74537037037037,0.9914037528346507,3.2918535721699413,3.200019386618937,75.43768140938725,3.7476554049753243,28.275000000000002,10.233333333333333,85.33333333333333,1003.8166666666666,407.0833333333333,25.441666666666666,0.0,31.833333333333332,18.325,211.04166666666666,10116.083333333334,-0.02500000000000095,3.8541666666666665,77.16666666666667
2023-09-21 00:00:00+05:00,29.508333333333336,11.891666666666666,79.45833333333333,1002.8458333333333,566.4583333333334,25.366666666666664,0.14583333333333334,67.83333333333333,178.25,21.7375,231.0,44.425000000000004,19.904166666666665,330.3333333333333,20.599999999999998,10.154166666666667,73.04166666666667,45.083333333333336,0.3179166666666667,77.91666666666667,21.0,9.0,3.0,3.0,78.29166666666667,79.33333333333333,-0.375,78.31944444444444,78.65625,74.49537037037037,3.5867640989633167,2.9538103381693532,4.789964493289332,77.98553607729141,4.131792302558748,29.0,13.5875,82.95833333333333,1004.8333333333334,448.9583333333333,25.625,0.0,18.0,22.329166666666666,241.58333333333334,7811.583333333333,0.02500000000000095,4.141666666666667,76.83333333333333
2023-09-22 00:00:00+05:00,28.275000000000002,10.233333333333333,85.33333333333333,1003.8166666666666,407.0833333333333,25.441666666666666,0.0,31.833333333333332,190.125,18.325,211.04166666666666,73.58749999999999,24.575,298.5833333333333,21.629166666666666,10.054166666666667,57.166666666666664,105.25,0.3970833333333333,77.16666666666667,22.0,9.0,4.0,3.0,76.75,77.91666666666667,0.4166666666666667,76.47222222222221,76.68229166666667,76.68055555555556,2.329606443843733,7.687713996329907,5.781930601935443,76.78760129968576,6.776570283971772,28.52916666666667,19.004166666666666,77.45833333333333,1005.1541666666667,540.2083333333334,24.037499999999998,0.0,12.833333333333334,30.375,249.20833333333334,4888.75,0.08333333333333333,2.833333333333334,92.75
2023-09-23 00:00:00+05:00,29.0,13.5875,82.95833333333333,1004.8333333333334,448.9583333333333,25.625,0.0,18.0,249.70833333333334,22.329166666666666,241.58333333333334,92.40416666666665,24.866666666666664,199.66666666666666,13.5375,6.283333333333334,52.333333333333336,156.29166666666666,0.36041666666666666,76.83333333333333,23.0,9.0,5.0,3.0,76.83333333333333,77.16666666666667,0.0,77.14583333333333,78.08854166666667,77.80902777777779,0.8111490446484356,2.6689675641839448,5.283648052093501,77.6964598700334,3.3704661517063834,27.90833333333333,15.291666666666666,74.79166666666667,1004.3916666666668,427.7083333333333,22.804166666666664,0.0,9.0,25.5625,257.5416666666667,6643.166666666667,0.1875,3.375,147.04166666666666
2023-09-24 00:00:00+05:00,28.52916666666667,19.004166666666666,77.45833333333333,1005.1541666666667,540.2083333333334,24.037499999999998,0.0,12.833333333333334,248.20833333333334,30.375,249.20833333333334,196.775,42.199999999999996,185.375,10.154166666666667,4.804166666666666,58.916666666666664,381.2083333333333,0.7866666666666666,92.75,24.0,9.0,6.0,3.0,91.20833333333333,76.83333333333333,1.5416666666666667,87.90972222222223,81.37152777777779,78.71412037037037,2.3879684203526512,4.64155983910043,6.253411486500909,82.985649831865,5.36038787072561,26.891666666666666,10.1875,75.79166666666667,1006.2291666666666,264.5833333333333,21.958333333333332,0.0,9.208333333333334,18.491666666666667,254.375,10475.354166666666,-0.07916666666666099,4.491666666666666,171.91666666666666
2023-09-25 00:00:00+05:00,27.90833333333333,15.291666666666666,74.79166666666667,1004.3916666666668,427.7083333333333,22.804166666666664,0.0,9.0,229.25,25.5625,257.5416666666667,294.48333333333335,70.67916666666666,232.16666666666666,13.583333333333334,5.6875,65.29166666666667,563.8333333333334,0.7120833333333333,147.04166666666666,25.0,9.0,0.0,3.0,144.83333333333334,92.75,2.2083333333333335,138.96527777777777,118.02604166666667,92.49537037037037,4.545127089918242,16.673610216923777,21.098097358527507,120.7996184676693,21.244832419290404,28.6375,13.029166666666667,74.45833333333333,1006.7708333333334,278.3333333333333,22.962500000000002,0.0,2.9583333333333335,23.087500000000002,247.41666666666666,6973.333333333333,0.0333333333333267,5.104166666666667,120.375
2023-09-26 00:00:00+05:00,26.891666666666666,10.1875,75.79166666666667,1006.2291666666666,264.5833333333333,21.958333333333332,0.0,9.208333333333334,184.25,18.491666666666667,254.375,229.875,61.62916666666666,496.5416666666667,29.620833333333334,11.8375,68.25,402.5833333333333,0.58875,171.91666666666666,26.0,9.0,1.0,3.0,172.5,147.04166666666666,-0.5833333333333334,173.29166666666666,164.03472222222223,121.14409722222223,3.603290505510143,10.615457996054268,36.351399005618426,161.9263424654225,20.65662619121206,29.633333333333336,15.016666666666666,69.91666666666667,1005.9875000000001,319.1666666666667,22.258333333333336,0.0,0.041666666666666664,24.825,251.70833333333334,3517.8958333333335,0.27916666666666856,4.933333333333334,98.33333333333333
2023-09-27 00:00:00+05:00,28.6375,13.029166666666667,74.45833333333333,1006.7708333333334,278.3333333333333,22.962500000000002,0.0,2.9583333333333335,275.4583333333333,23.087500000000002,247.41666666666666,139.07500000000002,37.125,298.5416666666667,20.6375,10.266666666666667,72.70833333333333,246.45833333333334,0.515,120.375,27.0,9.0,2.0,3.0,122.54166666666667,171.91666666666666,-2.1666666666666665,128.22222222222223,150.92361111111111,144.328125,4.442778856772754,17.98394558138553,28.374859930580353,144.53612095079524,20.743676754895954,28.849999999999998,13.041666666666666,77.75,1005.5375,331.0416666666667,23.858333333333334,0.0,2.7083333333333335,22.858333333333334,252.875,4288.395833333333,-0.11666666666666477,5.675000000000001,88.16666666666667
2023-09-28 00:00:00+05:00,29.633333333333336,15.016666666666666,69.91666666666667,1005.9875000000001,319.1666666666667,22.258333333333336,0.0,0.041666666666666664,269.125,24.825,251.70833333333334,86.16666666666667,29.9375,278.0416666666667,19.066666666666666,6.95,63.333333333333336,127.54166666666667,0.3670833333333334,98.33333333333333,28.0,9.0,3.0,3.0,98.91666666666667,120.375,-0.5833333333333334,100.30555555555556,106.359375,140.43923611111111,1.1919330711850693,6.743181912351325,29.90873021828413,109.05925488964665,17.525565262631304,30.433333333333334,12.616666666666667,57.75,1005.7208333333333,381.4583333333333,16.370833333333334,0.0,31.25,22.566666666666666,248.95833333333334,5396.229166666667,-0.14166666666667047,7.375,98.79166666666667
2023-09-29 00:00:00+05:00,28.849999999999998,13.041666666666666,77.75,1005.5375,331.0416666666667,23.858333333333334,0.0,2.7083333333333335,269.5,22.858333333333334,252.875,104.30416666666667,29.25,252.83333333333334,15.3125,6.133333333333333,68.29166666666667,178.29166666666666,0.36333333333333334,88.16666666666667,29.0,9.0,4.0,3.0,88.25,98.33333333333333,-0.08333333333333333,88.55555555555556,92.05729166666667,116.44675925925925,0.2892980626497259,3.473286186058203,28.093001824871788,92.9463487097103,9.599312679473481,29.933333333333334,13.666666666666666,44.166666666666664,1005.35,530.625,14.450000000000001,0.0,3.3333333333333335,23.587500000000002,257.5,4659.541666666667,0.03750000000000379,4.991666666666667,125.5
2023-09-30 00:00:00+05:00,30.433333333333334,12.616666666666667,57.75,1005.7208333333333,381.4583333333333,16.370833333333334,0.0,31.25,301.75,22.566666666666666,248.95833333333334,155.32083333333333,40.12083333333333,373.625,24.166666666666668,8.762500000000001,74.70833333333333,279.4166666666667,0.33666666666666667,98.79166666666667,30.0,9.0,5.0,3.0,97.875,88.16666666666667,0.9166666666666666,95.96527777777777,91.44791666666667,96.62152777777777,1.6541237434797582,3.5689713121684163,9.22306077486314,93.16769344911624,5.8121998686770455,28.6375,13.295833333333334,67.125,1006.2333333333332,289.375,21.2,0.0,0.0,22.933333333333334,252.20833333333334,7368.5,0.02500000000000095,14.0625,93.08333333333333
2023-10-01 00:00:00+05:00,29.933333333333334,13.666666666666666,44.166666666666664,1005.35,530.625,14.450000000000001,0.0,3.3333333333333335,196.29166666666666,23.587500000000002,257.5,130.99583333333334,41.449999999999996,441.2916666666667,24.704166666666666,13.983333333333334,96.83333333333333,203.16666666666666,0.32083333333333336,125.5,1.0,10.0,6.0,4.0,125.20833333333333,98.79166666666667,0.2916666666666667,122.11805555555556,111.06944444444444,98.19155092592592,5.5111284868925985,8.897937516722033,11.468255711247421,112.39379885842935,11.681704148449358,28.287499999999998,14.383333333333333,83.75,1007.6833333333334,409.7916666666667,25.070833333333336,0.0,9.041666666666666,24.025000000000002,241.20833333333334,8857.270833333334,-0.07500000000000284,15.483333333333334,73.75
2023-10-02 00:00:00+05:00,28.6375,13.295833333333334,67.125,1006.2333333333332,289.375,21.2,0.0,0.0,274.4583333333333,22.933333333333334,252.20833333333334,79.1125,25.016666666666666,336.7083333333333,22.275000000000002,7.720833333333334,74.5,122.33333333333333,0.26166666666666666,93.08333333333333,2.0,10.0,0.0,4.0,94.625,125.5,-1.5416666666666667,100.28472222222223,115.08680555555556,105.86805555555556,5.149069302351388,17.66833363420653,17.456127997132445,109.96200664107853,17.607413715947533,28.599999999999998,14.362499999999999,80.5,1008.4125,527.0833333333334,24.65833333333333,0.0,29.166666666666668,24.041666666666668,230.16666666666666,4930.729166666667,0.16666666666666666,7.4375,71.79166666666667
2023-10-03 00:00:00+05:00,28.287499999999998,14.383333333333333,83.75,1007.6833333333334,409.7916666666667,25.070833333333336,0.0,9.041666666666666,227.16666666666666,24.025000000000002,241.20833333333334,56.550000000000004,19.545833333333334,238.0,16.3875,6.404166666666666,57.666666666666664,72.375,0.29875,73.75,3.0,10.0,1.0,4.0,74.16666666666667,93.08333333333333,-0.4166666666666667,75.38194444444444,82.00520833333333,102.7204861111111,1.0098495877639793,5.819132642629577,20.51836912464402,83.26455296986204,13.442949878591293,28.858333333333334,16.529166666666665,76.5,1007.8625000000001,635.2083333333334,24.145833333333332,0.0,46.583333333333336,26.891666666666666,225.70833333333334,6998.166666666667,0.17499999999999716,3.216666666666667,75.25
2023-10-04 00:00:00+05:00,28.599999999999998,14.362499999999999,80.5,1008.4125,527.0833333333334,24.65833333333333,0.0,29.166666666666668,237.375,24.041666666666668,230.16666666666666,60.17083333333333,21.96666666666667,220.04166666666666,14.25,6.0,62.0,66.16666666666667,0.32708333333333334,71.79166666666667,4.0,10.0,2.0,4.0,71.625,73.75,0.16666666666666666,71.21527777777779,71.34895833333333,89.48032407407408,0.36050094232874114,1.6388824758127383,21.750540498815827,72.7792842950424,6.753315159733188,28.96666666666667,19.558333333333334,73.16666666666667,1006.7791666666667,741.875,23.541666666666668,0.0,48.666666666666664,30.866666666666664,187.875,8796.583333333334,0.08333333333333807,3.9416666666666664,81.375
2023-10-05 00:00:00+05:00,28.858333333333334,16.529166666666665,76.5,1007.8625000000001,635.2083333333334,24.145833333333332,0.0,46.583333333333336,241.875,26.891666666666666,225.70833333333334,66.71249999999999,23.816666666666666,205.41666666666666,10.195833333333333,5.4624999999999995,73.29166666666667,73.58333333333333,0.3833333333333333,75.25,5.0,10.0,3.0,4.0,75.125,71.79166666666667,0.125,74.88194444444444,73.72048611111111,75.69155092592592,0.20960017783700416,1.1093277565533841,6.01811610580485,74.04508073492012,2.758211824030955,28.84583333333333,19.445833333333333,74.41666666666667,1007.4166666666666,740.2083333333334,23.77916666666667,0.012500000000000002,48.458333333333336,30.491666666666664,146.83333333333334,11120.625,-0.17083333333333903,4.7124999999999995,83.33333333333333
2023-10-06 00:00:00+05:00,28.96666666666667,19.558333333333334,73.16666666666667,1006.7791666666667,741.875,23.541666666666668,0.0,48.666666666666664,247.95833333333334,30.866666666666664,187.875,73.5625,26.858333333333334,194.95833333333334,8.450000000000001,4.429166666666666,70.04166666666667,80.33333333333333,0.41875,81.375,6.0,10.0,4.0,4.0,81.08333333333333,75.25,0.2916666666666667,80.38194444444444,77.859375,74.30960648148148,0.6147736401149588,1.9811806686365072,3.3511313876494437,78.21758790639358,2.6931822445621365,29.070833333333336,19.820833333333333,77.125,1008.975,644.375,24.5625,0.0375,47.416666666666664,31.129166666666666,176.58333333333334,15385.083333333334,-0.09583333333333144,5.425,81.95833333333333
2023-10-07 00:00:00+05:00,28.84583333333333,19.445833333333333,74.41666666666667,1007.4166666666666,740.2083333333334,23.77916666666667,0.012500000000000002,48.458333333333336,247.04166666666666,30.491666666666664,146.83333333333334,67.60000000000001,25.02916666666667,194.83333333333334,9.141666666666667,4.1625,65.375,72.04166666666667,0.4816666666666667,83.33333333333333,7.0,10.0,5.0,4.0,83.45833333333333,81.375,-0.125,83.61805555555556,83.02777777777779,78.20254629629629,0.29524385009323,0.9426101087018325,4.139086830794523,82.64500095867551,2.2345574621075617,28.974999999999998,22.166666666666668,77.66666666666667,1009.9291666666667,673.3333333333334,24.491666666666664,0.0,36.333333333333336,34.55833333333333,201.875,14986.020833333334,0.25,5.066666666666667,86.58333333333333
2023-10-08 00:00:00+05:00,29.070833333333336,19.820833333333333,77.125,1008.975,644.375,24.5625,0.0375,47.416666666666664,253.54166666666666,31.129166666666666,176.58333333333334,110.63333333333334,28.958333333333332,187.08333333333334,9.445833333333333,4.258333333333334,61.75,179.58333333333334,0.5770833333333333,81.95833333333333,8.0,10.0,6.0,4.0,81.70833333333333,83.33333333333333,0.25,81.18055555555556,81.65104166666667,80.84606481481482,0.8342374746299747,1.8333576468122583,2.938207465648691,81.52397179548818,2.041844042298832,28.77916666666667,20.404166666666665,77.33333333333333,1009.6041666666666,621.4583333333334,24.229166666666668,0.0,41.791666666666664,32.2875,189.20833333333334,13470.145833333334,0.15416666666666856,4.508333333333334,78.45833333333333
2023-10-09 00:00:00+05:00,28.974999999999998,22.166666666666668,77.66666666666667,1009.9291666666667,673.3333333333334,24.491666666666664,0.0,36.333333333333336,257.3333333333333,34.55833333333333,201.875,99.89583333333333,26.40416666666667,172.58333333333334,8.054166666666667,3.8208333333333333,62.75,161.91666666666666,0.39625,86.58333333333333,9.0,10.0,0.0,4.0,86.75,81.95833333333333,-0.16666666666666666,87.04166666666667,85.41493055555556,83.36458333333333,0.49523840281952736,2.3677513626893094,2.6673369024619755,85.59331395080163,2.7992714130631735,28.708333333333332,14.483333333333334,78.875,1010.5708333333333,511.25,24.4375,0.0,21.25,23.945833333333336,220.79166666666666,15451.020833333334,-0.037499999999999055,4.483333333333333,70.83333333333333
2023-10-10 00:00:00+05:00,28.77916666666667,20.404166666666665,77.33333333333333,1009.6041666666666,621.4583333333334,24.229166666666668,0.0,41.791666666666664,260.7916666666667,32.2875,189.20833333333334,83.30416666666666,21.95,185.875,9.383333333333333,4.129166666666666,59.708333333333336,134.375,0.3429166666666667,78.45833333333333,10.0,10.0,1.0,4.0,78.79166666666667,86.58333333333333,-0.3333333333333333,79.65972222222221,82.9375,83.33449074074075,0.7260085765640226,2.570906349594632,3.288703990226838,82.12956833925934,3.007692536514043,28.441666666666666,14.029166666666667,77.70833333333333,1011.2416666666667,621.25,23.958333333333332,0.0,20.791666666666668,23.441666666666666,221.45833333333334,13427.833333333334,0.06666666666666761,4.550000000000001,66.58333333333333
2023-10-11 00:00:00+05:00,28.708333333333332,14.483333333333334,78.875,1010.5708333333333,511.25,24.4375,0.0,21.25,260.3333333333333,23.945833333333336,220.79166666666666,55.4375,17.591666666666665,225.25,13.145833333333334,5.883333333333333,56.208333333333336,75.83333333333333,0.3466666666666667,70.83333333333333,11.0,10.0,2.0,4.0,71.16666666666667,78.45833333333333,-0.3333333333333333,71.99305555555556,74.734375,81.02893518518518,0.6913647991305184,2.2171058701410207,5.473067695124064,74.73641675649397,3.695252771184922,28.28333333333333,14.174999999999999,74.91666666666667,1012.0041666666666,636.6666666666666,23.15833333333333,0.0,6.291666666666667,23.566666666666666,229.16666666666666,8103.291666666667,0.029166666666659086,4.270833333333333,70.29166666666667
2023-10-12 00:00:00+05:00,28.441666666666666,14.029166666666667,77.70833333333333,1011.2416666666667,621.25,23.958333333333332,0.0,20.791666666666668,248.375,23.441666666666666,221.45833333333334,58.85833333333333,18.837500000000002,221.29166666666666,12.7875,6.041666666666667,55.583333333333336,79.54166666666667,0.26625,66.58333333333333,12.0,10.0,3.0,4.0,66.54166666666667,70.83333333333333,0.041666666666666664,66.52777777777779,68.01041666666667,75.22743055555556,0.46942729334238037,1.650529380545234,6.527545307961046,68.33560762358499,3.244466823091782,28.233333333333334,16.537499999999998,72.625,1011.4,751.875,22.65833333333333,0.0,13.333333333333334,26.704166666666666,225.125,9559.333333333334,0.17083333333333903,4.483333333333334,70.91666666666667
2023-10-13 00:00:00+05:00,28.28333333333333,14.174999999999999,74.91666666666667,1012.0041666666666,636.6666666666666,23.15833333333333,0.0,6.291666666666667,249.58333333333334,23.566666666666666,229.16666666666666,61.62916666666666,19.8125,219.875,13.0,5.9125000000000005,56.208333333333336,83.20833333333333,0.22624999999999998,70.29166666666667,13.0,10.0,4.0,4.0,70.20833333333333,66.58333333333333,0.08333333333333333,69.95833333333333,68.43229166666667,70.3923611111111,0.43220557284365224,1.366850848323291,3.76395974086609,68.96563047898023,1.888776955220299,28.962500000000002,20.370833333333334,71.45833333333333,1009.6,744.1666666666666,23.15833333333333,0.012500000000000002,40.833333333333336,32.2125,179.0,9496.791666666666,0.020833333333333332,5.125,78.04166666666667
2023-10-14 00:00:00+05:00,28.233333333333334,16.537499999999998,72.625,1011.4,751.875,22.65833333333333,0.0,13.333333333333334,255.54166666666666,26.704166666666666,225.125,58.85833333333334,20.954166666666666,196.54166666666666,11.529166666666667,4.870833333333334,55.166666666666664,71.25,0.26875,70.91666666666667,14.0,10.0,5.0,4.0,70.83333333333333,70.29166666666667,0.08333333333333333,70.64583333333333,70.5,68.98090277777779,0.16122430520525174,0.5361230627985306,2.011946309859009,70.343598014856,1.0178681030659027,27.96666666666667,21.375,75.125,1009.5583333333334,686.875,23.016666666666666,0.049999999999999996,35.208333333333336,34.362500000000004,197.04166666666666,13160.270833333334,-0.11250000000000189,5.575,88.875
2023-10-15 00:00:00+05:00,28.962500000000002,20.370833333333334,71.45833333333333,1009.6,744.1666666666666,23.15833333333333,0.012500000000000002,40.833333333333336,254.83333333333334,32.2125,179.0,102.72500000000001,29.349999999999998,181.625,10.0375,4.083333333333333,54.0,162.54166666666666,0.5704166666666667,78.04166666666667,15.0,10.0,6.0,4.0,77.375,70.91666666666667,0.6666666666666666,75.93055555555556,73.07638888888889,70.66956018518518,1.0829257962747523,1.9888812959951128,2.519413948139667,73.61570134853584,2.425076180243327,27.995833333333334,15.345833333333333,75.83333333333333,1011.225,633.125,23.179166666666664,0.0375,18.166666666666668,25.458333333333332,196.29166666666666,15617.625,-0.20833333333333334,5.804166666666667,75.25
2023-10-16 00:00:00+05:00,27.96666666666667,21.375,75.125,1009.5583333333334,686.875,23.016666666666666,0.049999999999999996,35.208333333333336,260.2916666666667,34.362500000000004,197.04166666666666,71.15833333333333,25.625,181.20833333333334,9.633333333333333,3.85,58.25,84.04166666666667,0.7033333333333333,88.875,16.0,10.0,0.0,4.0,89.125,78.04166666666667,-0.25,89.30555555555556,85.4079861111111,76.328125,1.3295032045263186,4.827499584412518,7.359282211614567,85.43133295453539,6.447851783186235,28.641666666666666,12.174999999999999,67.04166666666667,1014.1666666666666,657.9166666666666,20.841666666666665,0.0,5.041666666666667,21.787499999999998,220.45833333333334,15091.583333333334,0.07500000000000284,4.95,82.33333333333333
2023-10-17 00:00:00+05:00,27.995833333333334,15.345833333333333,75.83333333333333,1011.225,633.125,23.179166666666664,0.0375,18.166666666666668,271.0,25.458333333333332,196.29166666666666,60.791666666666664,21.379166666666666,213.66666666666666,12.179166666666667,4.691666666666666,60.125,74.41666666666667,0.4504166666666667,75.25,17.0,10.0,1.0,4.0,75.625,88.875,-0.375,76.74305555555556,82.21701388888889,80.23379629629629,1.0165491846159396,4.634251811207894,7.569776193600391,80.63146830832463,5.4922045580616095,27.825,12.299999999999999,69.08333333333333,1013.6541666666667,521.25,21.208333333333332,0.0,1.25,21.462500000000002,221.875,10821.354166666666,0.3333333333333333,4.816666666666667,115.29166666666667
2023-10-18 00:00:00+05:00,28.641666666666666,12.174999999999999,67.04166666666667,1014.1666666666666,657.9166666666666,20.841666666666665,0.0,5.041666666666667,149.33333333333334,21.787499999999998,220.45833333333334,68.08333333333333,33.59166666666667,511.8333333333333,32.61666666666667,12.520833333333334,65.54166666666667,50.5,0.45875,82.33333333333333,18.0,10.0,2.0,4.0,81.45833333333333,75.25,0.875,79.70833333333333,76.31770833333333,81.31423611111111,1.3322508641514699,3.1140870194091668,6.824517249968033,77.94940235991193,4.499364665168595,28.2,12.225,78.04166666666667,1013.1291666666666,456.875,23.758333333333336,0.0,8.75,20.879166666666666,215.41666666666666,8345.354166666666,0.19166666666666762,7.8,100.75
2023-10-19 00:00:00+05:00,27.825,12.299999999999999,69.08333333333333,1013.6541666666667,521.25,21.208333333333332,0.0,1.25,285.5,21.462500000000002,221.875,89.58749999999999,43.59166666666667,661.375,40.05416666666667,12.133333333333333,76.70833333333333,64.0,0.38916666666666666,115.29166666666667,19.0,10.0,3.0,4.0,114.125,82.33333333333333,1.1666666666666667,110.625,97.4861111111111,85.34027777777777,2.7423758061501307,10.303635348211499,12.18396837205644,99.51660161236595,12.672501275403144,28.52916666666667,11.15,75.125,1013.2791666666667,370.2083333333333,22.650000000000002,0.0,15.5,19.3625,217.125,7567.5,-0.09999999999999905,6.616666666666667,84.45833333333333
2023-10-20 00:00:00+05:00,28.2,12.225,78.04166666666667,1013.1291666666666,456.875,23.758333333333336,0.0,8.75,270.1666666666667,20.879166666666666,215.41666666666666,60.49583333333334,27.920833333333334,331.625,18.925,7.358333333333333,66.58333333333333,49.291666666666664,0.33958333333333335,100.75,20.0,10.0,4.0,4.0,102.20833333333333,115.29166666666667,-1.4583333333333333,105.77777777777777,113.48090277777777,95.76157407407408,2.675216411144562,8.397900568155562,18.31512178034266,109.24618989984906,11.380795569793797,27.866666666666664,12.795833333333334,80.375,1013.7583333333333,359.7916666666667,23.724999999999998,0.0,27.458333333333332,22.316666666666666,212.04166666666666,5980.708333333333,0.012499999999998105,4.441666666666667,87.5
2023-10-21 00:00:00+05:00,28.52916666666667,11.15,75.125,1013.2791666666667,370.2083333333333,22.650000000000002,0.0,15.5,288.875,19.3625,217.125,65.25416666666666,28.95,429.3333333333333,28.087500000000002,10.4125,61.583333333333336,58.5,0.27999999999999997,84.45833333333333,21.0,10.0,5.0,4.0,84.45833333333333,100.75,0.0,84.78472222222221,89.87152777777777,100.2795138888889,1.0418469412899027,5.47050706272773,14.857931498659914,90.3983398611362,9.820103540648445,28.0,10.637500000000001,78.70833333333333,1013.0916666666667,321.6666666666667,23.329166666666666,0.0,19.0,19.125,214.16666666666666,4665.479166666667,0.037499999999999055,5.879166666666666,87.70833333333333
2023-10-22 00:00:00+05:00,27.866666666666664,12.795833333333334,80.375,1013.7583333333333,359.7916666666667,23.724999999999998,0.0,27.458333333333332,286.25,22.316666666666666,212.04166666666666,73.13333333333334,27.883333333333336,397.75,27.0125,7.5249999999999995,50.0,82.875,0.26666666666666666,87.5,22.0,10.0,6.0,4.0,87.54166666666667,84.45833333333333,-0.041666666666666664,87.52083333333333,86.39583333333333,96.58275462962963,0.546201873283152,1.6644252267740711,13.850417788134195,87.39241511118705,4.231558639294889,28.03333333333333,11.2875,76.625,1012.1333333333333,320.8333333333333,22.8,0.0,38.0,20.1875,214.875,5355.145833333333,0.012500000000002842,4.141666666666667,93.20833333333333
2023-10-23 00:00:00+05:00,28.0,10.637500000000001,78.70833333333333,1013.0916666666667,321.6666666666667,23.329166666666666,0.0,19.0,296.9166666666667,19.125,214.16666666666666,65.45416666666667,30.420833333333334,445.4166666666667,28.84583333333333,10.158333333333333,62.75,54.541666666666664,0.33041666666666664,87.70833333333333,23.0,10.0,0.0,4.0,87.54166666666667,87.5,0.16666666666666666,87.03472222222223,86.80729166666667,87.69155092592592,1.2008697734786307,1.2039512452402925,4.294271575867446,86.88497146349255,2.2830694976970918,28.5625,13.154166666666667,76.04166666666667,1013.6458333333334,330.8333333333333,22.962500000000002,0.0,19.625,22.537499999999998,210.66666666666666,4073.5,-0.15833333333333144,4.670833333333333,90.875
2023-10-24 00:00:00+05:00,28.03333333333333,11.2875,76.625,1012.1333333333333,320.8333333333333,22.8,0.0,38.0,284.5833333333333,20.1875,214.875,64.94166666666666,31.766666666666666,412.4166666666667,26.40833333333333,9.75,61.875,48.291666666666664,0.3075,93.20833333333333,24.0,10.0,1.0,4.0,93.08333333333333,87.70833333333333,0.125,92.83333333333333,90.58854166666667,87.93055555555556,0.9453570395037793,3.0929393079612755,3.052309611100254,90.92485297067707,3.23864677159046,28.2,13.508333333333333,74.45833333333333,1013.6374999999999,343.9583333333333,22.083333333333332,0.0,20.625,22.858333333333334,215.91666666666666,4194.604166666667,-0.01250000000000758,5.233333333333333,86.625
2023-10-25 00:00:00+05:00,28.5625,13.154166666666667,76.04166666666667,1013.6458333333334,330.8333333333333,22.962500000000002,0.0,19.625,274.0833333333333,22.537499999999998,210.66666666666666,61.225,29.037499999999998,437.7083333333333,25.704166666666666,7.654166666666666,57.666666666666664,47.0,0.27458333333333335,90.875,25.0,10.0,2.0,4.0,91.08333333333333,93.20833333333333,-0.20833333333333334,91.60416666666667,92.88020833333333,90.0920138888889,0.4707324924200545,1.2885782219445436,3.5051137449278613,92.2345958868657,1.9328100465375755,28.191666666666666,14.758333333333333,77.41666666666667,1011.5291666666667,417.9166666666667,23.508333333333336,0.0,90.66666666666667,23.71666666666667,177.70833333333334,5031.479166666667,0.19583333333333522,5.6000000000000005,87.79166666666667
2023-10-26 00:00:00+05:00,28.2,13.508333333333333,74.45833333333333,1013.6374999999999,343.9583333333333,22.083333333333332,0.0,20.625,283.2916666666667,22.858333333333334,215.91666666666666,58.5625,28.3,407.2083333333333,25.27916666666667,7.45,57.625,42.416666666666664,0.25875,86.625,26.0,10.0,3.0,4.0,86.70833333333333,90.875,-0.08333333333333333,86.9861111111111,88.49652777777777,90.6550925925926,0.46219522276343245,1.4047302597839435,3.103523384322432,88.41718548589522,2.0766836109653837,28.504166666666666,11.479166666666666,73.83333333333333,1011.3583333333332,425.625,22.65416666666667,0.024999999999999998,37.625,20.295833333333334,161.79166666666666,5411.020833333333,-0.11666666666666477,6.116666666666667,91.125
2023-10-27 00:00:00+05:00,28.191666666666666,14.758333333333333,77.41666666666667,1011.5291666666667,417.9166666666667,23.508333333333336,0.0,90.66666666666667,267.625,23.71666666666667,177.70833333333334,59.333333333333336,30.84583333333333,324.0416666666667,19.545833333333334,5.966666666666666,63.791666666666664,27.458333333333332,0.33625,87.79166666666667,27.0,10.0,4.0,4.0,87.58333333333333,86.625,0.20833333333333334,87.13194444444444,86.578125,89.31828703703702,0.3771334289453321,0.7436805251126616,2.989072070511602,86.98008887994376,1.3681996280656945,27.625,9.308333333333334,74.875,1012.1875,335.625,21.65416666666667,0.0,16.541666666666668,16.391666666666666,195.0,6786.979166666667,-0.24583333333333238,4.683333333333334,91.54166666666667
2023-10-28 00:00:00+05:00,28.504166666666666,11.479166666666666,73.83333333333333,1011.3583333333332,425.625,22.65416666666667,0.024999999999999998,37.625,252.625,20.295833333333334,161.79166666666666,63.74583333333334,29.775000000000002,339.0416666666667,21.96666666666667,8.975,69.125,44.25,0.37916666666666665,91.125,28.0,10.0,5.0,4.0,91.20833333333333,87.79166666666667,-0.08333333333333333,91.30555555555556,90.16145833333333,88.41203703703702,0.5530460092169661,1.616480738116401,2.2571889334306126,90.2188790097701,2.0002787807780344,28.400000000000002,11.6625,64.08333333333333,1012.275,714.7916666666666,18.6375,0.0,16.333333333333332,20.04583333333333,202.33333333333334,5057.4375,0.14583333333333334,5.849999999999999,87.33333333333333
2023-10-29 00:00:00+05:00,27.625,9.308333333333334,74.875,1012.1875,335.625,21.65416666666667,0.0,16.541666666666668,295.2083333333333,16.391666666666666,195.0,58.82083333333333,28.270833333333332,439.5416666666667,30.608333333333334,11.458333333333334,70.5,44.208333333333336,0.32958333333333334,91.54166666666667,29.0,10.0,6.0,4.0,91.625,91.125,-0.08333333333333333,91.16666666666667,90.5017361111111,89.08043981481482,1.940201248495072,1.8905741826290559,2.520831074487426,90.57643140594632,2.236472445193462,29.59583333333333,12.779166666666667,38.5,1012.4499999999999,967.7083333333334,12.108333333333334,0.0,12.875,21.333333333333332,189.33333333333334,3544.7291666666665,0.012499999999993369,5.970833333333334,80.16666666666667
2023-10-30 00:00:00+05:00,28.400000000000002,11.6625,64.08333333333333,1012.275,714.7916666666666,18.6375,0.0,16.333333333333332,296.2083333333333,20.04583333333333,202.33333333333334,44.61666666666667,23.329166666666666,393.75,24.683333333333334,9.166666666666666,81.45833333333333,21.958333333333332,0.3183333333333333,87.33333333333333,30.0,10.0,0.0,4.0,87.75,91.54166666666667,-0.4166666666666667,86.8125,88.4357638888889,89.69965277777777,6.884640466217565,8.649121671848794,5.4276904322674,87.95959554826551,8.917627025557984,29.962500000000002,10.308333333333334,30.458333333333332,1013.0916666666667,766.875,10.108333333333333,0.0,12.083333333333334,17.683333333333334,184.41666666666666,8334.979166666666,0.04583333333333428,9.7625,88.5
2023-10-31 00:00:00+05:00,29.59583333333333,12.779166666666667,38.5,1012.4499999999999,967.7083333333334,12.108333333333334,0.0,12.875,206.91666666666666,21.333333333333332,189.33333333333334,47.15416666666667,26.108333333333334,460.75,30.712500000000002,12.479166666666666,82.70833333333333,15.041666666666666,0.32208333333333333,80.16666666666667,31.0,10.0,1.0,4.0,80.0,87.33333333333333,0.16666666666666666,81.95833333333333,84.61458333333333,87.85069444444444,5.579347658688587,15.261665801627695,10.79174736474159,84.23661186963312,13.690174095871422,29.375,12.241666666666667,36.416666666666664,1012.75,580.0,12.029166666666667,0.0,1.8333333333333333,20.866666666666667,204.45833333333334,12525.020833333334,0.016666666666670455,17.4875,117.54166666666667
2023-11-01 00:00:00+05:00,29.962500000000002,10.308333333333334,30.458333333333332,1013.0916666666667,766.875,10.108333333333333,0.0,12.083333333333334,148.375,17.683333333333334,184.41666666666666,57.13333333333333,32.72083333333333,565.2083333333334,35.333333333333336,13.4,84.0,11.125,0.41875,88.5,1.0,11.0,2.0,4.0,88.0,80.16666666666667,0.5,86.8263888888889,83.74479166666667,85.59837962962963,3.1567049516100547,6.045571948946066,11.300498026096932,84.9122772953143,7.5154394298528295,28.933333333333334,15.487499999999999,58.375,1010.7624999999999,437.0833333333333,18.679166666666667,0.0,22.041666666666668,25.2625,206.33333333333334,11596.0,0.041666666666666664,19.854166666666668,106.75
2023-11-02 00:00:00+05:00,29.375,12.241666666666667,36.416666666666664,1012.75,580.0,12.029166666666667,0.0,1.8333333333333333,132.66666666666666,20.866666666666667,204.45833333333334,71.03333333333333,40.74166666666667,609.125,30.40833333333333,15.354166666666666,101.54166666666667,10.625,0.42874999999999996,117.54166666666667,2.0,11.0,3.0,4.0,116.625,88.5,0.9166666666666666,112.21527777777777,99.98784722222223,89.44907407407408,6.473999730598346,10.380798510462462,14.112384496476237,102.10553740337002,12.425560402513446,28.054166666666664,12.325000000000001,75.70833333333333,1010.3249999999999,431.0416666666667,23.079166666666666,0.0,33.666666666666664,20.345833333333335,199.875,7835.104166666667,-0.1875,17.345833333333335,101.75
2023-11-03 00:00:00+05:00,28.933333333333334,15.487499999999999,58.375,1010.7624999999999,437.0833333333333,18.679166666666667,0.0,22.041666666666668,282.1666666666667,25.2625,206.33333333333334,67.06666666666666,36.44583333333333,427.1666666666667,23.354166666666668,7.104166666666667,86.33333333333333,16.166666666666668,0.3925,106.75,3.0,11.0,4.0,4.0,107.25,117.54166666666667,-0.5,110.6875,116.59375,100.1087962962963,3.6912922918232156,14.652779104672097,18.26829294961499,112.92568506489015,14.796145718496104,28.075,10.762500000000001,71.75,1011.9583333333334,424.375,20.849999999999998,0.0,19.791666666666668,18.466666666666665,189.54166666666666,8323.541666666666,-0.19166666666666762,10.254166666666666,104.25
2023-11-04 00:00:00+05:00,28.054166666666664,12.325000000000001,75.70833333333333,1010.3249999999999,431.0416666666667,23.079166666666666,0.0,33.666666666666664,256.8333333333333,20.345833333333335,199.875,68.39999999999999,38.425000000000004,415.625,23.354166666666668,6.791666666666667,76.83333333333333,12.416666666666666,0.38958333333333334,101.75,4.0,11.0,5.0,4.0,101.58333333333333,106.75,0.16666666666666666,101.4861111111111,103.3142361111111,106.63194444444444,1.0034123407139321,2.5688080728391727,14.065331927420381,103.88353648423113,6.97075940618964,28.3125,11.170833333333334,58.291666666666664,1012.6374999999999,669.5833333333334,17.208333333333332,0.0,6.625,18.7625,191.29166666666666,6741.125,0.14583333333333806,4.9750000000000005,95.70833333333333
2023-11-05 00:00:00+05:00,28.075,10.762500000000001,71.75,1011.9583333333334,424.375,20.849999999999998,0.0,19.791666666666668,260.9166666666667,18.466666666666665,189.54166666666666,60.19583333333333,33.0625,500.25,28.52916666666667,8.120833333333334,74.66666666666667,20.75,0.37875,104.25,5.0,11.0,6.0,4.0,104.70833333333333,101.75,-0.4583333333333333,105.47916666666667,104.5954861111111,108.16782407407408,1.0311341594920524,2.8606158406136686,10.697603853877938,104.97957397347119,3.811574967809118,28.28333333333333,11.512500000000001,44.0,1012.6708333333332,669.375,13.983333333333334,0.0,15.916666666666666,19.675,186.66666666666666,4296.854166666667,0.16249999999999432,7.224999999999999,118.16666666666667
2023-11-06 00:00:00+05:00,28.3125,11.170833333333334,58.291666666666664,1012.6374999999999,669.5833333333334,17.208333333333332,0.0,6.625,242.41666666666666,18.7625,191.29166666666666,71.37916666666666,37.9125,505.375,23.895833333333332,12.433333333333332,91.29166666666667,23.708333333333332,0.4825,95.70833333333333,6.0,11.0,0.0,4.0,95.375,104.25,0.3333333333333333,94.5625,97.77777777777777,101.89583333333333,2.7637750912367554,5.194420912751109,5.135205160635627,97.35938102435354,6.050419120924707,27.566666666666666,9.241666666666667,49.375,1012.4791666666666,562.0833333333334,15.404166666666667,0.0,58.0,16.120833333333334,182.5,8723.229166666666,0.0500000000000019,11.104166666666666,152.83333333333334
2023-11-07 00:00:00+05:00,28.28333333333333,11.512500000000001,44.0,1012.6708333333332,669.375,13.983333333333334,0.0,15.916666666666666,173.95833333333334,19.675,186.66666666666666,86.45,49.975,780.0833333333334,41.916666666666664,16.608333333333334,76.16666666666667,13.583333333333334,0.6720833333333333,118.16666666666667,7.0,11.0,1.0,4.0,117.0,95.70833333333333,1.1666666666666667,114.96527777777777,106.13368055555556,102.83564814814815,2.477589803402691,8.113547283051712,7.9831122641699865,108.17466405848012,8.929152491455437,27.545833333333334,10.541666666666666,61.916666666666664,1012.5625,564.375,18.404166666666665,0.0,14.5,17.9,187.79166666666666,9466.791666666666,-0.07083333333333523,14.299999999999999,151.91666666666666
2023-11-08 00:00:00+05:00,27.566666666666666,9.241666666666667,49.375,1012.4791666666666,562.0833333333334,15.404166666666667,0.0,58.0,134.66666666666666,16.120833333333334,182.5,104.60833333333333,61.1625,885.2916666666666,44.69583333333333,18.900000000000002,65.04166666666667,11.833333333333334,0.69875,152.83333333333334,8.0,11.0,2.0,4.0,151.875,118.16666666666667,0.9583333333333334,148.6875,135.15104166666666,113.02083333333333,2.6683198262436787,11.471890161346446,18.780263376548188,136.3760774497337,15.508547909874908,27.704166666666666,12.975,51.333333333333336,1013.6833333333334,395.8333333333333,13.399999999999999,0.0,0.0,21.033333333333335,203.58333333333334,5971.625,0.06666666666666761,12.1625,121.16666666666667
2023-11-09 00:00:00+05:00,27.545833333333334,10.541666666666666,61.916666666666664,1012.5625,564.375,18.404166666666665,0.0,14.5,296.5833333333333,17.9,187.79166666666666,98.08749999999999,56.395833333333336,616.0416666666666,26.745833333333334,13.0,101.375,8.208333333333334,0.5541666666666667,151.91666666666666,9.0,11.0,3.0,4.0,152.08333333333334,152.83333333333334,-0.16666666666666666,152.61111111111111,153.86111111111111,131.71527777777777,0.6422667625636683,2.244132661353398,21.807832014881015,151.16608682840553,8.958069966447324,25.974999999999998,11.245833333333332,34.958333333333336,1016.6458333333334,470.625,7.616666666666667,0.0,0.0,18.3875,204.125,6273.166666666667,-0.016666666666670455,9.141666666666667,78.41666666666667
2023-11-10 00:00:00+05:00,27.704166666666666,12.975,51.333333333333336,1013.6833333333334,395.8333333333333,13.399999999999999,0.0,0.0,298.6666666666667,21.033333333333335,203.58333333333334,62.958333333333336,29.037499999999998,495.3333333333333,29.779166666666665,10.029166666666667,68.91666666666667,47.708333333333336,0.2070833333333333,121.16666666666667,10.0,11.0,4.0,4.0,123.75,151.91666666666666,-2.5833333333333335,129.67361111111111,142.88194444444443,143.96469907407408,4.346227056234113,9.379407542980244,14.513012570679201,139.73364758441315,11.649393138753673,25.2375,11.0375,43.5,1016.7791666666667,343.125,11.3125,0.0,63.416666666666664,18.758333333333333,200.20833333333334,5273.895833333333,0.3000000000000019,14.304166666666667,81.83333333333333
2023-11-11 00:00:00+05:00,25.974999999999998,11.245833333333332,34.958333333333336,1016.6458333333334,470.625,7.616666666666667,0.0,0.0,120.70833333333333,18.3875,204.125,34.94583333333333,22.150000000000002,451.2916666666667,24.266666666666666,13.208333333333334,72.0,4.791666666666667,0.12125000000000001,78.41666666666667,11.0,11.0,5.0,4.0,78.95833333333333,121.16666666666667,-0.5416666666666666,80.75694444444444,95.49652777777777,130.74652777777777,1.9207984367006794,13.695743957927197,27.958133348693462,95.67905021478903,21.760557267779443,24.483333333333334,9.9625,56.875,1015.6125000000001,307.9166666666667,13.895833333333334,0.0,88.54166666666667,16.891666666666666,169.08333333333334,6423.104166666667,0.295833333333339,18.358333333333334,97.25
2023-11-12 00:00:00+05:00,25.2375,11.0375,43.5,1016.7791666666667,343.125,11.3125,0.0,63.416666666666664,132.625,18.758333333333333,200.20833333333334,41.108333333333334,26.858333333333334,579.5416666666666,30.554166666666664,22.504166666666666,81.125,3.0833333333333335,0.12291666666666667,81.83333333333333,12.0,11.0,6.0,4.0,81.54166666666667,78.41666666666667,0.2916666666666667,78.86805555555556,76.89930555555556,105.0925925925926,3.8899161672644915,3.581322025720937,30.644035014459135,79.90582756926946,12.449452056542627,25.84583333333333,14.65,42.041666666666664,1015.375,614.7916666666666,9.529166666666667,0.0,29.083333333333332,22.97083333333333,198.45833333333334,3979.0,-0.15000000000000568,13.924999999999999,93.0
2023-11-13 00:00:00+05:00,24.483333333333334,9.9625,56.875,1015.6125000000001,307.9166666666667,13.895833333333334,0.0,88.54166666666667,144.54166666666666,16.891666666666666,169.08333333333334,54.04583333333333,34.1,772.9166666666666,43.80416666666667,20.545833333333334,73.66666666666667,4.416666666666667,0.18083333333333332,97.25,13.0,11.0,0.0,4.0,96.66666666666667,81.83333333333333,0.5833333333333334,96.25694444444444,89.61458333333333,87.33680555555556,5.487135224135716,11.366032310637218,15.076929186246089,90.69054536282418,11.779007907151096,25.729166666666668,17.645833333333332,34.5,1015.6875,682.7083333333334,8.137500000000001,0.0,15.333333333333334,27.329166666666666,195.70833333333334,3354.5416666666665,-0.07916666666666572,10.5875,84.125
2023-11-14 00:00:00+05:00,25.84583333333333,14.65,42.041666666666664,1015.375,614.7916666666666,9.529166666666667,0.0,29.083333333333332,87.70833333333333,22.97083333333333,198.45833333333334,41.987500000000004,27.179166666666664,570.5833333333334,32.09166666666667,16.858333333333334,66.16666666666667,4.166666666666667,0.16,93.0,14.0,11.0,1.0,4.0,93.45833333333333,97.25,-0.4583333333333333,95.35416666666667,98.15104166666667,88.22164351851852,2.059961111407783,7.469294771903999,12.535604589353914,96.41818103536615,8.217577857730717,25.34583333333333,14.179166666666667,33.083333333333336,1015.8291666666668,616.4583333333334,6.791666666666667,0.0,33.541666666666664,22.5,194.70833333333334,10354.479166666666,0.020833333333333332,16.316666666666666,122.33333333333333
2023-11-15 00:00:00+05:00,25.729166666666668,17.645833333333332,34.5,1015.6875,682.7083333333334,8.137500000000001,0.0,15.333333333333334,46.666666666666664,27.329166666666666,195.70833333333334,53.74166666666667,36.40416666666667,451.2916666666667,15.208333333333334,13.858333333333334,102.75,1.5833333333333333,0.2841666666666667,84.125,15.0,11.0,2.0,4.0,83.58333333333333,93.0,0.5416666666666666,82.68055555555556,85.99479166666667,91.25347222222223,3.5699809581790536,6.153490665910911,10.768000414985854,85.92423046060918,8.108495364794576,24.816666666666666,17.3625,32.416666666666664,1015.8375,588.3333333333334,6.5,0.0,78.95833333333333,26.71666666666667,161.95833333333334,12978.833333333334,-0.04583333333332954,17.591666666666665,127.625
2023-11-16 00:00:00+05:00,25.34583333333333,14.179166666666667,33.083333333333336,1015.8291666666668,616.4583333333334,6.791666666666667,0.0,33.541666666666664,72.20833333333333,22.5,194.70833333333334,72.93333333333334,49.020833333333336,529.9583333333334,18.004166666666666,17.154166666666665,103.20833333333333,2.2083333333333335,0.41291666666666665,122.33333333333333,16.0,11.0,3.0,4.0,120.875,84.125,1.4583333333333333,117.0625,101.5625,95.2361111111111,3.220779330549803,12.933376322478205,13.177841244592827,105.01701744629061,14.468001888980972,24.566666666666666,11.795833333333334,31.291666666666668,1014.4625,565.8333333333334,5.6875,0.0,9.208333333333334,19.891666666666666,191.875,9867.395833333334,0.0833333333333286,18.554166666666667,132.79166666666666
2023-11-17 00:00:00+05:00,24.816666666666666,17.3625,32.416666666666664,1015.8375,588.3333333333334,6.5,0.0,78.95833333333333,49.0,26.71666666666667,161.95833333333334,60.6,40.77916666666667,499.0416666666667,18.291666666666668,14.237499999999999,96.625,1.625,0.36333333333333334,127.625,17.0,11.0,4.0,4.0,128.45833333333334,122.33333333333333,-0.8333333333333334,130.3125,129.66319444444443,105.74016203703702,1.639901858708546,5.504095501698977,21.26662460951348,127.00866063487605,11.927920371644722,24.445833333333336,10.950000000000001,35.916666666666664,1014.6791666666667,433.125,7.5,0.0,0.0,18.8,188.875,12310.791666666666,-0.11249999999999716,18.316666666666666,175.5
2023-11-18 00:00:00+05:00,24.566666666666666,11.795833333333334,31.291666666666668,1014.4625,565.8333333333334,5.6875,0.0,9.208333333333334,110.625,19.891666666666666,191.875,114.80416666666667,75.42916666666666,733.5833333333334,29.175,17.75,94.25,4.625,0.695,132.79166666666666,18.0,11.0,5.0,4.0,130.79166666666666,127.625,2.0,126.38194444444444,122.76909722222223,117.9982638888889,3.9409223493529364,10.06317231232093,16.472638876671255,123.89374890028266,11.122293110549684,25.34166666666667,18.3625,35.208333333333336,1015.3416666666667,554.5833333333334,8.170833333333333,0.0,0.9583333333333334,28.02916666666667,188.95833333333334,4466.541666666667,-0.14999999999999622,18.879166666666666,180.08333333333334
2023-11-19 00:00:00+05:00,24.445833333333336,10.950000000000001,35.916666666666664,1014.6791666666667,433.125,7.5,0.0,0.0,86.54166666666667,18.8,188.875,150.23749999999998,97.7375,738.3333333333334,25.016666666666666,17.933333333333334,96.5,6.166666666666667,0.6983333333333334,175.5,19.0,11.0,6.0,4.0,174.75,132.79166666666666,0.75,172.4652777777778,157.24479166666666,136.55902777777777,1.8376938404987249,13.87849496171718,19.37554137777067,158.66446071934152,18.95727726437018,25.962500000000002,18.520833333333332,33.375,1015.0875,603.9583333333334,7.925,0.0,23.125,28.837500000000002,187.54166666666666,4177.166666666667,0.12083333333332764,16.945833333333333,166.66666666666666
2023-11-20 00:00:00+05:00,25.34166666666667,18.3625,35.208333333333336,1015.3416666666667,554.5833333333334,8.170833333333333,0.0,0.9583333333333334,47.541666666666664,28.02916666666667,188.95833333333334,131.475,87.15416666666665,663.75,14.970833333333333,15.220833333333333,120.875,4.125,0.5625,180.08333333333334,20.0,11.0,0.0,4.0,180.375,175.5,-0.2916666666666667,180.86111111111111,179.52256944444446,153.17881944444443,1.042795244282128,2.3921972599069954,26.531798318475694,177.3370442453895,10.66102600716747,24.129166666666666,11.575000000000001,45.083333333333336,1013.8291666666668,353.75,10.6875,0.0,9.625,19.304166666666667,185.45833333333334,11851.0,0.02500000000000095,17.170833333333334,158.91666666666666
2023-11-21 00:00:00+05:00,25.962500000000002,18.520833333333332,33.375,1015.0875,603.9583333333334,7.925,0.0,23.125,59.583333333333336,28.837500000000002,187.54166666666666,110.37083333333334,74.0125,645.7083333333334,14.708333333333334,18.087500000000002,119.95833333333333,2.9583333333333335,0.5304166666666666,166.66666666666666,21.0,11.0,1.0,4.0,167.04166666666666,180.08333333333334,-0.375,168.22222222222223,173.88020833333334,170.2158564814815,0.9889655139644006,4.633444164994867,13.753279367378203,172.3258250332639,6.39588154158839,25.96666666666667,10.520833333333334,66.20833333333333,1010.5875,364.375,18.370833333333334,0.0,0.5833333333333334,18.766666666666666,182.45833333333334,11148.229166666666,-0.029166666666663826,18.037499999999998,150.29166666666666
2023-11-22 00:00:00+05:00,24.129166666666666,11.575000000000001,45.083333333333336,1013.8291666666668,353.75,10.6875,0.0,9.625,146.75,19.304166666666667,185.45833333333334,96.88333333333333,63.800000000000004,685.7916666666666,24.21666666666667,18.520833333333332,105.66666666666667,5.041666666666667,0.4058333333333333,158.91666666666666,22.0,11.0,2.0,4.0,159.25,166.66666666666666,-0.3333333333333333,160.01388888888889,162.796875,172.06655092592595,0.6149027659422571,2.331312429094774,8.082170220225196,163.06945543520303,4.840286711908309,25.604166666666668,12.404166666666667,60.916666666666664,1011.9541666666668,685.0,15.945833333333333,0.0,33.25,20.170833333333334,179.41666666666666,4087.8541666666665,-0.27916666666666856,13.441666666666668,124.0
2023-11-23 00:00:00+05:00,25.96666666666667,10.520833333333334,66.20833333333333,1010.5875,364.375,18.370833333333334,0.0,0.5833333333333334,262.625,18.766666666666666,182.45833333333334,89.44583333333333,46.9375,698.5,31.05,20.679166666666667,107.45833333333333,37.208333333333336,0.4504166666666667,150.29166666666666,23.0,11.0,3.0,4.0,151.33333333333334,158.91666666666666,-1.0416666666666667,152.11111111111111,155.15625,163.94444444444443,3.0579764402120393,3.237411723489826,8.587603878920522,155.13240703778138,5.115432593211961,26.641666666666666,24.379166666666666,37.625,1012.7208333333333,564.7916666666666,10.254166666666666,0.0,75.0,37.7875,163.625,3419.5625,-0.34166666666666384,7.595833333333332,142.70833333333334
2023-11-24 00:00:00+05:00,25.604166666666668,12.404166666666667,60.916666666666664,1011.9541666666668,685.0,15.945833333333333,0.0,33.25,71.08333333333333,20.170833333333334,179.41666666666666,83.16666666666667,46.19583333333333,699.2083333333334,26.21666666666667,19.599999999999998,85.58333333333333,33.708333333333336,0.43333333333333335,124.0,24.0,11.0,4.0,4.0,124.29166666666667,150.29166666666666,-0.2916666666666667,127.2638888888889,137.19965277777777,151.71759259259258,3.4447021698601645,11.107801940022194,12.954231665097725,136.04089522387773,12.797419601867965,22.054166666666664,18.8875,59.458333333333336,1013.725,687.5,13.233333333333334,0.15833333333333333,22.875,30.0625,174.33333333333334,10103.041666666666,0.3958333333333286,9.658333333333333,151.875
2023-11-25 00:00:00+05:00,26.641666666666666,24.379166666666666,37.625,1012.7208333333333,564.7916666666666,10.254166666666666,0.0,75.0,60.458333333333336,37.7875,163.625,84.075,55.9125,588.2083333333334,11.870833333333332,16.791666666666668,112.16666666666667,2.1666666666666665,0.69625,142.70833333333334,25.0,11.0,5.0,4.0,141.625,124.0,1.0833333333333333,138.56944444444443,130.53645833333334,140.96412037037035,2.3719211544036223,7.095430785948843,14.298566443334295,133.95809165309433,9.510888751447668,20.758333333333333,13.295833333333334,65.0,1013.7875,571.6666666666666,13.5375,0.0,3.5833333333333335,20.504166666666666,171.25,14120.833333333334,-0.06666666666666288,16.3875,133.33333333333334
2023-11-26 00:00:00+05:00,22.054166666666664,18.8875,59.458333333333336,1013.725,687.5,13.233333333333334,0.15833333333333333,22.875,83.91666666666667,30.0625,174.33333333333334,85.80833333333334,55.862500000000004,449.75,15.066666666666668,11.554166666666667,99.70833333333333,4.75,0.9249999999999999,151.875,26.0,11.0,6.0,4.0,151.83333333333334,142.70833333333334,0.041666666666666664,151.57638888888889,148.74652777777777,138.8275462962963,0.44824802809041553,2.876375769204989,12.469738972729226,147.8883652404158,7.055325953897647,21.158333333333335,13.741666666666667,58.458333333333336,1014.2583333333333,536.25,11.783333333333333,0.0,3.7916666666666665,20.979166666666668,179.25,14983.770833333334,0.15833333333333144,8.820833333333335,149.79166666666666
2023-11-27 00:00:00+05:00,20.758333333333333,13.295833333333334,65.0,1013.7875,571.6666666666666,13.5375,0.0,3.5833333333333335,77.83333333333333,20.504166666666666,171.25,80.10833333333333,52.92916666666667,596.25,19.841666666666665,16.004166666666666,86.54166666666667,3.75,0.6908333333333333,133.33333333333334,27.0,11.0,0.0,4.0,133.70833333333334,151.875,-0.375,135.32638888888889,143.97743055555557,141.08680555555557,3.1420695444190656,7.99176100581246,11.579241757804724,141.48793318986336,8.975310462858404,20.9875,12.945833333333333,55.666666666666664,1014.525,506.4583333333333,10.5,0.0,7.25,20.1875,179.625,10007.729166666666,0.07083333333333523,7.220833333333332,153.75
2023-11-28 00:00:00+05:00,21.158333333333335,13.741666666666667,58.458333333333336,1014.2583333333333,536.25,11.783333333333333,0.0,3.7916666666666665,35.541666666666664,20.979166666666668,179.25,88.36666666666667,59.40416666666667,677.4166666666666,19.541666666666668,19.233333333333334,101.54166666666667,2.375,0.5816666666666667,149.79166666666666,28.0,11.0,1.0,4.0,149.33333333333334,133.33333333333334,0.4583333333333333,147.76388888888889,139.90625,144.21006944444443,1.3635130258433235,7.520491532485785,9.439563463084648,142.84382161178647,8.402359078236149,21.625,8.983333333333333,60.958333333333336,1014.775,378.125,13.1,0.0,5.375,15.258333333333333,173.91666666666666,8909.875,-0.037499999999999055,9.375,140.91666666666666
2023-11-29 00:00:00+05:00,20.9875,12.945833333333333,55.666666666666664,1014.525,506.4583333333333,10.5,0.0,7.25,24.416666666666668,20.1875,179.625,81.61666666666666,55.0375,676.7083333333334,22.383333333333336,19.5,94.70833333333333,2.1666666666666665,0.45916666666666667,153.75,29.0,11.0,2.0,4.0,153.875,149.79166666666666,-0.125,154.00694444444446,152.61631944444443,145.5,0.9036154597493464,1.881279805386141,10.02195326565618,151.88186829965082,5.110843801467495,22.708333333333332,11.375,52.458333333333336,1015.5916666666667,606.6666666666666,11.1875,0.0,0.0,18.279166666666665,176.25,8384.4375,0.016666666666660983,10.4875,131.875
2023-11-30 00:00:00+05:00,21.625,8.983333333333333,60.958333333333336,1014.775,378.125,13.1,0.0,5.375,151.41666666666666,15.258333333333333,173.91666666666666,81.79583333333333,53.12083333333334,933.0416666666666,41.708333333333336,20.954166666666666,73.20833333333333,8.125,0.5404166666666667,140.91666666666666,30.0,11.0,3.0,4.0,141.20833333333334,153.75,-0.2916666666666667,142.31944444444443,148.01215277777777,146.84490740740742,1.4140378880842988,4.749140574332287,8.468840454843797,146.51106777307817,5.4539507112652394,22.6375,17.204166666666666,49.208333333333336,1015.5791666666668,655.625,10.541666666666666,0.0,0.0,26.474999999999998,176.95833333333334,2905.4583333333335,0.08333333333333807,8.525,102.70833333333333
2023-12-01 00:00:00+05:00,22.708333333333332,11.375,52.458333333333336,1015.5916666666667,606.6666666666666,11.1875,0.0,0.0,38.291666666666664,18.279166666666665,176.25,54.449999999999996,37.016666666666666,708.4166666666666,34.55833333333333,16.766666666666666,72.08333333333333,1.7083333333333333,0.33375,131.875,1.0,12.0,4.0,4.0,133.375,140.91666666666666,-1.5,135.88888888888889,138.94444444444443,146.52430555555554,2.439742321140787,4.536738326896844,7.33454000296241,139.05202085793465,5.8257893961743115,22.5,17.525000000000002,49.708333333333336,1016.0416666666666,646.4583333333334,10.375,0.0,0.0,26.90833333333333,176.875,7023.166666666667,0.11666666666666477,11.520833333333334,117.625
2023-12-02 00:00:00+05:00,22.6375,17.204166666666666,49.208333333333336,1015.5791666666668,655.625,10.541666666666666,0.0,0.0,45.583333333333336,26.474999999999998,176.95833333333334,60.6875,40.53333333333333,492.3333333333333,13.4375,13.695833333333333,87.375,1.625,0.31875000000000003,102.70833333333333,2.0,12.0,5.0,4.0,102.54166666666667,131.875,0.16666666666666666,103.29166666666667,113.6857638888889,133.5474537037037,2.6532030662364874,11.48805871362216,16.858667919154104,112.99252204851973,14.729249223654556,22.041666666666668,11.391666666666666,50.833333333333336,1015.5916666666667,570.8333333333334,10.158333333333333,0.0,0.0,18.650000000000002,176.125,13226.104166666666,-0.07083333333333523,12.095833333333333,104.75
2023-12-03 00:00:00+05:00,22.5,17.525000000000002,49.708333333333336,1016.0416666666666,646.4583333333334,10.375,0.0,0.0,40.375,26.90833333333333,176.875,58.12083333333333,39.05833333333333,537.2916666666666,14.725,16.308333333333334,90.33333333333333,2.0,0.2504166666666667,117.625,3.0,12.0,6.0,4.0,117.66666666666667,102.70833333333333,-0.041666666666666664,117.29166666666667,111.55729166666667,121.39583333333333,2.1215430558328525,6.281248441454667,16.173944109777263,114.02399000016705,8.561933948203981,21.733333333333334,13.325000000000001,46.708333333333336,1014.85,560.0,8.645833333333334,0.0,0.0,21.183333333333334,177.125,12405.416666666666,0.08333333333333807,12.125,98.45833333333333
2023-12-04 00:00:00+05:00,22.041666666666668,11.391666666666666,50.833333333333336,1015.5916666666667,570.8333333333334,10.158333333333333,0.0,0.0,86.79166666666667,18.650000000000002,176.125,59.025,38.875,534.6666666666666,17.9375,18.316666666666666,86.5,3.8333333333333335,0.2520833333333333,104.75,4.0,12.0,0.0,4.0,104.83333333333333,117.625,-0.08333333333333333,105.33333333333333,110.73090277777777,111.99131944444444,1.5077742573318522,5.358644726826923,10.266907731847905,109.1179826063565,6.40355136157153,21.554166666666664,16.241666666666667,42.541666666666664,1015.1541666666667,507.9166666666667,7.058333333333334,0.0,0.0,24.9375,177.79166666666666,5954.333333333333,-0.02916666666666856,11.883333333333333,85.75
2023-12-05 00:00:00+05:00,21.733333333333334,13.325000000000001,46.708333333333336,1014.85,560.0,8.645833333333334,0.0,0.0,72.16666666666667,21.183333333333334,177.125,45.8375,29.666666666666668,515.625,19.483333333333334,15.887500000000001,82.08333333333333,3.7916666666666665,0.18375,98.45833333333333,5.0,12.0,1.0,4.0,99.20833333333333,104.75,-0.75,100.91666666666667,103.671875,108.65335648148148,1.3892861970671635,4.007879264862191,7.626869720682947,103.60307188924077,5.028550841255499,21.616666666666664,15.558333333333332,40.291666666666664,1015.3666666666667,517.0833333333334,6.708333333333333,0.0,0.0,24.145833333333332,177.54166666666666,9156.375,-0.07499999999999811,13.0875,81.0
2023-12-06 00:00:00+05:00,21.554166666666664,16.241666666666667,42.541666666666664,1015.1541666666667,507.9166666666667,7.058333333333334,0.0,0.0,46.291666666666664,24.9375,177.79166666666666,38.391666666666666,25.491666666666664,469.9583333333333,16.691666666666666,13.370833333333332,85.0,1.4166666666666667,0.16666666666666666,85.75,6.0,12.0,2.0,4.0,86.08333333333333,98.45833333333333,-0.3333333333333333,86.9861111111111,91.1388888888889,101.84722222222223,0.8589394846843518,3.8146100760996187,9.480050555829125,91.21741400503272,6.223587475453279,20.854166666666668,10.029166666666667,53.666666666666664,1014.6458333333334,309.7916666666667,10.354166666666666,0.0,0.0,17.212500000000002,176.70833333333334,10209.75,0.0500000000000019,14.495833333333332,92.29166666666667
2023-12-07 00:00:00+05:00,21.616666666666664,15.558333333333332,40.291666666666664,1015.3666666666667,517.0833333333334,6.708333333333333,0.0,0.0,44.333333333333336,24.145833333333332,177.54166666666666,41.1,27.991666666666664,492.875,17.791666666666668,14.5625,90.16666666666667,1.0,0.19583333333333333,81.0,7.0,12.0,3.0,4.0,80.875,85.75,0.125,80.77777777777779,82.55208333333333,92.4542824074074,0.6616156126865492,2.1271308157434707,9.516976343288546,83.01001999492767,4.422343372372299,22.245833333333334,8.295833333333333,72.25,1014.8958333333334,257.5,16.204166666666666,0.0,13.958333333333334,14.35,171.875,9394.625,-0.07500000000000284,14.908333333333333,80.125
2023-12-08 00:00:00+05:00,20.854166666666668,10.029166666666667,53.666666666666664,1014.6458333333334,309.7916666666667,10.354166666666666,0.0,0.0,149.625,17.212500000000002,176.70833333333334,42.175000000000004,28.270833333333332,600.2083333333334,27.4875,20.295833333333334,86.58333333333333,1.5,0.15666666666666668,92.29166666666667,8.0,12.0,4.0,4.0,92.20833333333333,81.0,0.08333333333333333,89.88194444444444,85.14756944444444,86.2795138888889,3.7739278315739884,4.166766870299952,5.873152893323243,86.40755421684845,5.143267269798047,20.9125,9.029166666666667,62.25,1014.4250000000001,284.5833333333333,12.666666666666666,0.0,0.8333333333333334,15.445833333333333,173.75,2989.6875,-0.09583333333333617,10.5,96.66666666666667
2023-12-09 00:00:00+05:00,22.245833333333334,8.295833333333333,72.25,1014.8958333333334,257.5,16.204166666666666,0.0,13.958333333333334,172.04166666666666,14.35,171.875,54.199999999999996,22.229166666666668,520.2083333333334,34.704166666666666,12.833333333333334,63.833333333333336,52.916666666666664,0.125,80.125,9.0,12.0,5.0,4.0,80.625,92.29166666666667,-0.5,83.76388888888889,89.08680555555556,85.5954861111111,3.229047958230428,11.27336225699864,8.348470429856821,87.07279734940619,10.38188022286324,21.141666666666666,10.200000000000001,77.875,1013.25,282.9166666666667,16.741666666666667,0.0,17.875,16.895833333333332,170.125,2850.25,0.03333333333333618,6.041666666666667,94.16666666666667
2023-12-10 00:00:00+05:00,20.9125,9.029166666666667,62.25,1014.4250000000001,284.5833333333333,12.666666666666666,0.0,0.8333333333333334,145.79166666666666,15.445833333333333,173.75,70.74583333333334,39.93333333333333,777.5833333333334,40.21666666666667,32.020833333333336,79.79166666666667,23.791666666666668,0.26,96.66666666666667,10.0,12.0,6.0,4.0,95.16666666666667,80.125,1.5,90.1388888888889,82.45486111111111,85.5630787037037,4.929016828479418,7.065981274737854,9.809020258932078,85.36007843174123,9.542243464302382,21.566666666666666,7.541666666666667,70.20833333333333,1011.7541666666666,277.9166666666667,15.341666666666667,0.0,54.416666666666664,13.683333333333332,171.33333333333334,2778.9583333333335,-0.0500000000000019,8.245833333333334,83.375
2023-12-11 00:00:00+05:00,21.141666666666666,10.200000000000001,77.875,1013.25,282.9166666666667,16.741666666666667,0.0,17.875,242.70833333333334,16.895833333333332,170.125,46.42083333333333,22.849999999999998,516.75,33.112500000000004,11.508333333333333,57.708333333333336,28.166666666666668,0.12666666666666668,94.16666666666667,11.0,12.0,0.0,4.0,95.625,96.66666666666667,-1.4583333333333333,100.31944444444444,103.31597222222223,91.61921296296298,4.131230628322441,13.757390327889928,14.98127611048053,100.49110821770226,14.09432044149146,22.183333333333334,12.733333333333334,46.333333333333336,1013.9041666666667,424.1666666666667,9.424999999999999,0.0,80.29166666666667,19.941666666666666,168.875,3935.875,-0.16250000000000378,4.4,99.45833333333333
2023-12-12 00:00:00+05:00,21.566666666666666,7.541666666666667,70.20833333333333,1011.7541666666666,277.9166666666667,15.341666666666667,0.0,54.416666666666664,121.125,13.683333333333332,171.33333333333334,62.625,31.733333333333334,638.125,43.0875,23.72083333333333,68.04166666666667,33.166666666666664,0.19083333333333333,83.375,12.0,12.0,1.0,4.0,82.70833333333333,94.16666666666667,0.6666666666666666,80.61111111111111,83.39583333333333,89.72222222222223,3.5408684449827486,8.034440834679394,15.036027192289168,84.19179305169617,11.568552335799916,21.325,11.345833333333333,47.125,1014.9625,410.8333333333333,8.725,0.0,34.083333333333336,18.441666666666666,173.58333333333334,1895.7708333333333,-0.04583333333332481,6.2250000000000005,97.70833333333333
2023-12-13 00:00:00+05:00,22.183333333333334,12.733333333333334,46.333333333333336,1013.9041666666667,424.1666666666667,9.424999999999999,0.0,80.29166666666667,71.33333333333333,19.941666666666666,168.875,59.39166666666667,34.6625,528.125,21.3125,22.912499999999998,82.45833333333333,7.25,0.2091666666666667,99.45833333333333,13.0,12.0,2.0,4.0,99.16666666666667,83.375,0.2916666666666667,99.1111111111111,92.9045138888889,93.20543981481482,2.4357541822567526,8.930396685640693,14.273048301883597,94.14668201522441,9.71453138190651,21.041666666666668,9.358333333333333,46.583333333333336,1015.5791666666668,385.2083333333333,8.3375,0.0,13.041666666666666,16.308333333333334,170.83333333333334,5866.333333333333,0.32499999999999335,12.758333333333333,96.33333333333333
2023-12-14 00:00:00+05:00,21.325,11.345833333333333,47.125,1014.9625,410.8333333333333,8.725,0.0,34.083333333333336,71.54166666666667,18.441666666666666,173.58333333333334,63.13333333333333,35.03333333333333,643.3333333333334,28.787499999999998,22.45,80.54166666666667,4.333333333333333,0.21250000000000002,97.70833333333333,14.0,12.0,3.0,4.0,97.70833333333333,99.45833333333333,0.0,97.90277777777777,99.19097222222223,91.83043981481482,0.29650297003009934,1.7097205637937172,10.694303052351634,98.11132184825338,4.306468265722192,21.2625,9.4125,62.375,1016.0416666666666,294.375,13.358333333333334,0.0,10.5,16.758333333333333,160.125,4241.958333333333,0.04583333333333902,12.6,108.375
2023-12-15 00:00:00+05:00,21.041666666666668,9.358333333333333,46.583333333333336,1015.5791666666668,385.2083333333333,8.3375,0.0,13.041666666666666,153.70833333333334,16.308333333333334,170.83333333333334,55.88333333333333,32.96666666666667,601.875,33.38333333333333,25.329166666666666,84.70833333333333,2.6666666666666665,0.24458333333333335,96.33333333333333,15.0,12.0,4.0,4.0,96.54166666666667,97.70833333333333,-0.20833333333333334,96.3263888888889,96.9704861111111,96.35532407407408,2.3160311856278004,2.0229446253625,6.528395338396753,96.86146021420016,3.08568237997855,21.391666666666666,10.970833333333333,56.583333333333336,1016.6750000000001,495.0,11.604166666666666,0.0,0.3333333333333333,18.9375,171.04166666666666,2286.4375,0.04166666666666193,12.704166666666666,107.54166666666667
2023-12-16 00:00:00+05:00,21.2625,9.4125,62.375,1016.0416666666666,294.375,13.358333333333334,0.0,10.5,113.66666666666667,16.758333333333333,160.125,64.60416666666667,39.550000000000004,727.5416666666666,40.699999999999996,18.379166666666666,73.04166666666667,8.125,0.28958333333333336,108.375,16.0,12.0,5.0,4.0,107.625,96.33333333333333,0.75,106.04166666666667,100.52083333333333,98.89409722222223,2.6324267658527947,6.294543832827748,4.693332269316279,101.89505553651615,6.25526518665557,21.2,21.895833333333332,35.958333333333336,1018.9083333333333,618.5416666666666,4.9125000000000005,0.0,26.625,33.35,174.54166666666666,2609.2708333333335,0.041666666666666664,7.904166666666666,97.75
2023-12-17 00:00:00+05:00,21.391666666666666,10.970833333333333,56.583333333333336,1016.6750000000001,495.0,11.604166666666666,0.0,0.3333333333333333,186.66666666666666,18.9375,171.04166666666666,74.42083333333333,40.391666666666666,625.25,29.474999999999998,21.258333333333333,81.95833333333333,30.125,0.30833333333333335,107.54166666666667,17.0,12.0,6.0,4.0,107.45833333333333,108.375,0.08333333333333333,107.11805555555556,108.21527777777777,101.90219907407408,3.4245201510744656,5.729121514526125,7.313776106457844,106.92239829107005,6.541191219970234,21.05,20.220833333333335,34.083333333333336,1019.0583333333334,523.75,4.129166666666666,0.0,63.583333333333336,31.229166666666668,168.95833333333334,4397.916666666667,0.2375000000000019,9.7875,100.66666666666667
2023-12-18 00:00:00+05:00,21.2,21.895833333333332,35.958333333333336,1018.9083333333333,618.5416666666666,4.9125000000000005,0.0,26.625,51.333333333333336,33.35,174.54166666666666,49.416666666666664,29.733333333333334,467.5,12.416666666666666,16.541666666666668,92.54166666666667,11.333333333333334,0.21375,97.75,18.0,12.0,0.0,4.0,98.83333333333333,107.54166666666667,-1.0833333333333333,101.9236111111111,106.33159722222223,105.02256944444444,2.691641407153972,8.301675216525988,8.100049257381215,105.16681748428282,7.714452830432529,20.754166666666666,15.3375,32.625,1018.2083333333334,397.0833333333333,2.8125,0.0,24.916666666666668,24.179166666666664,171.70833333333334,15430.833333333334,0.19583333333333522,16.287499999999998,90.375
2023-12-19 00:00:00+05:00,21.05,20.220833333333335,34.083333333333336,1019.0583333333334,523.75,4.129166666666666,0.0,63.583333333333336,55.666666666666664,31.229166666666668,168.95833333333334,54.40416666666667,34.5375,541.0,15.012500000000001,20.258333333333333,101.16666666666667,5.75,0.22416666666666665,100.66666666666667,19.0,12.0,1.0,4.0,100.20833333333333,97.75,0.4583333333333333,99.09027777777777,96.50868055555556,103.68518518518518,2.662045834295513,6.658387172813888,8.893648558734371,98.45274857641259,7.580736513031414,20.55,10.283333333333333,35.833333333333336,1016.1374999999999,312.2916666666667,3.841666666666667,0.0,43.083333333333336,17.8125,167.66666666666666,11325.979166666666,-4.736951571734001e-15,16.920833333333334,82.66666666666667
2023-12-20 00:00:00+05:00,20.754166666666666,15.3375,32.625,1018.2083333333334,397.0833333333333,2.8125,0.0,24.916666666666668,54.958333333333336,24.179166666666664,171.70833333333334,43.03333333333333,27.891666666666666,499.0,18.05,19.404166666666665,95.83333333333333,3.0,0.20583333333333334,90.375,20.0,12.0,2.0,4.0,90.91666666666667,100.66666666666667,-0.5416666666666666,92.1388888888889,97.12847222222223,99.98958333333333,1.2485526379998146,4.908053274302209,8.472749390542461,95.55783587662751,5.500959005176282,22.02916666666667,10.5,34.25,1014.9208333333332,299.7916666666667,4.766666666666667,0.0,28.833333333333332,17.775000000000002,169.0,6007.583333333333,-0.24166666666666478,17.941666666666666,79.41666666666667
2023-12-21 00:00:00+05:00,20.55,10.283333333333333,35.833333333333336,1016.1374999999999,312.2916666666667,3.841666666666667,0.0,43.083333333333336,106.83333333333333,17.8125,167.66666666666666,34.15833333333333,23.150000000000002,530.5416666666666,24.579166666666666,21.40416666666667,88.33333333333333,0.7083333333333334,0.20583333333333334,82.66666666666667,21.0,12.0,3.0,4.0,83.04166666666667,90.375,-0.375,83.39583333333333,86.02256944444444,93.2199074074074,2.8140654032946917,3.4592518884294825,7.63252664579137,86.29790664068702,5.597496166317883,21.633333333333336,15.141666666666666,32.333333333333336,1016.1374999999999,427.5,2.920833333333333,0.0,0.0,23.1875,173.83333333333334,2343.7708333333335,-0.24583333333333238,16.708333333333332,71.95833333333333
2023-12-22 00:00:00+05:00,22.02916666666667,10.5,34.25,1014.9208333333332,299.7916666666667,4.766666666666667,0.0,28.833333333333332,111.16666666666667,17.775000000000002,169.0,34.75,23.875,607.7916666666666,29.575,19.099999999999998,83.33333333333333,0.125,0.17541666666666667,79.41666666666667,22.0,12.0,4.0,4.0,79.33333333333333,82.66666666666667,0.08333333333333333,79.51388888888889,80.30555555555556,87.81886574074075,2.5619365315381013,5.683437380174208,8.532568708101488,80.75953665977654,5.8527593193263705,22.733333333333334,22.224999999999998,34.5,1018.3916666666668,515.625,5.45,0.0,15.125,33.9375,171.58333333333334,2632.3333333333335,-0.03333333333333618,17.2625,99.25
2023-12-23 00:00:00+05:00,21.633333333333336,15.141666666666666,32.333333333333336,1016.1374999999999,427.5,2.920833333333333,0.0,0.0,38.666666666666664,23.1875,173.83333333333334,32.63333333333333,22.28333333333333,444.0416666666667,17.95,16.091666666666665,84.625,0.125,0.135,71.95833333333333,23.0,12.0,5.0,4.0,72.16666666666667,79.41666666666667,-0.20833333333333334,73.25694444444444,76.95486111111111,81.09432870370371,1.6980538483137877,4.945768215655739,6.169604579990701,76.274600505659,5.249422671429127,22.104166666666668,13.491666666666667,39.125,1018.0666666666666,388.9583333333333,6.5249999999999995,0.0,0.0,22.724999999999998,174.04166666666666,6959.583333333333,0.27916666666666856,18.7125,121.20833333333333
2023-12-24 00:00:00+05:00,22.733333333333334,22.224999999999998,34.5,1018.3916666666668,515.625,5.45,0.0,15.125,48.375,33.9375,171.58333333333334,66.54166666666667,45.85833333333333,658.0416666666666,11.1625,22.0625,122.45833333333333,0.0,0.2579166666666667,99.25,24.0,12.0,6.0,4.0,97.16666666666667,71.95833333333333,2.0833333333333335,91.81944444444444,79.77604166666667,79.01215277777777,4.532804369775931,8.90096795001964,8.250047756891181,83.16437334338528,9.949976737906203,19.933333333333334,9.545833333333333,58.75,1017.0458333333332,247.91666666666666,11.195833333333333,0.0,5.625,16.2625,171.58333333333334,11553.666666666666,0.15000000000000094,17.283333333333335,149.83333333333334
2023-12-25 00:00:00+05:00,22.104166666666668,13.491666666666667,39.125,1018.0666666666666,388.9583333333333,6.5249999999999995,0.0,0.0,95.08333333333333,22.724999999999998,174.04166666666666,67.19166666666666,45.40416666666667,730.9583333333334,29.370833333333334,24.170833333333334,105.04166666666667,0.4583333333333333,0.3429166666666667,121.20833333333333,25.0,12.0,0.0,4.0,121.29166666666667,99.25,-0.08333333333333333,121.65972222222223,115.23784722222223,90.65625,2.6469204909484345,10.70154293970864,20.381697660656986,113.69277455460309,15.883199899419246,21.65416666666667,13.133333333333333,51.125,1017.9875000000001,398.9583333333333,9.266666666666667,0.0,50.666666666666664,20.658333333333335,160.95833333333334,4755.041666666667,-0.18333333333333712,15.579166666666666,115.45833333333333
2023-12-26 00:00:00+05:00,19.933333333333334,9.545833333333333,58.75,1017.0458333333332,247.91666666666666,11.195833333333333,0.0,5.625,152.95833333333334,16.2625,171.58333333333334,78.59583333333333,52.55416666666667,929.1666666666666,32.37916666666667,22.53333333333333,101.95833333333333,0.2916666666666667,0.25958333333333333,149.83333333333334,26.0,12.0,1.0,4.0,148.75,121.20833333333333,1.0833333333333333,144.88888888888889,131.81076388888889,108.94155092592592,4.423925630323139,11.399542540113252,24.681051050689884,133.80432392751285,14.650649044703462,21.59583333333333,16.120833333333334,41.791666666666664,1016.6208333333334,442.7083333333333,7.2875000000000005,0.0,34.25,24.770833333333332,162.33333333333334,2820.0625,-0.0333333333333267,8.737499999999999,124.75
2023-12-27 00:00:00+05:00,21.65416666666667,13.133333333333333,51.125,1017.9875000000001,398.9583333333333,9.266666666666667,0.0,50.666666666666664,63.625,20.658333333333335,160.95833333333334,56.574999999999996,37.31666666666667,739.9583333333334,26.891666666666666,21.320833333333333,94.875,1.5,0.23375,115.45833333333333,27.0,12.0,2.0,4.0,117.375,149.83333333333334,-1.9166666666666667,120.63194444444444,137.03819444444446,128.0289351851852,8.950939009762552,17.68759406040759,19.49663463307057,130.95347832892188,19.288086527844033,21.454166666666666,11.116666666666667,41.666666666666664,1015.5541666666667,394.1666666666667,6.754166666666666,0.0,0.0,18.787499999999998,174.0,6505.520833333333,0.1333333333333305,12.387500000000001,108.125
2023-12-28 00:00:00+05:00,21.59583333333333,16.120833333333334,41.791666666666664,1016.6208333333334,442.7083333333333,7.2875000000000005,0.0,34.25,45.625,24.770833333333332,162.33333333333334,71.42083333333333,46.791666666666664,592.4583333333334,17.333333333333332,22.770833333333332,115.5,1.2083333333333333,0.26,124.75,28.0,12.0,3.0,4.0,123.58333333333333,115.45833333333333,1.1666666666666667,123.00694444444446,116.42708333333333,128.42534722222223,4.650275463721834,12.825528545072816,19.37980559350845,120.54948916371013,14.624379762216032,21.849999999999998,15.020833333333334,39.166666666666664,1015.8791666666666,460.0,6.6375,0.0,0.0,23.566666666666666,172.08333333333334,8031.229166666667,-0.2958333333333343,14.308333333333332,84.04166666666667
2023-12-29 00:00:00+05:00,21.454166666666666,11.116666666666667,41.666666666666664,1015.5541666666667,394.1666666666667,6.754166666666666,0.0,0.0,64.375,18.787499999999998,174.0,43.65833333333333,28.8875,510.9583333333333,20.400000000000002,17.079166666666666,98.70833333333333,1.5416666666666667,0.1366666666666667,108.125,29.0,12.0,4.0,4.0,109.83333333333333,124.75,-1.7083333333333333,113.6736111111111,122.28125,125.2488425925926,3.0705207912508694,8.53327624440834,17.731419392761584,119.37979152996894,10.27370504922047,20.683333333333334,13.970833333333333,43.833333333333336,1016.0541666666667,420.4166666666667,6.933333333333334,0.0,0.0,21.6375,171.20833333333334,3343.1875,0.012499999999998105,14.700000000000001,103.875
2023-12-30 00:00:00+05:00,21.849999999999998,15.020833333333334,39.166666666666664,1015.8791666666666,460.0,6.6375,0.0,0.0,46.75,23.566666666666666,172.08333333333334,45.74166666666667,30.075,488.125,15.391666666666666,13.558333333333332,103.16666666666667,4.041666666666667,0.18916666666666668,84.04166666666667,30.0,12.0,5.0,4.0,84.08333333333333,108.125,-0.041666666666666664,84.9375,93.24652777777777,110.65162037037037,1.5759112302854221,8.029663673790365,17.056901443021236,93.51427360031899,13.01357802130971,20.220833333333335,10.799999999999999,49.5,1016.5958333333333,170.0,8.508333333333333,0.0,0.041666666666666664,18.016666666666666,171.45833333333334,7113.145833333333,0.01666666666666572,15.2125,114.58333333333333
2023-12-31 00:00:00+05:00,20.683333333333334,13.970833333333333,43.833333333333336,1016.0541666666667,420.4166666666667,6.933333333333334,0.0,0.0,56.583333333333336,21.6375,171.20833333333334,62.95416666666667,40.69166666666667,570.3333333333334,15.883333333333333,19.1375,108.875,6.0,0.2591666666666667,103.875,31.0,12.0,6.0,4.0,102.83333333333333,84.04166666666667,1.0416666666666667,100.02083333333333,91.32465277777777,102.28414351851852,2.1629659906331526,6.473242448986318,17.410462991263774,94.5404322212675,8.988746044479841,19.633333333333333,9.329166666666667,64.125,1015.6958333333333,,12.379166666666668,0.0,11.291666666666666,16.920833333333334,152.625,6516.145833333333,0.041666666666666664,13.75,107.66666666666667
2024-01-01 00:00:00+05:00,20.220833333333335,10.799999999999999,49.5,1016.5958333333333,170.0,8.508333333333333,0.0,0.041666666666666664,82.70833333333333,18.016666666666666,171.45833333333334,57.59166666666667,38.55833333333333,679.0416666666666,17.279166666666665,22.162499999999998,111.70833333333333,3.1666666666666665,0.2529166666666667,114.58333333333333,1.0,1.0,0.0,1.0,114.75,103.875,-0.16666666666666666,114.66666666666667,111.140625,98.57060185185185,0.7902940668335061,3.7151794274882,12.66352643928809,110.32637079341224,7.872385952990758,20.779166666666665,10.483333333333333,55.041666666666664,1014.7541666666666,,10.9625,0.0,12.333333333333334,17.766666666666666,164.25,2298.3,0.041666666666666664,11.7125,122.5
2024-01-02 00:00:00+05:00,19.633333333333333,9.329166666666667,64.125,1015.6958333333333,,12.379166666666668,0.0,11.291666666666666,125.08333333333333,16.920833333333334,152.625,60.1,40.387499999999996,898.75,34.666666666666664,26.145833333333332,107.25,3.9583333333333335,0.34125,107.66666666666667,2.0,1.0,1.0,1.0,107.66666666666667,114.58333333333333,0.0,106.50694444444444,108.9826388888889,103.81597222222223,7.601159324192994,9.085426628355487,12.295332957470729,107.90973586767308,10.52630401926779,19.9375,17.0625,45.0,1015.7833333333333,,6.9875,0.0,21.375,27.025000000000002,167.58333333333334,,-0.20416666666666572,7.254166666666666,104.58333333333333
2024-01-03 00:00:00+05:00,20.779166666666665,10.483333333333333,55.041666666666664,1014.7541666666666,,10.9625,0.0,12.333333333333334,81.66666666666667,17.766666666666666,164.25,64.1125,40.725,677.5416666666666,28.083333333333332,21.95,96.58333333333333,9.291666666666666,0.4270833333333333,122.5,3.0,1.0,2.0,1.0,122.20833333333333,107.66666666666667,0.2916666666666667,122.55555555555556,116.8923611111111,112.33854166666667,4.1931427467666555,14.786567998079407,12.112130231438828,118.11585330826517,13.785619022013975,19.329166666666666,12.220833333333333,52.291666666666664,1015.9541666666668,,8.845833333333333,0.0,17.666666666666668,20.966666666666665,160.08333333333334,,4.736951571734001e-15,9.816666666666666,131.04166666666666
2024-01-04 00:00:00+05:00,19.9375,17.0625,45.0,1015.7833333333333,,6.9875,0.0,21.375,70.0,27.025000000000002,167.58333333333334,61.87083333333334,38.766666666666666,495.8333333333333,16.5,15.966666666666667,106.29166666666667,7.5,0.3758333333333333,104.58333333333333,4.0,1.0,3.0,1.0,105.0,122.5,-0.4166666666666667,106.50694444444444,114.46180555555556,113.44560185185185,3.404005437373771,7.667508766081807,13.09325301258542,112.12903650087678,9.605947973042467,19.758333333333333,19.179166666666667,53.125,1017.1333333333333,,9.5,0.0,3.25,29.629166666666666,170.54166666666666,,0.07499999999999811,12.950000000000001,140.95833333333334
2024-01-05 00:00:00+05:00,19.329166666666666,12.220833333333333,52.291666666666664,1015.9541666666668,,8.845833333333333,0.0,17.666666666666668,91.25,20.966666666666665,160.08333333333334,90.03750000000001,53.9375,642.0,21.820833333333336,19.754166666666666,100.95833333333333,16.541666666666668,0.5079166666666667,131.04166666666666,5.0,1.0,4.0,1.0,129.375,104.58333333333333,1.6666666666666667,125.47222222222223,113.5954861111111,114.9832175925926,3.6012337563136647,9.75950495143525,13.238011677568409,117.35778675589222,10.978393999321545,19.170833333333334,18.287499999999998,51.708333333333336,1017.4375,,8.387500000000001,0.0,0.0,28.53333333333333,174.95833333333334,,0.11666666666666477,10.483333333333333,126.875
2024-01-06 00:00:00+05:00,19.758333333333333,19.179166666666667,53.125,1017.1333333333333,,9.5,0.0,3.25,57.375,29.629166666666666,170.54166666666666,76.74166666666666,47.5375,633.2083333333334,14.195833333333333,18.458333333333332,106.875,11.291666666666666,0.43124999999999997,140.95833333333334,6.0,1.0,5.0,1.0,141.58333333333334,131.04166666666666,-0.625,142.60416666666666,140.37326388888889,122.81018518518518,1.0207248172920336,5.417223949990288,16.1198258935922,138.44511968680465,10.689705811818067,19.208333333333332,12.012500000000001,55.083333333333336,1017.4208333333332,,9.6875,0.0,0.5,20.2625,171.95833333333334,,0.12916666666666762,10.258333333333333,116.875
2024-01-07 00:00:00+05:00,19.170833333333334,18.287499999999998,51.708333333333336,1017.4375,,8.387500000000001,0.0,0.0,57.791666666666664,28.53333333333333,174.95833333333334,66.77083333333333,43.479166666666664,692.125,12.950000000000001,20.591666666666665,111.20833333333333,5.5,0.265,126.875,7.0,1.0,6.0,1.0,127.29166666666667,140.95833333333334,-0.4166666666666667,128.47916666666666,133.51041666666666,129.1597222222222,1.254595023065498,4.621936884880345,14.412028844771827,132.29955676088164,6.453785152484715,19.004166666666666,18.758333333333333,48.333333333333336,1018.8416666666667,,6.8,0.0,0.16666666666666666,29.129166666666666,180.54166666666666,,-4.736951571734001e-15,10.783333333333333,115.16666666666667
2024-01-08 00:00:00+05:00,19.208333333333332,12.012500000000001,55.083333333333336,1017.4208333333332,,9.6875,0.0,0.5,138.45833333333334,20.2625,171.95833333333334,67.23333333333333,44.362500000000004,914.125,28.916666666666668,22.2625,104.375,4.833333333333333,0.32875,116.875,8.0,1.0,0.0,1.0,116.875,126.875,0.0,117.53472222222223,121.890625,131.9247685185185,1.1805245280359544,3.616502302326563,9.740054879902766,121.77539833086634,5.820399042368496,18.279166666666665,14.033333333333333,45.708333333333336,1018.4625,,4.8374999999999995,0.0,0.0,22.254166666666666,184.125,,-0.008333333333330492,9.520833333333334,106.91666666666667
2024-01-09 00:00:00+05:00,19.004166666666666,18.758333333333333,48.333333333333336,1018.8416666666667,,6.8,0.0,0.16666666666666666,54.208333333333336,29.129166666666666,180.54166666666666,58.90833333333333,37.12083333333333,622.9583333333334,13.804166666666667,16.679166666666667,103.375,10.458333333333334,0.2791666666666667,115.16666666666667,9.0,1.0,1.0,1.0,115.83333333333333,116.875,-0.6666666666666666,116.61805555555556,116.921875,124.1076388888889,1.5599628382165809,2.9922904687366816,8.043233931251025,117.45795483873239,3.9396973106071465,17.854166666666668,9.179166666666667,50.041666666666664,1017.3333333333334,,6.416666666666667,0.0,14.958333333333334,16.2,183.70833333333334,,0.27916666666666856,12.204166666666666,93.5
2024-01-10 00:00:00+05:00,18.279166666666665,14.033333333333333,45.708333333333336,1018.4625,,4.8374999999999995,0.0,0.0,55.333333333333336,22.254166666666666,184.125,56.46666666666667,37.125,656.5,18.8625,19.7,101.83333333333333,4.916666666666667,0.17416666666666666,106.91666666666667,10.0,1.0,2.0,1.0,106.91666666666667,115.16666666666667,0.0,107.27777777777777,110.10590277777777,116.30613425925925,1.2669516411480488,3.5745836745358246,6.083254255087186,110.04841817966353,4.551794379776376,18.4375,9.137500000000001,49.958333333333336,1015.8916666666668,,6.6000000000000005,0.0,0.0,15.975000000000001,184.83333333333334,,-0.28749999999999903,13.441666666666668,104.08333333333333
2024-01-11 00:00:00+05:00,17.854166666666668,9.179166666666667,50.041666666666664,1017.3333333333334,,6.416666666666667,0.0,14.958333333333334,141.625,16.2,183.70833333333334,50.487500000000004,33.208333333333336,842.875,36.541666666666664,22.670833333333334,74.875,3.8333333333333335,0.11583333333333334,93.5,11.0,1.0,3.0,1.0,93.95833333333333,106.91666666666667,-0.4583333333333333,95.5,101.54166666666667,109.52314814814815,2.1156131450009443,4.905276162646839,7.546821340752611,100.59972060086544,6.175952835061353,18.441666666666666,9.433333333333334,76.125,1015.3125,,13.674999999999999,0.0,11.916666666666666,16.470833333333335,176.66666666666666,,-0.18333333333333238,11.4375,113.33333333333333
2024-01-12 00:00:00+05:00,18.4375,9.137500000000001,49.958333333333336,1015.8916666666668,,6.6000000000000005,0.0,0.0,130.79166666666666,15.975000000000001,184.83333333333334,55.137499999999996,37.012499999999996,866.375,54.25,27.95,59.416666666666664,2.0,0.13,104.08333333333333,12.0,1.0,4.0,1.0,103.66666666666667,93.5,0.4166666666666667,102.22916666666667,96.84895833333333,102.83217592592592,1.7609427854429163,5.686057428104436,8.145622998295847,99.14868816838093,6.347203974185452,20.491666666666667,8.0375,79.625,1016.0749999999999,,16.558333333333334,0.0,31.0,14.683333333333332,165.45833333333334,,-0.08333333333333807,11.8375,79.875
2024-01-13 00:00:00+05:00,18.441666666666666,9.433333333333334,76.125,1015.3125,,13.674999999999999,0.0,11.916666666666666,193.5,16.470833333333335,176.66666666666666,53.76666666666667,34.012499999999996,840.0416666666666,49.00833333333333,13.920833333333334,52.625,7.166666666666667,0.13583333333333333,113.33333333333333,13.0,1.0,5.0,1.0,113.5,104.08333333333333,-0.16666666666666666,113.08333333333333,108.93402777777777,102.44155092592592,2.0520595800732493,4.390158218268481,8.07229663832787,109.07954337586523,6.202798482346652,19.558333333333334,9.6625,71.70833333333333,1015.6083333333332,,14.0875,0.0,9.666666666666666,16.462500000000002,170.16666666666666,,-0.020833333333328596,4.766666666666667,133.20833333333334
2024-01-14 00:00:00+05:00,20.491666666666667,8.0375,79.625,1016.0749999999999,,16.558333333333334,0.0,31.0,167.45833333333334,14.683333333333332,165.45833333333334,60.12083333333334,29.633333333333336,662.875,41.170833333333334,14.5375,71.70833333333333,36.291666666666664,0.24291666666666667,79.875,14.0,1.0,6.0,1.0,80.5,113.33333333333333,-0.625,82.70138888888889,97.85243055555556,101.21180555555556,6.375187625466643,14.484893210398601,12.90474267687461,93.9856004622532,15.45867158459379,22.21666666666667,12.270833333333334,78.16666666666667,1011.3916666666668,,17.945833333333333,0.0,35.083333333333336,20.004166666666666,177.29166666666666,,0.20416666666666097,3.9333333333333336,103.79166666666667
2024-01-15 00:00:00+05:00,19.558333333333334,9.6625,71.70833333333333,1015.6083333333332,,14.0875,0.0,9.666666666666666,139.66666666666666,16.462500000000002,170.16666666666666,99.8,54.84583333333333,819.875,35.49166666666667,18.8875,80.83333333333333,41.708333333333336,0.3979166666666667,133.20833333333334,15.0,1.0,0.0,1.0,130.45833333333334,79.875,2.75,123.7361111111111,99.265625,102.0173611111111,6.366193970237139,20.35817351735803,19.49005974428612,106.84044094508205,22.083463966186397,22.108333333333334,13.945833333333333,57.958333333333336,1011.6458333333334,,12.316666666666668,0.0,66.375,22.22083333333333,182.33333333333334,,-0.3541666666666619,5.470833333333332,96.16666666666667
2024-01-16 00:00:00+05:00,22.21666666666667,12.270833333333334,78.16666666666667,1011.3916666666668,,17.945833333333333,0.0,35.083333333333336,265.5833333333333,20.004166666666666,177.29166666666666,67.37083333333334,25.308333333333334,438.4166666666667,28.729166666666668,7.266666666666667,66.41666666666667,69.0,0.245,103.79166666666667,16.0,1.0,1.0,1.0,106.70833333333333,133.20833333333334,-2.9166666666666665,114.0763888888889,130.95833333333334,109.3587962962963,5.563062658362665,19.61903720582695,27.820046744114517,122.6536240047552,23.339680959795093,20.65,11.887500000000001,51.708333333333336,1015.0041666666666,,9.558333333333334,0.0,16.291666666666668,20.375,184.79166666666666,,-0.42499999999999716,4.270833333333333,148.91666666666666
2024-01-17 00:00:00+05:00,22.108333333333334,13.945833333333333,57.958333333333336,1011.6458333333334,,12.316666666666668,0.0,66.375,82.33333333333333,22.22083333333333,182.33333333333334,88.85000000000001,46.775,687.2916666666666,31.675,20.2375,80.16666666666667,41.041666666666664,0.41208333333333336,96.16666666666667,17.0,1.0,2.0,1.0,94.375,103.79166666666667,1.7916666666666667,90.91666666666667,90.58159722222223,106.93518518518518,2.58592407063842,10.112158868988976,27.775054362982946,94.2564783438613,17.308569899603405,20.066666666666666,10.345833333333333,48.916666666666664,1015.6,,7.9750000000000005,0.0,1.7083333333333333,17.708333333333332,183.79166666666666,,0.40416666666666384,9.791666666666666,147.875
2024-01-18 00:00:00+05:00,20.65,11.887500000000001,51.708333333333336,1015.0041666666666,,9.558333333333334,0.0,16.291666666666668,102.70833333333333,20.375,184.79166666666666,96.69583333333333,61.11666666666667,871.4166666666666,26.120833333333334,25.974999999999998,111.95833333333333,14.458333333333334,0.4575,148.91666666666666,18.0,1.0,3.0,1.0,147.66666666666666,96.16666666666667,1.25,143.48611111111111,123.00347222222223,114.84780092592592,3.3836846529344626,17.057572523134322,26.760529180470567,126.6188239086786,21.194821068451933,20.45,8.487499999999999,78.04166666666667,1016.2666666666668,,16.287499999999998,0.020833333333333332,21.625,15.183333333333332,159.0,,0.20833333333333334,11.091666666666667,156.04166666666666
2024-01-19 00:00:00+05:00,20.066666666666666,10.345833333333333,48.916666666666664,1015.6,,7.9750000000000005,0.0,1.7083333333333333,143.375,17.708333333333332,183.79166666666666,86.81666666666666,54.06666666666666,1053.5416666666667,46.93333333333334,30.666666666666668,100.70833333333333,14.958333333333334,0.48,147.875,19.0,1.0,4.0,1.0,148.33333333333334,148.91666666666666,-0.4583333333333333,149.20833333333334,151.28472222222223,121.6232638888889,3.3382082500392065,4.4065987400729005,29.129448807280355,147.43667563303117,13.20864267499284,21.141666666666666,10.5,62.375,1016.4916666666667,,12.291666666666666,0.0,55.958333333333336,17.383333333333333,185.0,,0.012500000000002842,12.091666666666667,135.33333333333334
2024-01-20 00:00:00+05:00,20.45,8.487499999999999,78.04166666666667,1016.2666666666668,,16.287499999999998,0.020833333333333332,21.625,160.79166666666666,15.183333333333332,159.0,93.4875,55.85833333333333,1182.25,49.95416666666667,22.875,89.0,18.166666666666668,0.5183333333333333,156.04166666666666,20.0,1.0,5.0,1.0,155.66666666666666,147.875,0.375,154.03472222222223,149.53125,141.27314814814815,4.415963360283989,7.043918171665933,17.822926594586608,150.59592776843792,8.30892871291997,20.208333333333332,9.554166666666667,66.33333333333333,1016.2583333333333,,13.404166666666667,0.0,32.208333333333336,16.691666666666666,179.95833333333334,,0.14999999999999622,4.1625,151.875
2024-01-21 00:00:00+05:00,21.141666666666666,10.5,62.375,1016.4916666666667,,12.291666666666666,0.0,55.958333333333336,145.70833333333334,17.383333333333333,185.0,86.91666666666667,50.72083333333333,1013.375,53.50833333333333,24.516666666666666,80.41666666666667,22.458333333333332,0.52125,135.33333333333334,21.0,1.0,6.0,1.0,136.125,156.04166666666666,-0.7916666666666666,138.98611111111111,148.35069444444446,149.72222222222223,6.173863771070093,12.099636905689978,9.441284180172488,145.48020487376473,12.210589467161192,20.620833333333334,10.0625,68.625,1016.4916666666667,,13.770833333333334,0.0,0.25,17.65,190.95833333333334,,-0.054166666666664774,8.85,110.54166666666667
2024-01-22 00:00:00+05:00,20.208333333333332,9.554166666666667,66.33333333333333,1016.2583333333333,,13.404166666666667,0.0,32.208333333333336,173.125,16.691666666666666,179.95833333333334,90.925,52.3125,1023.2083333333334,48.75,20.533333333333335,79.70833333333333,26.041666666666668,0.4058333333333333,151.875,22.0,1.0,0.0,1.0,151.25,135.33333333333334,0.625,149.35416666666666,141.68576388888889,146.52256944444443,3.203175109858719,9.473098983824853,11.677329125663329,144.87944547763837,10.232895031457868,18.787499999999998,9.5375,59.916666666666664,1016.7291666666666,,10.108333333333333,0.0,5.208333333333333,16.087500000000002,193.91666666666666,,0.04999999999999716,6.804166666666667,138.54166666666666
2024-01-23 00:00:00+05:00,20.620833333333334,10.0625,68.625,1016.4916666666667,,13.770833333333334,0.0,0.25,136.54166666666666,17.65,190.95833333333334,80.89166666666667,42.875,659.1666666666666,34.479166666666664,16.95,79.79166666666667,40.5,0.3045833333333333,110.54166666666667,23.0,1.0,1.0,1.0,111.91666666666667,151.875,-1.375,116.08333333333333,134.71354166666666,141.58333333333334,7.416684321909663,16.6338993645181,16.402205050680127,129.60903810260166,18.090746676810443,19.158333333333335,9.875,70.04166666666667,1016.9625,,13.225,0.0,48.583333333333336,17.0125,191.375,,-0.04583333333333428,6.8500000000000005,153.95833333333334
2024-01-24 00:00:00+05:00,18.787499999999998,9.5375,59.916666666666664,1016.7291666666666,,10.108333333333333,0.0,5.208333333333333,134.375,16.087500000000002,193.91666666666666,98.58749999999999,54.44583333333333,828.9583333333334,35.00416666666667,27.28333333333333,88.70833333333333,33.625,0.34708333333333335,138.54166666666666,24.0,1.0,2.0,1.0,137.25,110.54166666666667,1.2916666666666667,133.74305555555557,119.58854166666667,131.99594907407408,3.378364141240952,13.79891734412638,19.762743542926444,125.66639525646258,16.04486756649571,20.245833333333334,13.204166666666666,60.208333333333336,1018.375,,11.329166666666666,0.0,79.66666666666667,21.40416666666667,187.875,,0.02500000000000095,8.679166666666667,141.20833333333334
2024-01-25 00:00:00+05:00,19.158333333333335,9.875,70.04166666666667,1016.9625,,13.225,0.0,48.583333333333336,136.0,17.0125,191.375,105.91666666666667,59.604166666666664,1041.5,47.51666666666667,23.087500000000002,71.5,31.125,0.3670833333333334,153.95833333333334,25.0,1.0,3.0,1.0,153.66666666666666,138.54166666666666,0.2916666666666667,152.86111111111111,147.96875,134.09027777777777,0.9857494801095227,4.882499074084756,20.395607813319565,146.9006943241732,11.10594255065786,20.5125,15.041666666666666,50.291666666666664,1018.6374999999999,,9.404166666666667,0.0,71.66666666666667,24.504166666666666,192.79166666666666,,0.037499999999999055,5.933333333333334,152.58333333333334
2024-01-26 00:00:00+05:00,20.245833333333334,13.204166666666666,60.208333333333336,1018.375,,11.329166666666666,0.0,79.66666666666667,83.0,21.40416666666667,187.875,92.4375,54.81666666666666,804.5416666666666,34.8375,21.037499999999998,88.04166666666667,20.833333333333332,0.41791666666666666,141.20833333333334,26.0,1.0,4.0,1.0,141.45833333333334,153.95833333333334,-0.25,142.65277777777777,149.05034722222223,138.86921296296296,2.238163245786614,5.65222150133712,17.188063107673475,146.5750080141711,7.706217038285051,19.441666666666666,11.174999999999999,65.875,1016.4583333333334,,12.608333333333334,0.0,82.75,18.829166666666666,184.45833333333334,,0.27500000000000097,8.916666666666666,151.95833333333334
2024-01-27 00:00:00+05:00,20.5125,15.041666666666666,50.291666666666664,1018.6374999999999,,9.404166666666667,0.0,71.66666666666667,77.5,24.504166666666666,192.79166666666666,96.16250000000001,60.229166666666664,869.2083333333334,26.6375,21.708333333333332,109.45833333333333,13.666666666666666,0.46458333333333335,152.58333333333334,27.0,1.0,5.0,1.0,152.33333333333334,141.20833333333334,0.25,151.24305555555557,145.48263888888889,147.5005787037037,1.070509962753838,5.751416206231743,7.2327853216645765,147.58178437966714,6.395902372617708,22.795833333333334,12.645833333333334,75.54166666666667,1015.7875,,17.908333333333335,0.016666666666666666,91.04166666666667,21.070833333333333,178.70833333333334,,-0.15416666666666382,11.108333333333334,113.75
2024-01-28 00:00:00+05:00,19.441666666666666,11.174999999999999,65.875,1016.4583333333334,,12.608333333333334,0.0,82.75,141.58333333333334,18.829166666666666,184.45833333333334,90.8125,54.333333333333336,823.0,21.525000000000002,19.775000000000002,100.29166666666667,16.166666666666668,0.5054166666666666,151.95833333333334,28.0,1.0,6.0,1.0,152.125,152.58333333333334,-0.16666666666666666,152.38888888888889,152.88194444444443,149.1383101851852,0.23377191564978148,0.8023147232320338,6.809515968149351,152.02829826107833,3.1485058068375675,22.129166666666666,8.866666666666667,80.95833333333333,1015.225,,18.5,0.03333333333333333,92.66666666666667,15.529166666666667,155.45833333333334,,-0.26250000000000284,6.833333333333333,75.75
2024-01-29 00:00:00+05:00,22.795833333333334,12.645833333333334,75.54166666666667,1015.7875,,17.908333333333335,0.016666666666666666,91.04166666666667,278.7083333333333,21.070833333333333,178.70833333333334,50.05833333333334,23.875,357.0416666666667,18.900000000000002,5.9624999999999995,75.83333333333333,30.5,0.2975,113.75,29.0,1.0,0.0,1.0,116.625,151.95833333333334,-2.875,123.40972222222223,139.81076388888889,146.05844907407408,5.039865832346532,11.540698660527164,10.93058445272336,136.129271296863,13.072570724067733,22.7625,12.108333333333334,79.58333333333333,1013.4208333333332,,18.770833333333332,0.012500000000000002,75.70833333333333,19.895833333333332,172.75,,0.06666666666666288,4.8875,77.04166666666667
2024-01-30 00:00:00+05:00,22.129166666666666,8.866666666666667,80.95833333333333,1015.225,,18.5,0.03333333333333333,92.66666666666667,198.375,15.529166666666667,155.45833333333334,74.53750000000001,24.224999999999998,375.125,24.116666666666664,7.258333333333333,63.375,97.0,0.30624999999999997,75.75,30.0,1.0,1.0,1.0,75.83333333333333,113.75,-0.08333333333333333,76.63888888888889,88.8107638888889,127.16782407407408,1.5359196417256074,12.84714690203335,30.472247125305216,90.18608543363284,22.36929673479344,22.8875,10.883333333333333,62.916666666666664,1013.7083333333334,,12.820833333333333,0.0,24.541666666666668,18.75,193.54166666666666,,-0.17916666666666478,3.6291666666666664,76.41666666666667
2024-01-31 00:00:00+05:00,22.7625,12.108333333333334,79.58333333333333,1013.4208333333332,,18.770833333333332,0.012500000000000002,75.70833333333333,262.375,19.895833333333332,172.75,61.4125,22.504166666666666,344.625,20.55,6.3,71.125,65.0,0.2304166666666667,77.04166666666667,31.0,1.0,2.0,1.0,77.125,75.75,-0.08333333333333333,77.4375,77.14756944444444,101.9230324074074,0.4630641153689336,1.5228511582703803,30.183334164421662,79.1065634697866,9.65299481503114,23.212500000000002,6.3500000000000005,73.25,1015.2791666666667,,17.891666666666666,0.0,47.541666666666664,13.0,143.75,,-0.2624999999999981,3.9916666666666667,100.5
2024-02-01 00:00:00+05:00,22.8875,10.883333333333333,62.916666666666664,1013.7083333333334,,12.820833333333333,0.0,24.541666666666668,282.5,18.75,193.54166666666666,87.56666666666666,27.925,384.0833333333333,22.695833333333336,9.950000000000001,78.29166666666667,132.41666666666666,0.26833333333333337,76.41666666666667,1.0,2.0,3.0,1.0,76.04166666666667,77.04166666666667,0.375,75.34722222222221,75.46527777777779,80.47453703703704,0.9821348854347448,1.630340714059476,9.94089432956377,75.79427896928499,4.221754549799577,21.895833333333332,17.529166666666665,76.33333333333333,1014.7166666666667,,17.304166666666667,0.13333333333333333,59.208333333333336,28.21666666666667,157.54166666666666,,0.25833333333333525,10.066666666666666,116.25
2024-02-02 00:00:00+05:00,23.212500000000002,6.3500000000000005,73.25,1015.2791666666667,,17.891666666666666,0.0,47.541666666666664,256.375,13.0,143.75,134.66666666666666,40.766666666666666,409.9166666666667,27.666666666666668,11.325000000000001,59.791666666666664,210.5,0.4808333333333333,100.5,2.0,2.0,4.0,1.0,99.375,76.41666666666667,1.125,96.41666666666667,86.47395833333333,79.69560185185185,2.2530293433356476,7.529943956439175,6.929265974188414,88.49595721492915,8.752783754961838,22.8625,12.991666666666667,79.54166666666667,1014.775,,18.837500000000002,0.049999999999999996,50.083333333333336,22.308333333333334,176.08333333333334,,0.0625,5.320833333333334,84.75
2024-02-03 00:00:00+05:00,21.895833333333332,17.529166666666665,76.33333333333333,1014.7166666666667,,17.304166666666667,0.13333333333333333,59.208333333333336,154.125,28.21666666666667,157.54166666666666,91.78750000000001,35.237500000000004,519.0,32.362500000000004,10.666666666666666,46.291666666666664,109.5,0.5087499999999999,116.25,3.0,2.0,5.0,1.0,116.66666666666667,100.5,-0.4166666666666667,116.84722222222223,111.21006944444444,91.04976851851852,1.973366592357581,6.1649521288115805,16.372380056683074,110.42122757510464,10.823168554572675,21.429166666666664,11.120833333333332,77.375,1015.4708333333333,,17.058333333333334,0.0,43.625,18.4375,197.54166666666666,,-0.025000000000005684,4.591666666666667,82.45833333333333
2024-02-04 00:00:00+05:00,22.8625,12.991666666666667,79.54166666666667,1014.775,,18.837500000000002,0.049999999999999996,50.083333333333336,281.0,22.308333333333334,176.08333333333334,79.15833333333333,24.1125,321.1666666666667,20.283333333333335,5.2124999999999995,71.0,110.58333333333333,0.6075,84.75,4.0,2.0,6.0,1.0,85.70833333333333,116.25,-0.9583333333333334,88.75694444444444,102.03645833333333,99.9068287037037,2.447088449492308,10.781618654653043,15.389127580087406,98.46373395102022,12.310546277700182,21.508333333333336,10.454166666666667,73.0,1015.9375,,16.216666666666665,0.004166666666666667,93.25,18.125,175.04166666666666,,0.029166666666673297,4.0249999999999995,82.25
2024-02-05 00:00:00+05:00,21.429166666666664,11.120833333333332,77.375,1015.4708333333333,,17.058333333333334,0.0,43.625,197.75,18.4375,197.54166666666666,48.82916666666667,26.34166666666667,481.375,27.379166666666666,11.320833333333333,79.0,14.25,0.32875,82.45833333333333,5.0,2.0,0.0,1.0,82.29166666666667,84.75,0.16666666666666666,81.14583333333333,80.828125,98.02488425925925,2.1760717645773897,3.180497592103981,16.17336035740745,83.07687823551515,8.92102882496825,22.537499999999998,12.645833333333334,60.333333333333336,1018.5541666666667,,13.700000000000001,0.0,99.95833333333333,20.945833333333333,185.125,,0.04583333333332954,4.370833333333334,83.91666666666667
2024-02-06 00:00:00+05:00,21.508333333333336,10.454166666666667,73.0,1015.9375,,16.216666666666665,0.004166666666666667,93.25,172.75,18.125,175.04166666666666,53.72083333333333,24.358333333333334,451.0833333333333,26.5,10.25,84.08333333333333,33.25,0.33749999999999997,82.25,6.0,2.0,1.0,1.0,82.41666666666667,82.45833333333333,-0.16666666666666666,82.48611111111111,83.13194444444444,88.66550925925925,3.693156687863762,6.1776554837993976,12.612130503861115,82.98095209780632,6.550651750552595,20.8,15.012500000000001,44.166666666666664,1020.1666666666666,,7.033333333333334,0.0,54.166666666666664,24.579166666666666,198.29166666666666,,0.13333333333333522,5.291666666666666,93.95833333333333
2024-02-07 00:00:00+05:00,22.537499999999998,12.645833333333334,60.333333333333336,1018.5541666666667,,13.700000000000001,0.0,99.95833333333333,126.70833333333333,20.945833333333333,185.125,68.6375,31.97083333333333,445.5416666666667,21.1125,11.825000000000001,79.375,50.625,0.33916666666666667,83.91666666666667,7.0,2.0,2.0,1.0,83.375,82.25,0.5416666666666666,83.27083333333333,82.04861111111111,82.00289351851852,2.2435309606857303,6.436245808373481,5.701093049068914,82.50227773305201,6.06666749332805,19.425,10.495833333333334,55.208333333333336,1017.5833333333334,,8.870833333333334,0.0,1.9583333333333333,18.0875,216.125,,0.4958333333333324,8.8375,87.41666666666667
2024-02-08 00:00:00+05:00,20.8,15.012500000000001,44.166666666666664,1020.1666666666666,,7.033333333333334,0.0,54.166666666666664,71.95833333333333,24.579166666666666,198.29166666666666,52.645833333333336,28.349999999999998,482.0416666666667,24.008333333333336,13.416666666666666,89.91666666666667,30.125,0.205,93.95833333333333,8.0,2.0,3.0,1.0,94.16666666666667,83.91666666666667,-0.20833333333333334,94.4513888888889,90.9548611111111,85.37847222222223,1.639016479315653,4.780632203667726,7.242358329951048,91.31095506865574,5.9946019468965295,21.325,10.933333333333332,66.5,1018.4666666666667,,13.829166666666666,0.0,9.0,18.900000000000002,199.41666666666666,,-0.29583333333332956,13.766666666666666,83.16666666666667
2024-02-09 00:00:00+05:00,19.425,10.495833333333334,55.208333333333336,1017.5833333333334,,8.870833333333334,0.0,1.9583333333333333,183.20833333333334,18.0875,216.125,53.35,26.858333333333334,575.8333333333334,32.55416666666667,11.866666666666667,74.95833333333333,37.333333333333336,0.16708333333333333,87.41666666666667,9.0,2.0,4.0,1.0,87.54166666666667,93.95833333333333,-0.125,87.0,89.14756944444444,87.38368055555556,2.8193326479929364,4.656974019513063,7.137464322172963,88.42910819537701,5.391217435590158,21.416666666666668,10.795833333333334,41.041666666666664,1019.1208333333334,,5.770833333333333,0.0,40.5,18.820833333333333,217.375,,-0.12916666666666762,10.554166666666667,81.91666666666667
2024-02-10 00:00:00+05:00,21.325,10.933333333333332,66.5,1018.4666666666667,,13.829166666666666,0.0,9.0,282.3333333333333,18.900000000000002,199.41666666666666,53.35833333333333,25.3,496.7916666666667,30.270833333333332,11.033333333333333,85.04166666666667,39.625,0.22708333333333333,83.16666666666667,10.0,2.0,5.0,1.0,83.29166666666667,87.41666666666667,-0.125,83.93055555555556,85.86979166666667,88.6574074074074,3.9554997814962607,7.3863169554318935,6.720934539348214,85.59960202032774,7.023132808367255,21.570833333333336,12.254166666666668,38.875,1017.9625,,6.233333333333333,0.0,44.958333333333336,21.912499999999998,214.125,,0.2541666666666629,7.495833333333333,87.95833333333333
2024-02-11 00:00:00+05:00,21.416666666666668,10.795833333333334,41.041666666666664,1019.1208333333334,,5.770833333333333,0.0,40.5,75.83333333333333,18.820833333333333,217.375,44.95416666666667,25.733333333333334,483.9583333333333,27.979166666666668,13.35,88.20833333333333,18.458333333333332,0.19416666666666668,81.91666666666667,11.0,2.0,6.0,1.0,81.91666666666667,83.16666666666667,0.0,82.36111111111111,82.578125,85.86516203703702,2.2212228660859874,5.612636196683092,6.687513480841452,82.91808245673079,5.528303043132147,21.254166666666666,8.333333333333334,45.916666666666664,1018.0916666666667,,8.133333333333333,0.0,67.79166666666667,15.304166666666667,157.41666666666666,,-0.012499999999998105,15.645833333333334,101.95833333333333
2024-02-12 00:00:00+05:00,21.570833333333336,12.254166666666668,38.875,1017.9625,,6.233333333333333,0.0,44.958333333333336,120.41666666666667,21.912499999999998,214.125,50.90416666666667,32.770833333333336,624.3333333333334,36.229166666666664,16.037499999999998,84.75,9.666666666666666,0.3175,87.95833333333333,12.0,2.0,0.0,1.0,87.45833333333333,81.91666666666667,0.5,85.95833333333333,83.39409722222221,83.94733796296296,3.4783728059387724,3.5942147839369603,6.223368746649082,84.0605296233057,4.573814086746997,21.275000000000002,10.625,49.875,1018.5708333333333,,8.6,0.0,0.125,18.604166666666668,223.66666666666666,,-0.14583333333333806,15.3375,117.41666666666667
2024-02-13 00:00:00+05:00,21.254166666666666,8.333333333333334,45.916666666666664,1018.0916666666667,,8.133333333333333,0.0,67.79166666666667,139.20833333333334,15.304166666666667,157.41666666666666,64.31666666666666,38.81666666666667,752.5,45.87916666666666,21.2375,69.0,19.708333333333332,0.38125000000000003,101.95833333333333,13.0,2.0,1.0,1.0,101.33333333333333,87.95833333333333,0.625,100.18055555555556,95.13715277777777,87.03645833333333,2.095275554011375,7.510449554582422,8.556697125614471,95.57950515814797,8.064107045003874,21.379166666666666,10.262500000000001,54.25,1017.9125,,10.325000000000001,0.0,0.0,18.3875,226.70833333333334,,0.09166666666666856,13.120833333333332,128.83333333333334
2024-02-14 00:00:00+05:00,21.275000000000002,10.625,49.875,1018.5708333333333,,8.6,0.0,0.125,138.0,18.604166666666668,223.66666666666666,73.55416666666666,43.7875,938.875,50.07083333333333,20.425,68.41666666666667,22.958333333333332,0.31,117.41666666666667,14.0,2.0,2.0,1.0,116.91666666666667,101.95833333333333,0.5,115.70833333333333,109.88020833333333,96.13715277777777,1.4431448338743451,5.100637409791274,12.454675669427223,110.12466495207433,7.871294801731923,22.233333333333334,12.479166666666666,39.625,1017.3458333333333,,5.591666666666666,0.0,17.041666666666668,21.133333333333333,232.5,,-0.0833333333333286,12.674999999999999,118.125
2024-02-15 00:00:00+05:00,21.379166666666666,10.262500000000001,54.25,1017.9125,,10.325000000000001,0.0,0.0,135.58333333333334,18.3875,226.70833333333334,79.575,48.19583333333333,955.0416666666666,51.81666666666666,17.633333333333333,71.625,23.041666666666668,0.29541666666666666,128.83333333333334,15.0,2.0,3.0,1.0,128.33333333333334,117.41666666666667,0.5,126.8611111111111,122.34895833333333,109.12210648148148,1.3671877196313316,3.6455273383580216,12.582281960151326,122.23167699200991,6.626189158773944,22.004166666666666,11.891666666666666,45.958333333333336,1014.1541666666667,,8.283333333333333,0.0,24.958333333333332,19.9375,232.16666666666666,,-0.09166666666666856,11.054166666666667,104.375
2024-02-16 00:00:00+05:00,22.233333333333334,12.479166666666666,39.625,1017.3458333333333,,5.591666666666666,0.0,17.041666666666668,130.20833333333334,21.133333333333333,232.5,60.19166666666666,36.862500000000004,863.2083333333334,52.72083333333333,17.279166666666665,65.125,17.5,0.18416666666666667,118.125,16.0,2.0,4.0,1.0,119.29166666666667,128.83333333333334,-1.1666666666666667,122.3125,127.75868055555556,119.99594907407408,2.274457275189302,5.415978470593701,9.572074003625401,125.4428317733582,6.76014712574153,23.108333333333334,21.429166666666664,74.16666666666667,1010.0208333333334,,17.941666666666666,0.0,43.083333333333336,32.61666666666667,222.95833333333334,,-0.11666666666666477,16.641666666666666,68.45833333333333
2024-02-17 00:00:00+05:00,22.004166666666666,11.891666666666666,45.958333333333336,1014.1541666666667,,8.283333333333333,0.0,24.958333333333332,193.79166666666666,19.9375,232.16666666666666,50.012499999999996,30.858333333333334,730.0,44.55833333333334,15.104166666666666,70.91666666666667,12.875,0.15916666666666668,104.375,17.0,2.0,5.0,1.0,104.79166666666667,118.125,-0.4166666666666667,104.89583333333333,108.64409722222223,119.58391203703702,1.8491142877729974,5.788032839267732,10.343707807478888,109.21257496277433,8.763927981363993,24.695833333333336,26.520833333333332,75.875,1008.85,,19.683333333333334,0.0,38.208333333333336,40.862500000000004,217.66666666666666,,-0.5625,13.720833333333333,64.0
2024-02-18 00:00:00+05:00,23.108333333333334,21.429166666666664,74.16666666666667,1010.0208333333334,,17.941666666666666,0.0,43.083333333333336,251.04166666666666,32.61666666666667,222.95833333333334,27.900000000000002,15.045833333333334,289.4166666666667,13.012500000000001,5.395833333333333,86.5,5.291666666666667,0.16125,68.45833333333333,18.0,2.0,6.0,1.0,69.83333333333333,104.375,-1.375,74.36805555555556,89.87152777777777,108.75810185185185,3.9730127187504674,13.128599493504062,18.225195342338857,87.22293517305808,15.328142571906362,23.537499999999998,17.191666666666666,75.08333333333333,1010.6,,18.525000000000002,0.0,13.625,27.875,228.04166666666666,,-0.4416666666666676,5.166666666666667,71.54166666666667
2024-02-19 00:00:00+05:00,24.695833333333336,26.520833333333332,75.875,1008.85,,19.683333333333334,0.0,38.208333333333336,252.20833333333334,40.862500000000004,217.66666666666666,44.53333333333333,17.837500000000002,254.33333333333334,8.979166666666666,3.7541666666666664,95.41666666666667,36.833333333333336,0.2704166666666667,64.0,19.0,2.0,0.0,1.0,63.75,68.45833333333333,0.25,63.104166666666664,63.236111111111114,87.25057870370371,0.5612625995759285,3.5173608937311425,21.242054401519347,66.14865837440644,11.071454681800354,23.416666666666668,18.516666666666666,69.625,1010.7208333333333,,17.1875,0.0,6.708333333333333,29.849999999999998,226.375,,0.1875,5.0125,74.41666666666667
2024-02-20 00:00:00+05:00,23.537499999999998,17.191666666666666,75.08333333333333,1010.6,,18.525000000000002,0.0,13.625,260.1666666666667,27.875,228.04166666666666,49.02916666666667,20.8,258.1666666666667,11.391666666666666,4.7749999999999995,99.33333333333333,42.416666666666664,0.1775,71.54166666666667,20.0,2.0,1.0,1.0,71.33333333333333,64.0,0.20833333333333334,70.54861111111111,67.31597222222221,73.47453703703704,1.7660510010157093,2.572471443059159,15.155212359818742,68.25972080230939,5.189404192660777,23.229166666666668,13.4625,40.375,1013.1125000000001,,1.9124999999999999,0.0,0.7083333333333334,22.491666666666664,242.16666666666666,,0.07499999999999811,5.0125,68.125
2024-02-21 00:00:00+05:00,23.416666666666668,18.516666666666666,69.625,1010.7208333333333,,17.1875,0.0,6.708333333333333,269.4166666666667,29.849999999999998,226.375,55.62916666666666,19.729166666666668,289.875,13.170833333333334,5.0249999999999995,105.625,60.25,0.23416666666666666,74.41666666666667,21.0,2.0,2.0,1.0,74.45833333333333,71.54166666666667,-0.041666666666666664,74.18055555555556,73.20833333333333,67.92013888888889,2.1592679747466264,3.5801421075049245,5.651158302321632,72.88985735103395,4.200288418081631,20.9375,10.654166666666667,37.458333333333336,1014.9458333333333,,4.0625,0.0,0.0,18.587500000000002,240.29166666666666,,0.05833333333333712,6.229166666666667,92.0
2024-02-22 00:00:00+05:00,23.229166666666668,13.4625,40.375,1013.1125000000001,,1.9124999999999999,0.0,0.7083333333333334,202.125,22.491666666666664,242.16666666666666,68.14583333333333,18.833333333333332,372.375,22.1375,8.058333333333334,84.75,109.20833333333333,0.18541666666666667,68.125,22.0,2.0,3.0,1.0,68.29166666666667,74.41666666666667,-0.16666666666666666,69.0625,71.83680555555556,70.78703703703704,2.126135724137255,4.929249382464637,4.920759843590961,71.07091194885976,4.804719428080907,22.3625,10.85,53.791666666666664,1014.0583333333334,,10.225,0.0,3.875,19.333333333333332,239.83333333333334,,0.4791666666666619,21.316666666666666,79.95833333333333
2024-02-23 00:00:00+05:00,20.9375,10.654166666666667,37.458333333333336,1014.9458333333333,,4.0625,0.0,0.0,215.54166666666666,18.587500000000002,240.29166666666666,87.1875,29.912499999999998,636.75,36.74583333333333,14.75,86.20833333333333,112.04166666666667,0.19499999999999998,92.0,23.0,2.0,4.0,1.0,91.04166666666667,68.125,0.9583333333333334,85.74305555555556,74.87326388888889,73.30613425925925,7.159690438199385,8.56155868010043,7.150817014351563,77.74272688308521,9.879276295613638,22.8125,14.116666666666667,39.958333333333336,1013.7875,,3.9916666666666667,0.0,75.29166666666667,23.337500000000002,205.75,,-0.09166666666666383,16.875,76.79166666666667
2024-02-24 00:00:00+05:00,22.3625,10.85,53.791666666666664,1014.0583333333334,,10.225,0.0,3.875,219.45833333333334,19.333333333333332,239.83333333333334,64.53750000000001,19.2,338.875,17.829166666666666,10.091666666666667,98.125,97.375,0.18375,79.95833333333333,24.0,2.0,5.0,1.0,80.83333333333333,92.0,-0.875,84.63888888888889,91.55729166666667,79.42245370370371,7.153849439998232,19.066518977224018,16.44255915449493,87.7555800223473,18.025425625261878,23.354166666666668,28.3875,29.416666666666668,1012.9458333333333,,3.7541666666666664,0.0,45.25,43.62083333333334,227.0,,-4.736951571734001e-15,12.137500000000001,77.16666666666667
2024-02-25 00:00:00+05:00,22.8125,14.116666666666667,39.958333333333336,1013.7875,,3.9916666666666667,0.0,75.29166666666667,80.04166666666667,23.337500000000002,205.75,53.19166666666666,23.245833333333334,478.25,26.483333333333334,13.5375,77.5,49.833333333333336,0.20625000000000002,76.79166666666667,25.0,2.0,6.0,1.0,76.45833333333333,79.95833333333333,0.3333333333333333,76.625,76.70138888888889,81.04398148148148,3.866045030740656,7.788554033806925,16.14835741843598,78.04580036656421,10.294362249120114,21.4875,30.766666666666666,46.541666666666664,1015.3000000000001,,8.987499999999999,0.0,16.375,47.3375,234.16666666666666,,-0.05833333333332765,18.820833333333333,90.125
2024-02-26 00:00:00+05:00,23.354166666666668,28.3875,29.416666666666668,1012.9458333333333,,3.7541666666666664,0.0,45.25,67.58333333333333,43.62083333333334,227.0,48.69166666666666,21.691666666666666,287.0833333333333,8.316666666666666,10.129166666666666,111.41666666666667,45.416666666666664,0.30541666666666667,77.16666666666667,26.0,2.0,0.0,1.0,77.33333333333333,76.79166666666667,-0.16666666666666666,77.19444444444444,77.15451388888889,81.80439814814815,3.6801689084124756,5.816188601455725,14.177381467072264,77.18771631959466,6.817130023736817,23.0,19.0125,41.208333333333336,1014.9833333333332,,8.245833333333334,0.0,0.16666666666666666,30.7375,238.58333333333334,,0.02499999999999621,19.599999999999998,93.54166666666667
2024-02-27 00:00:00+05:00,21.4875,30.766666666666666,46.541666666666664,1015.3000000000001,,8.987499999999999,0.0,16.375,54.291666666666664,47.3375,234.16666666666666,69.875,34.833333333333336,334.625,8.8375,12.4375,106.66666666666667,51.708333333333336,0.34625,90.125,27.0,2.0,1.0,1.0,89.0,77.16666666666667,1.125,87.18055555555556,81.79861111111111,78.55150462962963,3.3851381700746246,8.13168363627628,7.873953219523152,83.08650309027247,8.05781166179246,24.02916666666667,12.208333333333334,42.5,1011.5458333333332,,9.441666666666666,0.0,25.583333333333332,21.083333333333332,240.45833333333334,,0.26666666666667044,12.5,88.91666666666667
2024-02-28 00:00:00+05:00,23.0,19.0125,41.208333333333336,1014.9833333333332,,8.245833333333334,0.0,0.16666666666666666,62.0,30.7375,238.58333333333334,62.65833333333333,27.3875,386.0416666666667,13.5875,13.658333333333333,110.58333333333333,59.958333333333336,0.2870833333333333,93.54166666666667,28.0,2.0,2.0,1.0,94.20833333333333,90.125,-0.6666666666666666,94.63194444444444,94.25868055555556,84.40393518518518,4.098714184887147,6.329160918982794,10.16514622513924,93.00938602597013,7.952935457896434,21.370833333333334,10.116666666666667,72.20833333333333,1010.5124999999999,,15.970833333333333,0.3083333333333333,67.29166666666667,18.712500000000002,140.41666666666666,,-0.295833333333339,14.754166666666665,81.45833333333333
2024-02-29 00:00:00+05:00,24.02916666666667,12.208333333333334,42.5,1011.5458333333332,,9.441666666666666,0.0,25.583333333333332,129.25,21.083333333333332,240.45833333333334,61.8375,23.575,401.9166666666667,16.979166666666668,13.058333333333332,106.66666666666667,72.70833333333333,0.35625,88.91666666666667,29.0,2.0,3.0,1.0,89.04166666666667,93.54166666666667,-0.125,88.1736111111111,89.78993055555556,88.61574074074075,5.022711494860109,9.517779466633021,9.854414278884386,89.57570028412836,9.28484256871325,17.570833333333333,23.116666666666664,50.208333333333336,1011.625,,6.220833333333334,0.0,2.125,36.63333333333333,257.7916666666667,,-0.32499999999999335,14.5875,74.875
2024-03-01 00:00:00+05:00,21.370833333333334,10.116666666666667,72.20833333333333,1010.5124999999999,,15.970833333333333,0.3083333333333333,67.29166666666667,219.54166666666666,18.712500000000002,140.41666666666666,63.49166666666667,25.383333333333336,445.125,21.8,9.029166666666667,88.04166666666667,62.541666666666664,0.34791666666666665,81.45833333333333,1.0,3.0,4.0,1.0,81.45833333333333,88.91666666666667,0.0,83.79166666666667,86.22569444444444,90.09143518518518,3.7179952745532874,11.069100845062543,9.906252389484964,85.88426631191732,10.252008009249385,16.045833333333334,18.4375,39.166666666666664,1013.7291666666666,,1.4916666666666665,0.0,0.0,30.05,261.6666666666667,,-0.13333333333333522,5.400000000000001,83.29166666666667
2024-03-02 00:00:00+05:00,17.570833333333333,23.116666666666664,50.208333333333336,1011.625,,6.220833333333334,0.0,2.125,311.9166666666667,36.63333333333333,257.7916666666667,83.39583333333333,21.016666666666666,240.25,8.9125,6.895833333333333,81.08333333333333,145.45833333333334,0.14,74.875,2.0,3.0,5.0,1.0,75.20833333333333,81.45833333333333,-0.3333333333333333,76.33333333333333,80.23958333333333,85.41840277777777,1.5968823732545567,3.957540691919801,9.680314482123974,79.85236266444663,6.021067100911741,17.4875,10.366666666666667,46.333333333333336,1015.4416666666666,,4.033333333333333,0.0,0.0,18.474999999999998,259.1666666666667,,0.29999999999999716,11.35,96.41666666666667
2024-03-03 00:00:00+05:00,16.045833333333334,18.4375,39.166666666666664,1013.7291666666666,,1.4916666666666665,0.0,0.0,319.375,30.05,261.6666666666667,119.99166666666667,33.80416666666667,262.25,12.195833333333333,10.458333333333334,87.04166666666667,198.95833333333334,0.15125,83.29166666666667,3.0,3.0,6.0,1.0,82.33333333333333,74.875,0.9583333333333334,80.02777777777779,75.04513888888889,80.50347222222221,2.112649520098224,5.812947348150643,9.360128436785336,77.060707300517,6.749997061311636,19.962500000000002,14.645833333333334,28.875,1016.4791666666666,,-0.1208333333333333,0.0,17.625,23.829166666666666,250.20833333333334,,0.22083333333333618,14.554166666666667,84.33333333333333
2024-03-04 00:00:00+05:00,17.4875,10.366666666666667,46.333333333333336,1015.4416666666666,,4.033333333333333,0.0,0.0,193.04166666666666,18.474999999999998,259.1666666666667,79.825,29.391666666666666,421.375,21.758333333333336,15.629166666666668,83.75,106.125,0.15833333333333333,96.41666666666667,4.0,3.0,0.0,1.0,96.70833333333333,83.29166666666667,-0.2916666666666667,96.2638888888889,92.8263888888889,82.70370370370371,3.034522942329431,6.492259205813853,9.971574753019759,92.3072503111399,8.838048142887931,20.3875,12.083333333333334,36.75,1015.2583333333333,,4.333333333333333,0.0,14.291666666666666,20.766666666666666,248.54166666666666,,0.2624999999999981,13.454166666666666,86.83333333333333
2024-03-05 00:00:00+05:00,19.962500000000002,14.645833333333334,28.875,1016.4791666666666,,-0.1208333333333333,0.0,17.625,54.958333333333336,23.829166666666666,250.20833333333334,46.4,22.325,403.8333333333333,21.358333333333334,14.366666666666667,84.41666666666667,40.708333333333336,0.295,84.33333333333333,5.0,3.0,1.0,1.0,84.875,96.41666666666667,-0.5416666666666666,86.2361111111111,90.48958333333333,86.12037037037037,3.2705425382507283,6.214336593844521,10.801242842684795,89.1329954369308,6.812724760048258,22.541666666666668,12.3375,57.458333333333336,1013.7416666666667,,12.966666666666667,0.0,2.7916666666666665,21.645833333333332,252.0,,-0.037499999999999055,20.083333333333332,81.45833333333333
2024-03-06 00:00:00+05:00,20.3875,12.083333333333334,36.75,1015.2583333333333,,4.333333333333333,0.0,14.291666666666666,137.08333333333334,20.766666666666666,248.54166666666666,49.43333333333334,21.04583333333333,362.2083333333333,15.799999999999999,15.25,105.45833333333333,50.041666666666664,0.2579166666666667,86.83333333333333,6.0,3.0,2.0,1.0,85.04166666666667,84.33333333333333,1.7916666666666667,80.10416666666667,79.59548611111111,87.63715277777777,7.013445153935849,9.19448864215635,10.425314414854371,80.62069125589376,10.999945531158717,22.829166666666666,11.725,48.541666666666664,1015.1833333333334,,9.841666666666667,0.0,1.2083333333333333,20.429166666666667,255.58333333333334,,-0.16666666666666666,16.054166666666667,96.625
2024-03-07 00:00:00+05:00,22.541666666666668,12.3375,57.458333333333336,1013.7416666666667,,12.966666666666667,0.0,2.7916666666666665,287.0833333333333,21.645833333333332,252.0,60.05833333333334,22.34583333333333,332.5833333333333,16.491666666666667,11.325000000000001,98.79166666666667,73.54166666666667,0.17333333333333334,81.45833333333333,7.0,3.0,3.0,1.0,83.29166666666667,86.83333333333333,-1.8333333333333333,87.24305555555556,88.6875,86.25752314814815,8.7203830991444,24.016135579973227,16.331759494405635,87.2711690603935,21.35553851307121,23.320833333333336,12.433333333333332,40.333333333333336,1015.1333333333333,,7.5625,0.0,59.083333333333336,21.279166666666665,251.41666666666666,,-0.008333333333335228,9.575000000000001,100.125
2024-03-08 00:00:00+05:00,22.829166666666666,11.725,48.541666666666664,1015.1833333333334,,9.841666666666667,0.0,1.2083333333333333,172.08333333333334,20.429166666666667,255.58333333333334,56.229166666666664,28.258333333333336,487.5416666666667,24.429166666666664,16.325,97.79166666666667,38.333333333333336,0.22208333333333333,96.625,8.0,3.0,4.0,1.0,94.625,81.45833333333333,2.0,89.31944444444444,83.29340277777779,83.85879629629629,9.023133995525965,14.058537201886258,17.791318596321492,85.68939154146705,16.091018489832045,21.77916666666667,10.970833333333333,49.541666666666664,1014.9541666666668,,10.170833333333333,0.09166666666666667,64.625,18.816666666666666,86.29166666666667,,0.08333333333333807,12.987499999999999,107.375
2024-03-09 00:00:00+05:00,23.320833333333336,12.433333333333332,40.333333333333336,1015.1333333333333,,7.5625,0.0,59.083333333333336,163.25,21.279166666666665,251.41666666666666,60.362500000000004,32.15833333333333,537.125,28.287499999999998,16.566666666666666,95.41666666666667,32.0,0.3129166666666667,100.125,9.0,3.0,5.0,1.0,101.04166666666667,96.625,-0.9166666666666666,103.52777777777777,102.44097222222223,91.47395833333333,8.571874232718475,23.61411918342205,22.754502649399942,100.90636167213968,21.77718560473025,22.704166666666666,13.674999999999999,70.70833333333333,1015.5291666666667,,16.841666666666665,0.0,10.625,23.1875,248.75,,-0.07916666666666572,15.758333333333333,96.08333333333333
2024-03-10 00:00:00+05:00,21.77916666666667,10.970833333333333,49.541666666666664,1014.9541666666668,,10.170833333333333,0.09166666666666667,64.625,281.0833333333333,18.816666666666666,86.29166666666667,90.8125,43.98333333333333,631.2916666666666,34.81666666666667,22.891666666666666,84.79166666666667,66.54166666666667,0.40625,107.375,10.0,3.0,6.0,1.0,106.54166666666667,100.125,0.8333333333333334,106.74305555555556,103.1736111111111,96.30266203703702,4.535649575703762,11.294127735246839,19.6993246980028,104.09770010461688,12.750758919842395,23.104166666666668,13.316666666666668,81.79166666666667,1015.0749999999999,,19.55,0.0,34.291666666666664,22.820833333333336,251.5,,0.10833333333333428,11.608333333333334,73.0
2024-03-11 00:00:00+05:00,22.704166666666666,13.674999999999999,70.70833333333333,1015.5291666666667,,16.841666666666665,0.0,10.625,283.0416666666667,23.1875,248.75,56.30416666666667,22.933333333333334,326.0833333333333,14.854166666666666,8.112499999999999,86.75,58.416666666666664,0.18958333333333333,96.08333333333333,11.0,3.0,0.0,1.0,97.91666666666667,107.375,-1.8333333333333333,102.09027777777777,108.64409722222223,104.75289351851852,3.3438804410227174,10.089898034046017,16.618008557217987,106.2394112676004,10.911836229183065,24.933333333333334,20.583333333333332,57.5,1013.2041666666668,,13.725,0.0,1.4583333333333333,32.53333333333333,266.1666666666667,,-4.736951571734001e-15,5.8625,66.54166666666667
2024-03-12 00:00:00+05:00,23.104166666666668,13.316666666666668,81.79166666666667,1015.0749999999999,,19.55,0.0,34.291666666666664,270.8333333333333,22.820833333333336,251.5,38.69583333333333,18.375,302.5,15.820833333333333,8.345833333333333,75.5,33.125,0.24708333333333332,73.0,12.0,3.0,1.0,1.0,73.33333333333333,96.08333333333333,-0.3333333333333333,74.13888888888889,81.39583333333333,97.73784722222223,1.1328460224031278,7.198520338101058,15.99215187107737,81.81802189685828,12.295470878885427,23.633333333333336,16.991666666666667,29.916666666666668,1013.7875,,4.104166666666667,0.0,0.0,29.420833333333334,271.4166666666667,,-0.10833333333332955,3.554166666666667,110.41666666666667
2024-03-13 00:00:00+05:00,24.933333333333334,20.583333333333332,57.5,1013.2041666666668,,13.725,0.0,1.4583333333333333,293.625,32.53333333333333,266.1666666666667,91.02083333333333,26.129166666666666,248.04166666666666,11.658333333333333,6.095833333333334,84.75,161.29166666666666,0.2704166666666667,66.54166666666667,13.0,3.0,2.0,1.0,66.125,73.0,0.4166666666666667,66.08333333333333,68.796875,86.27893518518518,1.8225257035645968,3.636370094972357,18.680056530173207,69.5182598939449,7.540035041959947,24.46666666666667,13.341666666666667,35.708333333333336,1013.7208333333333,,6.1000000000000005,0.0,0.0,23.729166666666668,270.7916666666667,,-0.20416666666667047,11.208333333333334,98.33333333333333
2024-03-14 00:00:00+05:00,23.633333333333336,16.991666666666667,29.916666666666668,1013.7875,,4.104166666666667,0.0,0.0,265.5833333333333,29.420833333333334,271.4166666666667,130.55833333333334,42.975,358.6666666666667,19.516666666666666,13.508333333333333,91.08333333333333,205.375,0.19875,110.41666666666667,14.0,3.0,3.0,1.0,108.70833333333333,66.54166666666667,1.7083333333333333,103.50694444444444,84.90625,78.36631944444444,4.154845341868879,14.632247240719755,14.829564681600063,89.32242163822251,16.268149538021422,24.958333333333332,14.283333333333333,35.833333333333336,1013.3375,,7.0874999999999995,0.0,4.375,24.462500000000002,271.625,,0.1374999999999981,19.529166666666665,87.25
2024-03-15 00:00:00+05:00,24.46666666666667,13.341666666666667,35.708333333333336,1013.7208333333333,,6.1000000000000005,0.0,0.0,197.375,23.729166666666668,270.7916666666667,48.15,24.945833333333336,418.5416666666667,24.633333333333336,10.245833333333334,89.33333333333333,37.25,0.16208333333333333,98.33333333333333,15.0,3.0,4.0,1.0,99.95833333333333,110.41666666666667,-1.625,103.45833333333333,110.97395833333333,88.22569444444444,3.8262268750301676,10.237232330537793,22.18733056068397,105.79967706911424,14.669786006787838,26.541666666666668,13.629166666666668,28.833333333333332,1013.1708333333332,,5.479166666666667,0.0,5.125,23.2375,269.25,,-0.04583333333332954,18.366666666666667,87.41666666666667
2024-03-16 00:00:00+05:00,24.958333333333332,14.283333333333333,35.833333333333336,1013.3375,,7.0874999999999995,0.0,4.375,260.75,24.462500000000002,271.625,59.887499999999996,25.854166666666668,378.5833333333333,22.395833333333332,10.004166666666666,92.375,66.5,0.19999999999999998,87.25,16.0,3.0,5.0,1.0,87.16666666666667,98.33333333333333,0.08333333333333333,86.0486111111111,88.02256944444444,94.63425925925925,5.196339426723064,8.832142647734413,18.64698664046789,89.22151607270932,12.286525878593705,26.508333333333336,12.8125,36.5,1012.9125,,8.9125,0.0,26.041666666666668,22.425,268.0833333333333,,-0.11250000000000189,17.870833333333334,93.33333333333333
2024-03-17 00:00:00+05:00,26.541666666666668,13.629166666666668,28.833333333333332,1013.1708333333332,,5.479166666666667,0.0,5.125,233.375,23.2375,269.25,48.14166666666667,19.941666666666666,338.2083333333333,17.95,10.775,101.66666666666667,51.208333333333336,0.22624999999999998,87.41666666666667,17.0,3.0,6.0,1.0,87.375,87.25,0.041666666666666664,85.11111111111111,85.63194444444444,94.8761574074074,9.108681701333387,15.39336043665307,16.811423286004082,85.74918195300825,15.352631082085425,26.645833333333332,15.245833333333332,55.75,1012.2624999999999,,15.3375,0.0,68.0,25.741666666666664,263.4583333333333,,0.04999999999999716,21.0625,71.20833333333333
2024-03-18 00:00:00+05:00,26.508333333333336,12.8125,36.5,1012.9125,,8.9125,0.0,26.041666666666668,238.41666666666666,22.425,268.0833333333333,49.19166666666666,22.179166666666664,390.0,20.858333333333334,12.808333333333332,106.0,42.25,0.23583333333333334,93.33333333333333,18.0,3.0,0.0,1.0,92.91666666666667,87.41666666666667,0.4166666666666667,90.56944444444444,87.07291666666667,86.90914351851852,13.165359914081824,25.332837949001316,17.801148586434422,87.78962618976072,24.04597751199111,25.837500000000002,12.433333333333332,66.41666666666667,1012.1875,,18.429166666666667,0.0,90.54166666666667,21.337500000000002,242.125,,-0.0874999999999962,17.595833333333335,79.16666666666667
2024-03-19 00:00:00+05:00,26.645833333333332,15.245833333333332,55.75,1012.2624999999999,,15.3375,0.0,68.0,287.2083333333333,25.741666666666664,263.4583333333333,54.85833333333333,16.650000000000002,328.3333333333333,18.974999999999998,6.983333333333333,76.91666666666667,81.29166666666667,0.22999999999999998,71.20833333333333,19.0,3.0,1.0,1.0,72.41666666666667,93.33333333333333,-1.2083333333333333,80.46527777777779,90.5607638888889,87.75520833333333,7.204316846854496,30.33263607814401,25.05535034444152,87.45240409828862,27.51011941960317,26.666666666666668,17.491666666666667,53.208333333333336,1010.2375000000001,,15.079166666666666,0.0,47.666666666666664,28.016666666666666,247.45833333333334,,-0.0625,11.308333333333332,78.0
2024-03-20 00:00:00+05:00,25.837500000000002,12.433333333333332,66.41666666666667,1012.1875,,18.429166666666667,0.0,90.54166666666667,275.5833333333333,21.337500000000002,242.125,72.42916666666666,22.90833333333333,440.7083333333333,25.683333333333334,9.316666666666666,84.79166666666667,104.54166666666667,0.20291666666666666,79.16666666666667,20.0,3.0,2.0,1.0,78.70833333333333,71.20833333333333,0.4583333333333333,75.20138888888889,69.984375,82.53935185185185,7.403872661434986,7.5961040435724065,25.88887003026132,73.50041248524468,16.92727479759765,26.325,21.0,69.66666666666667,1007.7624999999999,,20.0,0.0,0.08333333333333333,33.53333333333333,270.1666666666667,,-0.02916666666666856,7.408333333333334,82.91666666666667
2024-03-21 00:00:00+05:00,26.666666666666668,17.491666666666667,53.208333333333336,1010.2375000000001,,15.079166666666666,0.0,47.666666666666664,279.7916666666667,28.016666666666666,247.45833333333334,61.34166666666667,25.616666666666664,311.0416666666667,17.037499999999998,5.941666666666666,78.5,62.416666666666664,0.20541666666666666,78.0,21.0,3.0,3.0,1.0,77.79166666666667,79.16666666666667,0.20833333333333334,79.97222222222221,82.65451388888889,81.06655092592592,3.768229587853152,17.964866170263118,23.597783149840577,81.1281651371092,16.819484275188692,25.958333333333332,17.537499999999998,80.75,1008.4083333333333,,22.054166666666664,0.0,68.91666666666667,28.454166666666666,253.25,,-0.28333333333333144,11.5875,74.45833333333333
2024-03-22 00:00:00+05:00,26.325,21.0,69.66666666666667,1007.7624999999999,,20.0,0.0,0.08333333333333333,264.7916666666667,33.53333333333333,270.1666666666667,56.0875,23.916666666666668,266.8333333333333,11.354166666666666,5.108333333333333,90.41666666666667,48.125,0.2604166666666667,82.91666666666667,22.0,3.0,4.0,1.0,83.0,78.0,-0.08333333333333333,82.77083333333333,80.61284722222221,77.75057870370371,0.6302155659497553,2.0728613200917643,14.106746290726903,81.44759137051265,6.579684781389571,26.770833333333332,18.075,72.83333333333333,1008.9583333333334,,20.908333333333335,0.0,44.416666666666664,30.22083333333333,267.8333333333333,,-0.15833333333333618,6.325,74.58333333333333
2024-03-23 00:00:00+05:00,25.958333333333332,17.537499999999998,80.75,1008.4083333333333,,22.054166666666664,0.0,68.91666666666667,261.125,28.454166666666666,253.25,71.0125,22.179166666666664,253.41666666666666,13.125,5.416666666666667,76.375,97.375,0.31375000000000003,74.45833333333333,23.0,3.0,5.0,1.0,74.625,82.91666666666667,-0.16666666666666666,75.28472222222221,78.91145833333333,80.72627314814815,0.8838081606209508,3.2272771721538134,11.092771334372236,77.9553597927417,4.277850721306118,27.108333333333334,15.141666666666666,67.33333333333333,1011.0083333333333,,19.916666666666668,0.0,12.541666666666666,25.1875,268.75,,0.125,3.9041666666666663,78.66666666666667
2024-03-24 00:00:00+05:00,26.770833333333332,18.075,72.83333333333333,1008.9583333333334,,20.908333333333335,0.0,44.416666666666664,258.6666666666667,30.22083333333333,267.8333333333333,58.0625,20.599999999999998,250.54166666666666,13.816666666666668,4.979166666666667,71.125,77.20833333333333,0.33875000000000005,74.58333333333333,24.0,3.0,6.0,1.0,74.70833333333333,74.45833333333333,-0.125,74.91666666666667,74.45659722222221,77.99363425925925,0.5399781993074703,0.8655546844842154,3.964164698815621,75.07676849608218,2.2314596090229224,27.650000000000002,16.5125,66.25,1010.5083333333333,,19.683333333333334,0.0,48.166666666666664,27.583333333333332,269.4583333333333,,0.10833333333333901,5.8625,66.75
2024-03-25 00:00:00+05:00,27.108333333333334,15.141666666666666,67.33333333333333,1011.0083333333333,,19.916666666666668,0.0,12.541666666666666,279.6666666666667,25.1875,268.75,56.15,20.287499999999998,334.5,18.929166666666667,7.574999999999999,84.58333333333333,71.66666666666667,0.30916666666666665,78.66666666666667,25.0,3.0,0.0,1.0,78.66666666666667,74.58333333333333,0.0,77.40972222222221,74.73611111111111,76.03472222222221,4.482756254600225,4.000031992145594,4.5307464188293505,75.4107907160513,4.728551615309491,26.979166666666668,17.329166666666666,72.95833333333333,1011.6750000000001,,21.233333333333334,0.0,94.625,28.125,246.41666666666666,,0.17083333333332953,7.191666666666666,66.41666666666667
2024-03-26 00:00:00+05:00,27.650000000000002,16.5125,66.25,1010.5083333333333,,19.683333333333334,0.0,48.166666666666664,273.6666666666667,27.583333333333332,269.4583333333333,40.69166666666667,17.425,287.25,15.370833333333332,5.604166666666667,70.29166666666667,35.833333333333336,0.24416666666666667,66.75,26.0,3.0,1.0,1.0,67.04166666666667,78.66666666666667,-0.2916666666666667,69.31944444444444,75.45833333333333,74.88368055555556,2.8009605036896548,11.84609357445804,8.182988546108898,73.6771367490571,10.821519970375094,27.704166666666666,19.133333333333333,56.041666666666664,1010.8041666666667,,16.270833333333332,0.0,76.33333333333333,30.4375,268.2916666666667,,-0.0500000000000019,7.966666666666666,71.5
2024-03-27 00:00:00+05:00,26.979166666666668,17.329166666666666,72.95833333333333,1011.6750000000001,,21.233333333333334,0.0,94.625,261.1666666666667,28.125,246.41666666666666,61.43333333333334,19.3125,259.875,13.466666666666667,5.3500000000000005,75.75,86.29166666666667,0.18500000000000003,66.41666666666667,27.0,3.0,2.0,1.0,66.20833333333333,66.75,0.20833333333333334,65.66666666666667,65.68055555555556,71.95833333333333,0.8831753043469145,1.962659225654012,9.371351204843297,66.67259977466365,5.2079436282748945,25.291666666666668,17.579166666666666,67.54166666666667,1010.2458333333334,,18.433333333333334,0.0,5.5,28.545833333333334,279.7916666666667,,0.1041666666666714,5.745833333333334,69.95833333333333
2024-03-28 00:00:00+05:00,27.704166666666666,19.133333333333333,56.041666666666664,1010.8041666666667,,16.270833333333332,0.0,76.33333333333333,270.1666666666667,30.4375,268.2916666666667,41.608333333333334,12.391666666666666,282.4166666666667,14.729166666666666,5.5,105.95833333333333,59.625,0.18833333333333335,71.5,28.0,3.0,3.0,1.0,72.04166666666667,66.41666666666667,-0.5416666666666666,71.41666666666667,68.13368055555556,69.75752314814815,3.5530762650548113,3.3836721406524823,8.926067110586674,68.84921931354492,4.604171483620756,25.337500000000002,21.900000000000002,70.91666666666667,1011.5541666666667,,19.266666666666666,0.0,0.5416666666666666,34.67916666666667,281.9166666666667,,-0.20833333333333806,11.433333333333332,82.45833333333333
2024-03-29 00:00:00+05:00,25.291666666666668,17.579166666666666,67.54166666666667,1010.2458333333334,,18.433333333333334,0.0,5.5,270.0833333333333,28.545833333333334,279.7916666666667,78.925,23.916666666666668,275.0416666666667,12.916666666666666,5.979166666666667,107.04166666666667,110.375,0.19499999999999998,69.95833333333333,29.0,3.0,4.0,1.0,69.125,71.5,0.8333333333333334,68.51388888888889,68.70833333333333,67.50752314814815,5.907306149432105,12.060426296079923,7.5755764415916005,68.52585990073408,11.096885346511156,27.1125,13.529166666666667,54.458333333333336,1012.4583333333334,,14.504166666666668,0.0,75.625,23.733333333333334,280.7916666666667,,0.03333333333333618,6.858333333333333,107.625
2024-03-30 00:00:00+05:00,25.337500000000002,21.900000000000002,70.91666666666667,1011.5541666666667,,19.266666666666666,0.0,0.5416666666666666,262.8333333333333,34.67916666666667,281.9166666666667,107.81666666666666,30.191666666666666,225.25,9.008333333333333,4.5,96.20833333333333,171.91666666666666,0.2525,82.45833333333333,30.0,3.0,5.0,1.0,81.91666666666667,69.95833333333333,0.5416666666666666,81.13888888888889,78.00347222222221,71.61516203703704,1.5611977897843614,7.23209796498367,9.939814126413037,78.19533190696971,8.17956511568316,25.974999999999998,14.424999999999999,61.791666666666664,1010.1458333333334,,17.125,0.0,92.0,24.445833333333336,277.0833333333333,,0.24999999999999525,6.070833333333334,116.79166666666667
2024-03-31 00:00:00+05:00,27.1125,13.529166666666667,54.458333333333336,1012.4583333333334,,14.504166666666668,0.0,75.625,225.70833333333334,23.733333333333334,280.7916666666667,159.02083333333334,46.724999999999994,325.6666666666667,16.704166666666666,9.883333333333335,105.625,265.25,0.4995833333333333,107.625,31.0,3.0,6.0,1.0,106.125,82.45833333333333,1.5,102.18055555555556,91.58506944444444,79.43229166666667,3.5735941618233418,7.586013628335756,13.597495359491164,93.2957015067649,10.0530074603855,26.25,19.2,72.08333333333333,1007.5333333333333,,20.395833333333332,0.0,52.583333333333336,31.416666666666668,277.2083333333333,,-0.0833333333333286,12.608333333333334,82.75
2024-04-01 00:00:00+05:00,25.974999999999998,14.424999999999999,61.791666666666664,1010.1458333333334,,17.125,0.0,92.0,277.125,24.445833333333336,277.0833333333333,96.08333333333333,31.683333333333334,334.9583333333333,18.245833333333334,8.916666666666666,93.33333333333333,147.5,0.3175,116.79166666666667,1.0,4.0,0.0,2.0,118.08333333333333,107.625,-1.2916666666666667,120.71527777777777,119.0954861111111,96.22800925925925,3.1459234529837796,10.064253797695264,19.517240622271007,116.83184316886503,13.816739381135655,26.133333333333336,17.575,78.375,1007.6750000000001,,21.770833333333332,0.0,79.45833333333333,28.4875,247.20833333333334,,-0.34583333333333144,8.85,99.79166666666667
2024-04-02 00:00:00+05:00,26.25,19.2,72.08333333333333,1007.5333333333333,,20.395833333333332,0.0,52.583333333333336,262.375,31.416666666666668,277.2083333333333,59.82083333333333,22.708333333333332,225.45833333333334,9.941666666666666,5.208333333333333,102.58333333333333,65.20833333333333,0.2529166666666667,82.75,2.0,4.0,1.0,2.0,83.58333333333333,116.79166666666667,-0.8333333333333334,85.99305555555556,98.3107638888889,102.99710648148148,2.9979412963633947,10.951465462330551,17.326554674740695,96.11527513464836,13.91590641389014,26.695833333333336,17.670833333333334,67.33333333333333,1009.1041666666666,,19.1875,0.0,94.66666666666667,28.504166666666666,240.41666666666666,,-0.20000000000000284,5.854166666666667,84.95833333333333
2024-04-03 00:00:00+05:00,26.133333333333336,17.575,78.375,1007.6750000000001,,21.770833333333332,0.0,79.45833333333333,251.20833333333334,28.4875,247.20833333333334,108.53333333333335,33.295833333333334,297.4166666666667,11.7875,6.616666666666667,126.66666666666667,150.04166666666666,0.43041666666666667,99.79166666666667,3.0,4.0,2.0,2.0,98.91666666666667,82.75,0.875,95.61805555555556,85.06770833333333,100.82465277777777,7.325251697515246,10.900910641959944,19.89273693072288,89.52878569482074,15.218660382973106,27.275000000000002,21.162499999999998,58.125,1009.0541666666667,,17.704166666666666,0.0,75.375,33.67916666666667,272.75,,0.09999999999999905,4.3625,69.75
2024-04-04 00:00:00+05:00,26.695833333333336,17.670833333333334,67.33333333333333,1009.1041666666666,,19.1875,0.0,94.66666666666667,263.25,28.504166666666666,240.41666666666666,56.4375,17.504166666666666,282.5,14.137500000000001,5.875,111.125,78.83333333333333,0.3104166666666667,84.95833333333333,4.0,4.0,3.0,2.0,86.20833333333333,99.79166666666667,-1.25,89.97916666666667,99.50694444444444,94.2951388888889,4.40095538500832,17.40006208528973,17.47920954881226,95.6172506854504,16.584861638477772,26.733333333333334,19.7625,60.25,1008.5166666666668,,17.591666666666665,0.0,0.125,31.916666666666668,288.5416666666667,,0.22499999999999906,7.508333333333333,76.08333333333333
2024-04-05 00:00:00+05:00,27.275000000000002,21.162499999999998,58.125,1009.0541666666667,,17.704166666666666,0.0,75.375,267.5,33.67916666666667,272.75,57.00833333333333,17.483333333333334,261.25,11.870833333333332,5.529166666666666,111.625,75.66666666666667,0.23458333333333334,69.75,5.0,4.0,4.0,2.0,69.75,84.95833333333333,0.0,69.69444444444444,74.66666666666667,86.41377314814815,3.0039534040981812,8.186035354926503,18.171764352207738,75.44938940175196,12.482513491863314,26.4375,17.108333333333334,75.79166666666667,1007.975,,21.241666666666667,0.0,0.6666666666666666,28.3125,289.9583333333333,,-0.10833333333333428,9.570833333333335,70.83333333333333
2024-04-06 00:00:00+05:00,26.733333333333334,19.7625,60.25,1008.5166666666668,,17.591666666666665,0.0,0.125,266.2083333333333,31.916666666666668,288.5416666666667,49.0,15.304166666666667,263.4583333333333,12.020833333333334,5.7625,119.20833333333333,57.666666666666664,0.32708333333333334,76.08333333333333,6.0,4.0,5.0,2.0,76.25,69.75,-0.16666666666666666,74.9375,70.82291666666667,81.66550925925925,6.016454975597838,9.216084263476278,18.323325229178515,72.5230058951388,10.909307192759846,27.204166666666666,13.654166666666667,67.91666666666667,1008.4416666666666,,19.516666666666666,0.0,5.708333333333333,24.004166666666666,295.1666666666667,,-0.1374999999999981,9.141666666666667,75.45833333333333
2024-04-07 00:00:00+05:00,26.4375,17.108333333333334,75.79166666666667,1007.975,,21.241666666666667,0.0,0.6666666666666666,278.2916666666667,28.3125,289.9583333333333,51.15833333333333,19.1375,306.9583333333333,16.925,6.5625,100.125,55.125,0.26666666666666666,70.83333333333333,7.0,4.0,6.0,2.0,70.54166666666667,76.08333333333333,0.2916666666666667,71.39583333333333,74.29861111111111,73.26273148148148,6.801470346840767,16.132500753915913,12.322793780598262,73.18947104681611,14.72828210910256,27.883333333333336,17.537499999999998,56.583333333333336,1008.3625000000001,,16.770833333333332,0.0,8.041666666666666,28.71666666666667,294.5833333333333,,-0.020833333333328596,5.195833333333334,65.5
2024-04-08 00:00:00+05:00,27.204166666666666,13.654166666666667,67.91666666666667,1008.4416666666666,,19.516666666666666,0.0,5.708333333333333,278.875,24.004166666666666,295.1666666666667,52.28333333333333,19.370833333333334,345.2083333333333,18.883333333333333,6.470833333333334,100.08333333333333,61.708333333333336,0.165,75.45833333333333,8.0,4.0,0.0,2.0,75.41666666666667,70.83333333333333,0.041666666666666664,75.25694444444444,73.64583333333333,72.92245370370371,5.398792937718658,11.263562874242629,12.843159185784268,74.23056031925324,11.27992787453257,26.59583333333333,16.083333333333332,76.04166666666667,1007.9458333333333,,21.575,0.0,67.83333333333333,26.641666666666666,236.70833333333334,,0.0874999999999962,7.6875,62.291666666666664
2024-04-09 00:00:00+05:00,27.883333333333336,17.537499999999998,56.583333333333336,1008.3625000000001,,16.770833333333332,0.0,8.041666666666666,282.625,28.71666666666667,294.5833333333333,33.4625,13.904166666666667,312.8333333333333,17.166666666666668,5.729166666666667,84.04166666666667,34.958333333333336,0.15375,65.5,9.0,4.0,1.0,2.0,65.95833333333333,75.45833333333333,-0.4583333333333333,67.77777777777779,72.82986111111111,73.59143518518518,3.381757247648291,10.27742968281446,12.889975675623623,71.5227300462975,9.986957058125489,26.275000000000002,12.154166666666667,80.20833333333333,1008.2291666666666,,22.175,0.0,31.416666666666668,21.6875,286.4583333333333,,0.04583333333333428,11.112499999999999,69.04166666666667
2024-04-10 00:00:00+05:00,26.59583333333333,16.083333333333332,76.04166666666667,1007.9458333333333,,21.575,0.0,67.83333333333333,263.2083333333333,26.641666666666666,236.70833333333334,40.62916666666667,17.083333333333332,265.75,14.920833333333334,6.129166666666666,61.208333333333336,41.666666666666664,0.17208333333333334,62.291666666666664,10.0,4.0,2.0,2.0,62.041666666666664,65.5,0.25,61.69444444444445,62.78819444444445,69.75462962962963,0.9990399958282324,3.656689486657905,10.521729862307893,63.5360006429095,5.775864275765315,26.974999999999998,16.9875,76.70833333333333,1007.2916666666666,,21.858333333333334,0.0,37.208333333333336,27.974999999999998,285.7083333333333,,-0.06666666666666761,5.020833333333333,63.458333333333336
2024-04-11 00:00:00+05:00,26.275000000000002,12.154166666666667,80.20833333333333,1008.2291666666666,,22.175,0.0,31.416666666666668,264.7083333333333,21.6875,286.4583333333333,45.775,17.779166666666665,289.2083333333333,17.462500000000002,6.604166666666667,79.33333333333333,47.125,0.27208333333333334,69.04166666666667,11.0,4.0,3.0,2.0,68.95833333333333,62.291666666666664,0.08333333333333333,68.125,65.25,66.95601851851852,2.059793875870554,2.462752558404606,8.097847596445407,65.97028282602423,3.7498345692084736,27.90833333333333,14.633333333333333,77.625,1007.2708333333334,,23.333333333333332,0.0,82.5,25.21666666666667,218.79166666666666,,0.0,4.1000000000000005,56.541666666666664
2024-04-12 00:00:00+05:00,26.974999999999998,16.9875,76.70833333333333,1007.2916666666666,,21.858333333333334,0.0,37.208333333333336,271.25,27.974999999999998,285.7083333333333,35.5375,13.379166666666668,260.7916666666667,15.095833333333333,6.375,69.875,39.416666666666664,0.32125,63.458333333333336,12.0,4.0,4.0,2.0,63.791666666666664,69.04166666666667,-0.3333333333333333,65.15277777777779,67.86458333333333,65.30092592592592,1.496290629603644,5.3809789311281975,4.942048487220507,66.81701686060036,5.0537068482999254,26.608333333333334,7.533333333333334,80.5,1010.3125,,22.679166666666664,0.14166666666666666,98.58333333333333,15.2125,125.41666666666667,,-0.1333333333333305,5.116666666666667,66.41666666666667
2024-04-13 00:00:00+05:00,27.90833333333333,14.633333333333333,77.625,1007.2708333333334,,23.333333333333332,0.0,82.5,254.20833333333334,25.21666666666667,218.79166666666666,45.93333333333334,14.408333333333333,225.41666666666666,13.416666666666666,5.425,61.041666666666664,64.45833333333333,0.46875,56.541666666666664,13.0,4.0,5.0,2.0,56.5,63.458333333333336,0.041666666666666664,56.638888888888886,59.317708333333336,64.14409722222221,0.7141575032407488,2.5866995384905724,5.613497777628642,59.30129858249297,4.195708620276087,26.391666666666666,10.991666666666667,75.91666666666667,1011.8000000000001,,21.566666666666666,0.0,98.66666666666667,19.679166666666667,206.625,,0.07916666666666099,4.575,88.04166666666667
2024-04-14 00:00:00+05:00,26.608333333333334,7.533333333333334,80.5,1010.3125,,22.679166666666664,0.14166666666666666,98.58333333333333,203.54166666666666,15.2125,125.41666666666667,111.98333333333333,25.629166666666666,291.7083333333333,21.412499999999998,14.487499999999999,51.833333333333336,205.08333333333334,0.5325,66.41666666666667,14.0,4.0,6.0,2.0,65.58333333333333,56.541666666666664,0.8333333333333334,63.791666666666664,59.82465277777778,62.33564814814815,1.3300905488736379,2.9427513262742586,5.984711479638172,61.073334488656656,3.6332385797802877,28.09583333333333,12.608333333333334,73.0,1010.7916666666666,,22.150000000000002,0.0,91.875,21.520833333333332,200.16666666666666,,0.28333333333333616,3.9291666666666667,65.5
2024-04-15 00:00:00+05:00,26.391666666666666,10.991666666666667,75.91666666666667,1011.8000000000001,,21.566666666666666,0.0,98.66666666666667,256.25,19.679166666666667,206.625,73.21249999999999,22.349999999999998,314.2083333333333,19.058333333333334,8.466666666666667,57.708333333333336,105.04166666666667,0.44416666666666665,88.04166666666667,15.0,4.0,0.0,2.0,88.16666666666667,66.41666666666667,-0.125,87.5486111111111,78.80381944444444,65.98206018518518,2.453208921129524,8.277596719619355,10.94555945563579,79.71588490198542,10.555595741293475,28.8625,10.533333333333333,56.541666666666664,1008.475,,18.633333333333333,0.0,54.708333333333336,19.291666666666668,258.6666666666667,,0.21666666666666856,4.825,82.95833333333333
2024-04-16 00:00:00+05:00,28.09583333333333,12.608333333333334,73.0,1010.7916666666666,,22.150000000000002,0.0,91.875,306.7916666666667,21.520833333333332,200.16666666666666,72.05833333333334,21.683333333333334,288.125,17.058333333333334,14.820833333333333,71.125,111.08333333333333,0.4275,65.5,16.0,4.0,1.0,2.0,65.70833333333333,88.04166666666667,-0.20833333333333334,67.13194444444444,77.05902777777779,71.89583333333333,2.356675007145022,8.879509554919322,12.960684779919744,73.8198097517644,10.1460847310922,27.2375,18.283333333333335,78.08333333333333,1007.3458333333333,,22.995833333333334,0.020833333333333332,42.833333333333336,29.920833333333334,214.91666666666666,,-0.2375000000000019,5.945833333333334,73.04166666666667
2024-04-17 00:00:00+05:00,28.8625,10.533333333333333,56.541666666666664,1008.475,,18.633333333333333,0.0,54.708333333333336,236.91666666666666,19.291666666666668,258.6666666666667,62.84166666666667,24.59583333333333,349.0416666666667,20.366666666666667,14.204166666666666,83.125,75.91666666666667,0.3383333333333334,82.95833333333333,17.0,4.0,2.0,2.0,82.625,65.5,0.3333333333333333,81.07638888888889,72.984375,76.2824074074074,2.162874703448475,6.994374905603622,10.962182983055385,75.91996332949392,8.331448387584118,26.704166666666666,26.145833333333332,70.66666666666667,1005.8958333333334,,20.670833333333334,0.0,5.75,40.31666666666667,289.8333333333333,,-0.25833333333333525,10.229166666666666,82.5
2024-04-18 00:00:00+05:00,27.2375,18.283333333333335,78.08333333333333,1007.3458333333333,,22.995833333333334,0.020833333333333332,42.833333333333336,244.08333333333334,29.920833333333334,214.91666666666666,86.11666666666667,22.791666666666668,189.95833333333334,9.6625,5.3125,63.916666666666664,146.04166666666666,0.6591666666666667,73.04166666666667,18.0,4.0,3.0,2.0,73.25,82.95833333333333,-0.20833333333333334,74.20833333333333,79.33333333333333,76.45891203703704,1.6594406762629077,4.827875922093113,9.552375259058783,77.1746678190077,6.043280046539781,27.754166666666666,21.295833333333334,66.125,1006.2083333333334,,19.916666666666668,0.0,76.70833333333333,33.65416666666667,264.25,,-0.19166666666666762,4.241666666666666,79.875
2024-04-19 00:00:00+05:00,26.704166666666666,26.145833333333332,70.66666666666667,1005.8958333333334,,20.670833333333334,0.0,5.75,261.25,40.31666666666667,289.8333333333333,57.387499999999996,25.616666666666664,206.70833333333334,6.3125,3.920833333333333,113.20833333333333,45.166666666666664,0.21666666666666667,82.5,19.0,4.0,4.0,2.0,82.25,73.04166666666667,0.25,80.97222222222221,75.82465277777779,76.04745370370371,2.226978249966285,4.323069808119901,7.3501990278425815,77.57810404120305,5.203864226492635,27.545833333333334,21.791666666666668,71.625,1006.8083333333334,,21.462500000000002,0.0,16.291666666666668,34.61666666666667,295.1666666666667,,-0.0833333333333286,6.033333333333334,76.25
2024-04-20 00:00:00+05:00,27.754166666666666,21.295833333333334,66.125,1006.2083333333334,,19.916666666666668,0.0,76.70833333333333,266.4166666666667,33.65416666666667,264.25,48.67916666666667,21.691666666666666,231.41666666666666,8.245833333333334,4.575,111.20833333333333,39.333333333333336,0.17416666666666666,79.875,20.0,4.0,5.0,2.0,80.16666666666667,82.5,-0.2916666666666667,81.31944444444444,83.38194444444444,79.51331018518518,1.5017388824455644,4.59161065388017,6.308605652855804,82.15948529756726,4.959869596681733,27.554166666666664,23.849999999999998,75.54166666666667,1007.4,,22.46666666666667,0.0,1.5833333333333333,37.795833333333334,296.7083333333333,,0.09999999999999432,7.8374999999999995,73.875
2024-04-21 00:00:00+05:00,27.545833333333334,21.791666666666668,71.625,1006.8083333333334,,21.462500000000002,0.0,16.291666666666668,263.9166666666667,34.61666666666667,295.1666666666667,54.31666666666666,23.3125,233.70833333333334,9.191666666666666,4.7875000000000005,98.91666666666667,49.541666666666664,0.1775,76.25,21.0,4.0,6.0,2.0,76.125,79.875,0.125,75.77777777777779,76.77083333333333,78.65914351851852,0.5696059949381206,2.6214781140823993,5.705287131466558,76.9882669817982,3.579633692146542,27.337500000000002,19.79583333333333,78.66666666666667,1006.4791666666666,,22.95,0.0,0.375,31.820833333333336,298.0833333333333,,0.008333333333335228,6.083333333333333,70.625
2024-04-22 00:00:00+05:00,27.554166666666664,23.849999999999998,75.54166666666667,1007.4,,22.46666666666667,0.0,1.5833333333333333,265.5,37.795833333333334,296.7083333333333,57.550000000000004,20.458333333333332,196.04166666666666,8.466666666666667,4.0874999999999995,70.5,75.45833333333333,0.18125,73.875,22.0,4.0,0.0,2.0,74.08333333333333,76.25,-0.20833333333333334,74.70833333333333,76.02777777777779,78.72685185185186,0.5245743310205352,1.8070646102242234,4.720971006439782,75.7725322057959,2.133535213816209,27.337500000000002,18.337500000000002,78.25,1005.9583333333334,,22.84583333333333,0.0,17.25,30.270833333333332,293.6666666666667,,0.08333333333333807,5.0874999999999995,69.0
2024-04-23 00:00:00+05:00,27.337500000000002,19.79583333333333,78.66666666666667,1006.4791666666666,,22.95,0.0,0.375,255.875,31.820833333333336,298.0833333333333,56.55416666666667,19.795833333333334,201.41666666666666,9.141666666666667,4.5249999999999995,78.79166666666667,69.5,0.18041666666666667,70.625,23.0,4.0,1.0,2.0,70.66666666666667,73.875,-0.041666666666666664,70.79166666666667,71.91493055555556,74.9045138888889,0.33815375675922504,1.1143932308479878,2.9716479290275193,72.00051052062453,1.943719756125766,27.391666666666666,21.087500000000002,79.08333333333333,1006.0124999999999,,23.087500000000002,0.0,15.166666666666666,33.30416666666667,297.2083333333333,,-0.17083333333333903,4.3875,68.5
2024-04-24 00:00:00+05:00,27.337500000000002,18.337500000000002,78.25,1005.9583333333334,,22.84583333333333,0.0,17.25,265.375,30.270833333333332,293.6666666666667,51.10833333333333,19.320833333333333,216.95833333333334,10.200000000000001,5.120833333333333,72.79166666666667,56.5,0.19833333333333333,69.0,24.0,4.0,2.0,2.0,69.08333333333333,70.625,-0.08333333333333333,69.3125,69.97222222222221,72.63831018518518,0.36097552998815585,0.7458828566243904,2.8712441401119015,70.02975192391523,1.2777023090093949,28.09583333333333,23.05,75.125,1006.2375000000001,,22.954166666666666,0.0,38.75,36.329166666666666,274.375,,0.041666666666671404,4.491666666666666,62.708333333333336
2024-04-25 00:00:00+05:00,27.391666666666666,21.087500000000002,79.08333333333333,1006.0124999999999,,23.087500000000002,0.0,15.166666666666666,264.2916666666667,33.30416666666667,297.2083333333333,46.14166666666667,16.591666666666665,216.20833333333334,11.0875,4.695833333333334,67.75,55.791666666666664,0.21291666666666667,68.5,25.0,4.0,3.0,2.0,68.66666666666667,69.0,-0.16666666666666666,69.0,69.05381944444444,70.3136574074074,0.4878812610747472,0.8441262131507424,1.5422350287207243,69.18130253293678,1.0226085803275329,27.754166666666666,19.070833333333333,76.58333333333333,1007.3791666666666,,22.84166666666667,0.0,14.916666666666666,31.958333333333332,289.5833333333333,,-0.07916666666667045,4.304166666666667,64.70833333333333
2024-04-26 00:00:00+05:00,28.09583333333333,23.05,75.125,1006.2375000000001,,22.954166666666666,0.0,38.75,263.0,36.329166666666666,274.375,65.68333333333334,16.816666666666666,200.08333333333334,8.033333333333333,4.216666666666667,77.125,103.66666666666667,0.38833333333333336,62.708333333333336,26.0,4.0,4.0,2.0,62.708333333333336,68.5,0.0,62.8125,65.16493055555556,68.0636574074074,0.7173904466453419,2.2889528819045717,2.643160081973591,64.81187997978776,2.734495259565699,28.433333333333334,20.116666666666667,74.79166666666667,1007.6833333333334,,22.883333333333336,0.0,22.916666666666668,31.962500000000002,283.0,,0.08333333333333333,5.1416666666666675,63.166666666666664
2024-04-27 00:00:00+05:00,27.754166666666666,19.070833333333333,76.58333333333333,1007.3791666666666,,22.84166666666667,0.0,14.916666666666666,258.2083333333333,31.958333333333332,289.5833333333333,60.03333333333333,15.9125,219.83333333333334,10.241666666666667,4.8125,75.91666666666667,95.375,0.34833333333333333,64.70833333333333,27.0,4.0,5.0,2.0,64.79166666666667,62.708333333333336,-0.08333333333333333,64.88194444444444,63.907986111111114,66.04224537037037,0.1540629128175466,1.1710197259307942,2.9763899357727315,64.39723933041203,1.6026491314487312,30.633333333333336,20.308333333333334,41.916666666666664,1008.3083333333334,,12.762500000000001,0.0,0.0,32.954166666666666,306.6666666666667,,0.11666666666666477,4.9125000000000005,76.08333333333333
2024-04-28 00:00:00+05:00,28.433333333333334,20.116666666666667,74.79166666666667,1007.6833333333334,,22.883333333333336,0.0,22.916666666666668,264.4166666666667,31.962500000000002,283.0,66.26666666666667,18.016666666666666,225.25,11.408333333333333,6.2124999999999995,77.79166666666667,112.58333333333333,0.35250000000000004,63.166666666666664,28.0,4.0,6.0,2.0,63.041666666666664,64.70833333333333,0.125,62.895833333333336,63.560763888888886,64.21122685185185,0.4428975058284817,1.0334781933839132,2.069916954490432,63.40439244745132,1.2316679022976398,30.75,21.77916666666667,36.625,1007.3666666666667,,9.879166666666666,0.0,7.375,35.07083333333333,314.5,,0.07083333333333997,5.550000000000001,90.95833333333333
2024-04-29 00:00:00+05:00,30.633333333333336,20.308333333333334,41.916666666666664,1008.3083333333334,,12.762500000000001,0.0,0.0,288.4166666666667,32.954166666666666,306.6666666666667,118.32916666666667,26.879166666666666,259.7916666666667,13.525,6.3,90.0,225.08333333333334,0.38458333333333333,76.08333333333333,29.0,4.0,0.0,2.0,75.41666666666667,63.166666666666664,0.6666666666666666,73.63888888888889,68.11458333333333,65.19444444444444,2.3153427257959316,4.102598785404415,3.5197250741336625,69.33471490033445,4.6443502403168075,29.633333333333336,20.241666666666667,20.916666666666668,1005.3291666666668,,0.5499999999999999,0.0,16.0,32.8375,323.0833333333333,,0.09166666666665908,17.870833333333334,93.5
2024-04-30 00:00:00+05:00,30.75,21.77916666666667,36.625,1007.3666666666667,,9.879166666666666,0.0,7.375,290.7916666666667,35.07083333333333,314.5,127.33333333333333,30.208333333333332,255.66666666666666,12.129166666666668,6.566666666666666,102.29166666666667,237.70833333333334,0.2791666666666667,90.95833333333333,30.0,4.0,1.0,2.0,90.625,76.08333333333333,0.3333333333333333,89.54166666666667,84.01736111111111,71.89756944444444,2.332253453191004,5.4911867188235695,9.849050355936482,84.09966390560994,7.777146076920808,28.77916666666667,14.729166666666666,55.125,1004.6125000000001,,16.483333333333334,0.0,80.04166666666667,25.287499999999998,301.0,,-0.3333333333333286,20.870833333333334,119.16666666666667
2024-05-01 00:00:00+05:00,29.633333333333336,20.241666666666667,20.916666666666668,1005.3291666666668,,0.5499999999999999,0.0,16.0,294.9166666666667,32.8375,323.0833333333333,146.82500000000002,35.112500000000004,257.625,13.220833333333333,9.279166666666667,100.45833333333333,282.7083333333333,0.22,93.5,1.0,5.0,2.0,2.0,93.16666666666667,90.95833333333333,0.3333333333333333,92.7013888888889,92.14756944444444,81.42650462962963,1.860653989278682,3.1746832542947305,11.091050330372584,91.27499154359724,5.05972421476774,29.09583333333333,21.96666666666667,70.91666666666667,1005.4375,,22.775000000000002,0.0,99.41666666666667,33.833333333333336,162.58333333333334,,-0.1041666666666714,29.083333333333332,79.625
2024-05-02 00:00:00+05:00,28.77916666666667,14.729166666666666,55.125,1004.6125000000001,,16.483333333333334,0.0,80.04166666666667,191.66666666666666,25.287499999999998,301.0,114.87083333333334,38.175000000000004,325.375,17.258333333333333,11.5375,108.20833333333333,178.54166666666666,0.26875,119.16666666666667,2.0,5.0,3.0,2.0,118.66666666666667,93.5,0.5,113.96527777777777,101.69791666666667,92.62094907407408,8.097746181381643,9.411798684086149,10.430797837720446,103.99792874538015,11.429700381945432,29.108333333333334,25.245833333333334,69.70833333333333,1007.2416666666667,,22.458333333333332,0.0,68.83333333333333,39.44583333333333,274.5833333333333,,0.012500000000002842,12.295833333333334,74.70833333333333
2024-05-03 00:00:00+05:00,29.09583333333333,21.96666666666667,70.91666666666667,1005.4375,,22.775000000000002,0.0,99.41666666666667,263.375,33.833333333333336,162.58333333333334,52.975,17.508333333333333,231.08333333333334,11.579166666666666,5.720833333333334,62.0,74.95833333333333,0.2504166666666667,79.625,3.0,5.0,4.0,2.0,81.5,119.16666666666667,-1.875,89.55555555555556,108.89756944444444,100.91435185185185,7.269959357023731,27.130739002318716,20.44872598618488,102.38828411584109,25.541264650010245,28.816666666666666,22.941666666666666,74.16666666666667,1005.7125,,23.445833333333336,0.0,30.791666666666668,36.854166666666664,293.2916666666667,,0.09583333333334092,6.320833333333333,69.29166666666667
2024-05-04 00:00:00+05:00,29.108333333333334,25.245833333333334,69.70833333333333,1007.2416666666667,,22.458333333333332,0.0,68.83333333333333,267.0833333333333,39.44583333333333,274.5833333333333,48.5625,21.46666666666667,207.875,8.291666666666666,4.379166666666666,79.75,44.5,0.20625000000000002,74.70833333333333,4.0,5.0,5.0,2.0,74.33333333333333,79.625,0.375,73.22916666666667,72.703125,94.43287037037037,1.398968385707385,6.869360997178217,25.20881077230264,76.49904196755335,15.489384061656006,30.004166666666666,21.054166666666667,65.54166666666667,1004.6041666666666,,22.325,0.0,0.041666666666666664,33.62083333333333,300.375,,0.15416666666666382,6.6499999999999995,62.208333333333336
2024-05-05 00:00:00+05:00,28.816666666666666,22.941666666666666,74.16666666666667,1005.7125,,23.445833333333336,0.0,30.791666666666668,270.0,36.854166666666664,293.2916666666667,48.958333333333336,18.224999999999998,191.41666666666666,7.370833333333334,3.891666666666667,64.70833333333333,58.541666666666664,0.29958333333333337,69.29166666666667,5.0,5.0,6.0,2.0,69.54166666666667,74.70833333333333,-0.25,70.25,73.16145833333333,84.9207175925926,0.7512368152792059,3.1952498638585793,23.73727695762344,72.63653437296139,6.588377411124,30.104166666666668,18.7375,67.04166666666667,1005.2583333333333,,22.787499999999998,0.0,0.0,30.745833333333334,302.3333333333333,,-0.28749999999999903,5.370833333333334,67.08333333333333
2024-05-06 00:00:00+05:00,30.004166666666666,21.054166666666667,65.54166666666667,1004.6041666666666,,22.325,0.0,0.041666666666666664,267.5416666666667,33.62083333333333,300.375,60.6875,15.112499999999999,208.5,10.5,4.579166666666667,69.5,105.58333333333333,0.41875,62.208333333333336,6.0,5.0,0.0,2.0,62.5,69.29166666666667,-0.2916666666666667,63.298611111111114,66.16493055555556,70.67650462962963,0.9569389327799286,2.512581041733597,5.883885428222784,66.03953239580322,4.356585182451764,29.579166666666666,17.412499999999998,77.91666666666667,1005.0833333333334,,24.8125,0.0,1.2083333333333333,29.058333333333334,299.875,,-0.058333333333332384,7.679166666666667,57.25
2024-05-07 00:00:00+05:00,30.104166666666668,18.7375,67.04166666666667,1005.2583333333333,,22.787499999999998,0.0,0.0,262.8333333333333,30.745833333333334,302.3333333333333,62.0875,17.716666666666665,237.25,12.704166666666666,5.6499999999999995,76.33333333333333,98.54166666666667,0.2804166666666667,67.08333333333333,7.0,5.0,1.0,2.0,66.83333333333333,62.208333333333336,0.25,66.0625,63.36284722222222,67.56307870370371,0.8681797348883142,2.7117723758296197,5.339996358416552,64.59229984454052,3.4049104126042207,29.599999999999998,18.491666666666667,79.95833333333333,1004.0916666666667,,25.40416666666667,0.0,24.0,30.595833333333335,295.1666666666667,,0.22916666666666194,7.316666666666666,50.625
2024-05-08 00:00:00+05:00,29.579166666666666,17.412499999999998,77.91666666666667,1005.0833333333334,,24.8125,0.0,1.2083333333333333,261.4583333333333,29.058333333333334,299.875,31.9375,9.320833333333333,205.25,11.779166666666667,5.670833333333333,61.166666666666664,46.125,0.20541666666666666,57.25,8.0,5.0,2.0,2.0,57.916666666666664,67.08333333333333,-0.6666666666666666,59.729166666666664,64.515625,64.68113425925925,1.418962694585707,3.9945911946718087,4.055286388450086,63.01623087529476,4.362761441367776,29.270833333333332,15.308333333333332,78.29166666666667,1005.1791666666667,,24.8875,0.0,36.875,26.208333333333332,293.375,,-0.22499999999999906,4.766666666666667,53.666666666666664
2024-05-09 00:00:00+05:00,29.599999999999998,18.491666666666667,79.95833333333333,1004.0916666666667,,25.40416666666667,0.0,24.0,255.45833333333334,30.595833333333335,295.1666666666667,33.52916666666667,9.904166666666667,194.95833333333334,10.125,5.5375000000000005,55.75,50.0,0.19416666666666668,50.625,9.0,5.0,3.0,2.0,50.583333333333336,57.25,0.041666666666666664,50.583333333333336,52.53472222222222,60.13773148148149,0.199751224783022,2.3417902867671816,6.726427363120725,53.099805770413205,4.836976289112029,29.204166666666666,13.945833333333333,76.0,1006.8916666666668,,24.320833333333336,0.0,13.958333333333334,24.5125,285.7916666666667,,0.004166666666667614,4.195833333333333,60.583333333333336
2024-05-10 00:00:00+05:00,29.270833333333332,15.308333333333332,78.29166666666667,1005.1791666666667,,24.8875,0.0,36.875,249.29166666666666,26.208333333333332,293.375,41.93333333333333,11.9375,210.66666666666666,10.066666666666666,6.279166666666666,58.375,60.0,0.16708333333333333,53.666666666666664,10.0,5.0,4.0,2.0,53.541666666666664,50.625,0.125,53.166666666666664,51.857638888888886,56.30266203703704,0.32383097198604344,1.1313892994709849,6.76651323419049,52.48137437558626,2.230504341332647,29.566666666666666,14.4125,77.125,1006.9625,,24.929166666666664,0.0,24.708333333333332,24.891666666666666,291.3333333333333,,0.17499999999999716,4.383333333333334,65.66666666666667
2024-05-11 00:00:00+05:00,29.204166666666666,13.945833333333333,76.0,1006.8916666666668,,24.320833333333336,0.0,13.958333333333334,227.33333333333334,24.5125,285.7916666666667,58.64166666666667,16.370833333333334,206.58333333333334,10.416666666666666,7.2749999999999995,68.29166666666667,84.75,0.24166666666666667,60.583333333333336,11.0,5.0,5.0,2.0,60.208333333333336,53.666666666666664,0.375,59.236111111111114,56.411458333333336,53.60127314814815,0.7970427531656415,2.120203763982662,3.420408632625817,56.840534441245175,2.7797500482199506,29.233333333333334,13.920833333333334,79.375,1006.8416666666667,,25.05,0.0,11.666666666666666,25.016666666666666,296.8333333333333,,0.1999999999999981,4.883333333333333,69.20833333333333
2024-05-12 00:00:00+05:00,29.566666666666666,14.4125,77.125,1006.9625,,24.929166666666664,0.0,24.708333333333332,251.58333333333334,24.891666666666666,291.3333333333333,68.15416666666667,15.379166666666668,222.0,11.475,7.545833333333333,85.58333333333333,117.25,0.3975,65.66666666666667,12.0,5.0,6.0,2.0,65.75,60.583333333333336,-0.08333333333333333,65.375,62.96180555555555,57.07696759259259,3.4038932078400563,3.231932835083264,5.305590608446168,62.83830036362459,4.6215050915999,29.09583333333333,12.891666666666666,75.625,1008.1166666666667,,23.929166666666664,0.0,14.458333333333334,22.633333333333336,297.9583333333333,,-0.04166666666666193,4.637499999999999,73.91666666666667
2024-05-13 00:00:00+05:00,29.233333333333334,13.920833333333334,79.375,1006.8416666666667,,25.05,0.0,11.666666666666666,253.95833333333334,25.016666666666666,296.8333333333333,100.325,19.258333333333333,225.91666666666666,12.799999999999999,8.191666666666666,79.875,198.91666666666666,0.33375,69.20833333333333,13.0,5.0,0.0,2.0,68.75,65.66666666666667,0.4583333333333333,67.90277777777779,66.67013888888889,62.01446759259259,2.6746219940959968,7.643473251631861,6.698624142321303,66.64273417164519,6.947588957096837,30.59166666666667,16.537499999999998,67.29166666666667,1008.3333333333334,,22.820833333333336,0.0,0.5416666666666666,27.75,299.7916666666667,,-0.020833333333333332,4.183333333333333,65.29166666666667
2024-05-14 00:00:00+05:00,29.09583333333333,12.891666666666666,75.625,1008.1166666666667,,23.929166666666664,0.0,14.458333333333334,257.4166666666667,22.633333333333336,297.9583333333333,66.63333333333334,19.129166666666666,241.125,15.133333333333333,8.654166666666667,82.5,107.58333333333333,0.21083333333333332,73.91666666666667,14.0,5.0,1.0,2.0,74.08333333333333,69.20833333333333,-0.16666666666666666,74.09722222222221,72.10763888888889,67.24652777777779,4.165496142384043,5.529893517813311,7.053905361752606,72.0121200064056,6.358086461951732,30.070833333333336,17.974999999999998,70.125,1008.5416666666666,,23.337500000000002,0.0,0.5416666666666666,29.6375,301.375,,0.10416666666666667,5.166666666666667,60.708333333333336
2024-05-15 00:00:00+05:00,30.59166666666667,16.537499999999998,67.29166666666667,1008.3333333333334,,22.820833333333336,0.0,0.5416666666666666,279.9583333333333,27.75,299.7916666666667,38.87916666666667,13.991666666666667,197.45833333333334,11.383333333333333,5.916666666666667,75.41666666666667,51.333333333333336,0.17166666666666666,65.29166666666667,15.0,5.0,2.0,2.0,65.66666666666667,73.91666666666667,-0.375,67.26388888888889,71.69618055555556,70.15798611111111,1.9213946569619151,8.383259518048343,8.014215323639595,70.5070348314236,7.758824397927076,30.858333333333334,19.525000000000002,69.125,1006.4583333333334,,23.5625,0.0,0.875,31.741666666666664,302.4583333333333,,0.1583333333333267,7.770833333333333,62.708333333333336
2024-05-16 00:00:00+05:00,30.070833333333336,17.974999999999998,70.125,1008.5416666666666,,23.337500000000002,0.0,0.5416666666666666,280.875,29.6375,301.375,39.37916666666667,15.570833333333333,231.375,12.441666666666668,5.604166666666667,67.29166666666667,44.875,0.15416666666666667,60.708333333333336,16.0,5.0,3.0,2.0,60.625,65.29166666666667,0.08333333333333333,60.4375,61.765625,68.52314814814815,0.41603820734248176,2.3140471705660643,8.023503449897758,62.3359861696974,4.7780871788624735,31.3125,19.9875,67.375,1004.7624999999999,,23.004166666666666,0.0,0.041666666666666664,32.05833333333333,304.0833333333333,,-0.18333333333333238,6.733333333333333,60.25
2024-05-17 00:00:00+05:00,30.858333333333334,19.525000000000002,69.125,1006.4583333333334,,23.5625,0.0,0.875,278.2916666666667,31.741666666666664,302.4583333333333,48.387499999999996,16.529166666666665,231.375,11.8375,4.966666666666667,68.79166666666667,68.33333333333333,0.18625,62.708333333333336,17.0,5.0,4.0,2.0,62.625,60.708333333333336,0.08333333333333333,62.416666666666664,61.770833333333336,65.07754629629629,0.19975122478472473,0.6565874362454919,6.936134612035918,62.08933392612361,1.9084552442815539,30.116666666666664,18.95,75.5,1002.9041666666667,,24.875,0.0,7.583333333333333,30.6125,298.75,,-0.22916666666666194,7.295833333333333,50.333333333333336
2024-05-18 00:00:00+05:00,31.3125,19.9875,67.375,1004.7624999999999,,23.004166666666666,0.0,0.041666666666666664,274.6666666666667,32.05833333333333,304.0833333333333,27.875,11.0875,219.0,11.1875,4.754166666666666,66.625,31.75,0.2175,60.25,18.0,5.0,5.0,2.0,60.666666666666664,62.708333333333336,-0.4166666666666667,61.55555555555555,62.661458333333336,62.06597222222222,0.6831069169976022,1.3841306741000008,2.009110177855488,62.28291140093133,1.666703293263834,30.929166666666664,22.575,75.58333333333333,1002.3874999999999,,25.787499999999998,0.0,2.875,35.99166666666667,297.25,,-0.25,8.308333333333335,49.75
2024-05-19 00:00:00+05:00,30.116666666666664,18.95,75.5,1002.9041666666667,,24.875,0.0,7.583333333333333,258.8333333333333,30.6125,298.75,25.045833333333334,8.520833333333334,186.29166666666666,10.470833333333333,5.1499999999999995,53.208333333333336,30.125,0.18958333333333333,50.333333333333336,19.0,5.0,6.0,2.0,50.625,60.25,-0.2916666666666667,51.395833333333336,55.177083333333336,59.869791666666664,0.6874320781670026,3.103701498851814,4.077913534208669,54.749839189578786,4.104488700251392,31.370833333333334,21.704166666666666,73.83333333333333,1002.1458333333334,,25.729166666666668,0.0,0.0,34.65416666666667,298.0,,-0.3333333333333381,5.241666666666666,54.833333333333336
2024-05-20 00:00:00+05:00,30.929166666666664,22.575,75.58333333333333,1002.3874999999999,,25.787499999999998,0.0,2.875,249.41666666666666,35.99166666666667,297.25,37.358333333333334,10.320833333333333,186.08333333333334,8.950000000000001,4.375,60.25,56.5,0.37625,49.75,20.0,5.0,0.0,2.0,49.5,50.333333333333336,0.25,49.05555555555555,48.83506944444445,55.557870370370374,0.5821333136157832,1.6427674151831446,6.247285821520595,49.59809568147133,3.1194359394578726,31.570833333333336,22.84166666666667,70.75,1001.5083333333333,,25.295833333333334,0.0,0.0,36.59166666666667,299.7916666666667,,0.20000000000000284,5.141666666666667,61.458333333333336
2024-05-21 00:00:00+05:00,31.370833333333334,21.704166666666666,73.83333333333333,1002.1458333333334,,25.729166666666668,0.0,0.0,269.5,34.65416666666667,298.0,65.62083333333334,14.65,206.16666666666666,9.670833333333333,4.820833333333334,67.875,121.04166666666667,0.415,54.833333333333336,21.0,5.0,1.0,2.0,54.541666666666664,49.75,0.2916666666666667,53.791666666666664,52.00347222222222,52.005208333333336,0.7267126202426869,1.6295438401378757,3.7991081880277817,52.31478939287074,2.2278565943735207,30.941666666666666,20.7625,74.08333333333333,1000.4,,25.5625,0.0,0.041666666666666664,33.30833333333333,300.2083333333333,,-0.12083333333333239,5.641666666666667,61.625
2024-05-22 00:00:00+05:00,31.570833333333336,22.84166666666667,70.75,1001.5083333333333,,25.295833333333334,0.0,0.0,269.0,36.59166666666667,299.7916666666667,56.175000000000004,14.9,211.29166666666666,10.229166666666666,5.133333333333334,70.83333333333333,95.45833333333333,0.37958333333333333,61.458333333333336,22.0,5.0,2.0,2.0,61.416666666666664,54.833333333333336,0.041666666666666664,61.263888888888886,58.845486111111114,53.22800925925926,0.35785166285943865,2.3771668405780346,4.746920302021077,58.91418681591094,3.48441079725732,30.729166666666668,21.47083333333333,76.91666666666667,999.3791666666666,,25.90416666666667,0.0,4.833333333333333,34.4625,300.8333333333333,,-0.11249999999999716,6.2749999999999995,59.958333333333336
2024-05-23 00:00:00+05:00,30.941666666666666,20.7625,74.08333333333333,1000.4,,25.5625,0.0,0.041666666666666664,266.3333333333333,33.30833333333333,300.2083333333333,46.479166666666664,14.983333333333334,212.04166666666666,10.362499999999999,5.075,71.625,66.75,0.2841666666666667,61.625,23.0,5.0,3.0,2.0,61.625,61.458333333333336,0.0,61.625,61.57465277777778,57.47453703703704,0.19975122478444482,0.5021555324391443,4.502212389470778,61.23420093701231,1.6808259866244706,30.72083333333333,19.245833333333334,79.04166666666667,999.9875000000001,,26.412499999999998,0.0,6.916666666666667,31.46666666666667,300.4583333333333,,-0.1791666666666695,5.379166666666666,62.333333333333336
2024-05-24 00:00:00+05:00,30.729166666666668,21.47083333333333,76.91666666666667,999.3791666666666,,25.90416666666667,0.0,4.833333333333333,264.0,34.4625,300.8333333333333,36.99583333333333,13.591666666666667,188.04166666666666,10.070833333333335,5.670833333333333,75.83333333333333,42.208333333333336,0.23458333333333334,59.958333333333336,24.0,5.0,4.0,2.0,60.041666666666664,61.625,-0.08333333333333333,60.25,60.989583333333336,60.46990740740741,0.19975122478427784,0.6186474222927811,2.051410843476171,60.771433586530215,0.9230749004874986,30.954166666666666,22.204166666666666,77.45833333333333,1001.0458333333332,,26.258333333333336,0.0,12.291666666666666,35.479166666666664,296.7083333333333,,0.03333333333333618,4.825,66.66666666666667
2024-05-25 00:00:00+05:00,30.72083333333333,19.245833333333334,79.04166666666667,999.9875000000001,,26.412499999999998,0.0,6.916666666666667,262.125,31.46666666666667,300.4583333333333,58.13333333333333,17.554166666666667,188.25,10.633333333333333,5.8374999999999995,79.66666666666667,84.0,0.2529166666666667,62.333333333333336,25.0,5.0,5.0,2.0,62.041666666666664,59.958333333333336,0.2916666666666667,61.354166666666664,60.067708333333336,60.87731481481482,1.122609612045076,1.3696082689921567,1.2993832832052046,60.499913644397814,1.6064231813753203,30.962500000000002,26.84583333333333,78.125,999.9,,26.483333333333334,0.0,8.625,42.05416666666667,289.4166666666667,,0.0833333333333286,4.308333333333334,72.70833333333333
2024-05-26 00:00:00+05:00,30.954166666666666,22.204166666666666,77.45833333333333,1001.0458333333332,,26.258333333333336,0.0,12.291666666666666,267.0,35.479166666666664,296.7083333333333,56.12916666666666,18.650000000000002,178.79166666666666,8.725,4.745833333333334,71.875,77.33333333333333,0.34791666666666665,66.66666666666667,26.0,5.0,6.0,2.0,66.58333333333333,62.333333333333336,0.08333333333333333,66.45833333333333,65.20659722222221,62.08796296296296,0.37932995580638945,2.1241808489550693,2.936680905372104,65.13711595463239,2.6909094434269587,31.224999999999998,30.304166666666664,75.25,998.4041666666667,,26.116666666666664,0.0,1.2916666666666667,46.93333333333334,299.2083333333333,,0.012500000000002842,4.695833333333334,72.25
2024-05-27 00:00:00+05:00,30.962500000000002,26.84583333333333,78.125,999.9,,26.483333333333334,0.0,8.625,266.875,42.05416666666667,289.4166666666667,71.29166666666667,22.087500000000002,163.83333333333334,7.295833333333333,4.05,69.41666666666667,104.08333333333333,0.49374999999999997,72.70833333333333,27.0,5.0,0.0,2.0,72.41666666666667,66.66666666666667,0.2916666666666667,71.5625,68.90277777777779,64.72569444444444,0.6984800642999547,2.067225981087271,4.23443773036628,69.27714154232405,2.7728542612605858,32.87083333333333,30.641666666666666,63.541666666666664,996.35,,23.741666666666664,0.0,1.4166666666666667,47.07083333333333,314.1666666666667,,-0.15000000000000094,4.479166666666666,69.08333333333333
2024-05-28 00:00:00+05:00,31.224999999999998,30.304166666666664,75.25,998.4041666666667,,26.116666666666664,0.0,1.2916666666666667,261.3333333333333,46.93333333333334,299.2083333333333,56.02916666666667,18.783333333333335,155.41666666666666,6.3125,3.466666666666667,65.41666666666667,76.125,0.4175,72.25,28.0,5.0,1.0,2.0,72.5,72.70833333333333,-0.25,73.03472222222221,73.63541666666667,69.24826388888889,0.4567133059506425,1.4153306839818225,4.098026192295256,72.92927469577008,2.33811190141359,32.925000000000004,21.354166666666668,67.54166666666667,997.9958333333334,,24.712500000000002,0.0,0.0,35.083333333333336,309.75,,-0.3708333333333324,5.108333333333333,70.29166666666667
2024-05-29 00:00:00+05:00,32.87083333333333,30.641666666666666,63.541666666666664,996.35,,23.741666666666664,0.0,1.4166666666666667,263.375,47.07083333333333,314.1666666666667,82.37916666666666,20.891666666666666,179.33333333333334,7.875,3.775,75.66666666666667,149.83333333333334,0.42625,69.08333333333333,29.0,5.0,2.0,2.0,68.95833333333333,72.25,0.125,68.66666666666667,69.59722222222221,70.71180555555556,0.964465022763691,2.2397208807055073,3.184380762170303,69.58635681391468,2.681493186324991,30.820833333333336,20.233333333333334,79.54166666666667,999.7583333333333,,26.59166666666667,0.0,10.041666666666666,33.4375,307.3333333333333,,0.12083333333333239,9.129166666666668,69.08333333333333
2024-05-30 00:00:00+05:00,32.925000000000004,21.354166666666668,67.54166666666667,997.9958333333334,,24.712500000000002,0.0,0.0,245.16666666666666,35.083333333333336,309.75,64.30833333333334,18.333333333333332,189.95833333333334,9.604166666666666,5.158333333333333,76.41666666666667,103.54166666666667,0.32875,70.29166666666667,30.0,5.0,3.0,2.0,70.5,69.08333333333333,-0.20833333333333334,71.09027777777779,70.97395833333333,71.40219907407408,0.6839401455119326,2.255692923443829,2.8118024771764087,70.99763433182723,2.3664941592939104,31.95,17.020833333333332,68.375,999.0749999999999,,23.974999999999998,0.0,1.625,29.204166666666666,311.8333333333333,,0.3291666666666657,8.2125,91.66666666666667
2024-05-31 00:00:00+05:00,30.820833333333336,20.233333333333334,79.54166666666667,999.7583333333333,,26.59166666666667,0.0,10.041666666666666,220.04166666666666,33.4375,307.3333333333333,87.16666666666667,20.016666666666666,186.125,8.583333333333334,5.858333333333333,73.41666666666667,156.20833333333334,0.48583333333333334,69.08333333333333,31.0,5.0,4.0,2.0,68.91666666666667,70.29166666666667,0.16666666666666666,68.5,68.71354166666667,69.76157407407408,0.369426833920119,1.6049175600406365,2.505549232146958,68.82790251374179,1.875585781474695,30.479166666666668,18.183333333333334,78.45833333333333,1002.2458333333334,,26.141666666666666,0.0,21.875,30.145833333333332,290.7916666666667,,-0.004166666666662877,4.229166666666667,99.75
2024-06-01 00:00:00+05:00,31.95,17.020833333333332,68.375,999.0749999999999,,23.974999999999998,0.0,1.625,232.16666666666666,29.204166666666666,311.8333333333333,204.33333333333334,42.78333333333333,214.25,10.254166666666666,5.408333333333334,86.45833333333333,418.4583333333333,1.0395833333333333,91.66666666666667,1.0,6.0,5.0,2.0,89.45833333333333,69.08333333333333,2.2083333333333335,84.13194444444444,74.484375,71.390625,3.981668364853544,6.681665552882092,5.3888085576354685,76.64813916689796,7.745274033059893,30.041666666666668,19.775000000000002,74.41666666666667,1003.5666666666666,,24.8125,0.0,23.041666666666668,31.825,291.2916666666667,,0.07499999999999811,7.9750000000000005,63.583333333333336
2024-06-02 00:00:00+05:00,30.479166666666668,18.183333333333334,78.45833333333333,1002.2458333333334,,26.141666666666666,0.0,21.875,226.95833333333334,30.145833333333332,290.7916666666667,56.02916666666667,16.895833333333332,171.625,7.808333333333334,5.629166666666666,63.791666666666664,79.45833333333333,0.48875,99.75,2.0,6.0,6.0,2.0,102.20833333333333,91.66666666666667,-2.4583333333333335,107.95833333333333,107.8454861111111,83.68113425925925,4.855775217374585,17.602840566562175,21.389326499374267,104.93237856104624,20.647565773086665,30.045833333333334,26.333333333333332,72.0,1003.2624999999999,,24.3125,0.0,44.416666666666664,40.795833333333334,240.91666666666666,,0.28749999999999903,4.3374999999999995,65.79166666666667
2024-06-03 00:00:00+05:00,30.041666666666668,19.775000000000002,74.41666666666667,1003.5666666666666,,24.8125,0.0,23.041666666666668,243.41666666666666,31.825,291.2916666666667,78.12083333333334,15.933333333333332,156.54166666666666,7.0874999999999995,5.1125,61.5,144.66666666666666,0.4375,63.583333333333336,3.0,6.0,0.0,2.0,63.666666666666664,99.75,-0.08333333333333333,64.07638888888889,76.06423611111111,86.13136574074075,0.42881846193943113,12.851189783771302,23.20321720719677,74.98441862818122,18.724313763422085,30.1875,28.8625,70.70833333333333,1003.1458333333334,,24.125,0.0,36.75,44.1625,218.95833333333334,,0.058333333333332384,5.229166666666668,70.29166666666667
2024-06-04 00:00:00+05:00,30.045833333333334,26.333333333333332,72.0,1003.2624999999999,,24.3125,0.0,44.416666666666664,248.20833333333334,40.795833333333334,240.91666666666666,71.67083333333333,19.041666666666668,137.375,5.45,3.8041666666666667,63.5,114.04166666666667,0.4141666666666666,65.79166666666667,4.0,6.0,1.0,2.0,65.54166666666667,63.583333333333336,0.25,64.98611111111111,63.86805555555555,82.5925925925926,0.4581015972406175,1.0841049562776641,24.498499905088583,65.70755961810387,8.13415153852108,30.458333333333332,25.045833333333334,74.33333333333333,1004.3208333333333,,25.270833333333332,0.025000000000000005,46.666666666666664,38.87083333333333,193.29166666666666,,-0.0500000000000019,5.733333333333333,71.95833333333333
2024-06-05 00:00:00+05:00,30.1875,28.8625,70.70833333333333,1003.1458333333334,,24.125,0.0,36.75,248.875,44.1625,218.95833333333334,72.64583333333333,20.104166666666668,139.125,5.241666666666666,3.4791666666666665,60.416666666666664,111.625,0.5191666666666667,70.29166666666667,5.0,6.0,2.0,2.0,70.20833333333333,65.79166666666667,0.08333333333333333,69.93055555555556,68.38541666666667,69.43923611111111,0.45095742381827936,1.456013518904234,10.012123612032235,68.6228707690045,3.479593868980816,30.483333333333334,21.254166666666666,73.125,1003.5375,,24.962500000000002,0.0,9.75,34.09166666666667,287.0833333333333,,0.029166666666673297,6.0625,72.95833333333333
2024-06-06 00:00:00+05:00,30.458333333333332,25.045833333333334,74.33333333333333,1004.3208333333333,,25.270833333333332,0.025000000000000005,46.666666666666664,249.70833333333334,38.87083333333333,193.29166666666666,67.03750000000001,21.629166666666666,142.875,5.7124999999999995,3.7583333333333333,59.958333333333336,92.25,0.7070833333333333,71.95833333333333,6.0,6.0,3.0,2.0,71.83333333333333,70.29166666666667,0.125,71.625,71.01041666666667,67.75462962962963,0.19975122478356247,0.5811603534015438,3.2227879282888083,70.90124828129471,1.6651533979725635,30.466666666666665,23.349999999999998,73.66666666666667,1002.1666666666666,,25.025000000000002,0.0,14.75,37.30833333333333,277.9583333333333,,0.15833333333333144,5.1875,67.25
2024-06-07 00:00:00+05:00,30.483333333333334,21.254166666666666,73.125,1003.5375,,24.962500000000002,0.0,9.75,260.125,34.09166666666667,287.0833333333333,71.77083333333333,19.587500000000002,164.04166666666666,6.883333333333333,4.729166666666667,61.208333333333336,112.91666666666667,0.535,72.95833333333333,7.0,6.0,4.0,2.0,73.125,71.95833333333333,-0.16666666666666666,73.3125,72.97916666666667,70.79166666666667,0.34665274521585854,0.8585095913038053,2.1675849296513783,72.85882061969617,1.27834398373575,30.383333333333336,21.912499999999998,75.20833333333333,1002.5666666666666,,25.275000000000002,0.0,27.166666666666668,35.1875,256.5416666666667,,-0.20000000000000284,5.520833333333333,60.625
2024-06-08 00:00:00+05:00,30.466666666666665,23.349999999999998,73.66666666666667,1002.1666666666666,,25.025000000000002,0.0,14.75,259.9166666666667,37.30833333333333,277.9583333333333,61.708333333333336,16.337500000000002,159.66666666666666,7.116666666666667,4.395833333333333,57.583333333333336,98.75,0.5795833333333333,67.25,8.0,6.0,5.0,2.0,67.5,72.95833333333333,-0.25,68.09722222222221,70.29513888888889,71.42824074074075,0.4905536401446761,1.8063453758491577,1.902935222683869,69.84373745817639,2.1090560443123567,30.3875,25.337500000000002,76.20833333333333,1003.0208333333334,,25.520833333333332,0.0,16.875,39.637499999999996,284.9166666666667,,-0.0833333333333286,5.441666666666666,60.625
2024-06-09 00:00:00+05:00,30.383333333333336,21.912499999999998,75.20833333333333,1002.5666666666666,,25.275000000000002,0.0,27.166666666666668,258.9583333333333,35.1875,256.5416666666667,50.6,14.049999999999999,152.625,7.479166666666667,4.55,58.625,76.95833333333333,0.4683333333333333,60.625,9.0,6.0,6.0,2.0,60.833333333333336,67.25,-0.20833333333333334,61.50694444444445,64.12847222222221,69.13425925925925,0.5900040730008796,2.0710775589721813,4.1482155218846195,63.97846593872416,3.075946460765806,30.479166666666668,26.645833333333332,73.375,1002.725,,25.008333333333336,0.0,26.541666666666668,41.324999999999996,269.3333333333333,,0.12083333333333239,5.108333333333333,65.0
2024-06-10 00:00:00+05:00,30.3875,25.337500000000002,76.20833333333333,1003.0208333333334,,25.520833333333332,0.0,16.875,261.9166666666667,39.637499999999996,284.9166666666667,49.73333333333333,15.495833333333332,147.5,6.670833333333333,4.245833333333334,60.166666666666664,70.58333333333333,0.38833333333333336,60.625,10.0,6.0,0.0,2.0,60.5,60.625,0.125,60.25694444444445,60.020833333333336,64.81481481481482,0.21676157021777864,0.8435555385236869,4.616331570226646,60.585282050424745,1.9970632862845241,30.71666666666667,27.070833333333336,71.29166666666667,1002.7208333333333,,24.754166666666666,0.0,34.916666666666664,42.00416666666667,254.29166666666666,,0.029166666666663826,4.866666666666667,68.0
2024-06-11 00:00:00+05:00,30.479166666666668,26.645833333333332,73.375,1002.725,,25.008333333333336,0.0,26.541666666666668,256.7916666666667,41.324999999999996,269.3333333333333,46.87083333333334,18.1875,154.125,6.1125,3.908333333333333,62.666666666666664,47.583333333333336,0.45458333333333334,65.0,11.0,6.0,1.0,2.0,64.79166666666667,60.625,0.20833333333333334,64.20833333333333,62.46006944444445,62.203125,0.5355734446326775,1.3586856495433572,2.6253108812314285,62.816248758183455,1.7511195363391148,30.875,25.958333333333332,70.54166666666667,1001.8541666666666,,24.84583333333333,0.012500000000000002,43.75,40.145833333333336,231.83333333333334,,-0.14166666666666097,5.470833333333334,70.66666666666667
2024-06-12 00:00:00+05:00,30.71666666666667,27.070833333333336,71.29166666666667,1002.7208333333333,,24.754166666666666,0.0,34.916666666666664,249.625,42.00416666666667,254.29166666666666,45.05833333333334,19.275000000000002,152.20833333333334,5.645833333333333,3.7416666666666667,63.083333333333336,37.041666666666664,0.39958333333333335,68.0,12.0,6.0,2.0,2.0,67.91666666666667,65.0,0.08333333333333333,67.72222222222221,66.72222222222221,63.067708333333336,0.17823465063760055,0.9517883978831732,3.0414560325385254,66.58458336111188,1.8342689492040194,30.95,22.958333333333332,72.91666666666667,1000.35,,25.425,0.016666666666666666,34.916666666666664,36.42916666666667,252.04166666666666,,0.020833333333328596,5.9624999999999995,74.125
2024-06-13 00:00:00+05:00,30.875,25.958333333333332,70.54166666666667,1001.8541666666666,,24.84583333333333,0.012500000000000002,43.75,246.75,40.145833333333336,231.83333333333334,53.95416666666667,21.4375,155.04166666666666,5.533333333333334,3.725,64.95833333333333,53.75,0.4070833333333333,70.66666666666667,13.0,6.0,3.0,2.0,70.5,68.0,0.16666666666666666,70.15277777777779,69.16666666666667,66.11631944444444,0.4321719077314496,0.8466817194026626,3.0031388486738186,69.1691362119073,1.4612588532229482,31.016666666666666,17.779166666666665,74.16666666666667,1000.1541666666667,,25.7625,0.016666666666666666,35.083333333333336,29.224999999999998,268.5833333333333,,-0.20000000000000284,6.029166666666668,72.125
2024-06-14 00:00:00+05:00,30.95,22.958333333333332,72.91666666666667,1000.35,,25.425,0.016666666666666666,34.916666666666664,241.5,36.42916666666667,252.04166666666666,66.97500000000001,21.349999999999998,145.375,5.820833333333333,4.054166666666666,62.875,88.70833333333333,0.4266666666666667,74.125,14.0,6.0,4.0,2.0,74.125,70.66666666666667,0.0,73.93055555555556,72.59548611111111,69.49479166666667,0.3951194624837702,1.3233056375022971,2.6621113539511163,72.628540608274,1.8905107876053437,31.041666666666668,20.345833333333335,73.75,1000.9291666666667,,25.670833333333334,0.004166666666666667,21.958333333333332,32.63333333333333,268.5833333333333,,-0.07499999999999811,5.5249999999999995,71.20833333333333
2024-06-15 00:00:00+05:00,31.016666666666666,17.779166666666665,74.16666666666667,1000.1541666666667,,25.7625,0.016666666666666666,35.083333333333336,230.70833333333334,29.224999999999998,268.5833333333333,70.71666666666667,19.595833333333335,158.75,7.3500000000000005,5.104166666666667,62.291666666666664,108.66666666666667,0.5545833333333333,72.125,15.0,6.0,5.0,2.0,72.25,74.125,-0.125,72.57638888888889,73.36979166666667,71.71064814814815,0.27229883523704596,0.7043021148244906,2.1983096685065746,72.99006527091449,1.0808197096100642,30.90416666666667,19.337500000000002,70.83333333333333,1001.1458333333334,,24.912499999999998,0.020833333333333332,38.291666666666664,31.508333333333336,234.33333333333334,,-0.004166666666667614,5.254166666666666,69.33333333333333
2024-06-16 00:00:00+05:00,31.041666666666668,20.345833333333335,73.75,1000.9291666666667,,25.670833333333334,0.004166666666666667,21.958333333333332,245.375,32.63333333333333,268.5833333333333,70.3875,20.645833333333332,181.54166666666666,7.720833333333334,5.2375,65.33333333333333,104.95833333333333,0.5337500000000001,71.20833333333333,16.0,6.0,6.0,2.0,71.125,72.125,0.08333333333333333,70.9375,71.16145833333333,72.37557870370371,0.40906438843707943,0.9843803431074326,1.5843817409497822,71.28019871292828,1.2199454431641625,31.22083333333333,22.608333333333334,69.70833333333333,999.9083333333333,,24.962500000000002,0.02916666666666667,52.333333333333336,35.02916666666667,203.45833333333334,,0.08333333333333333,5.370833333333334,68.54166666666667
2024-06-17 00:00:00+05:00,30.90416666666667,19.337500000000002,70.83333333333333,1001.1458333333334,,24.912499999999998,0.020833333333333332,38.291666666666664,239.33333333333334,31.508333333333336,234.33333333333334,97.54583333333333,19.933333333333334,175.95833333333334,7.454166666666667,5.1375,63.666666666666664,180.66666666666666,0.44875,69.33333333333333,17.0,6.0,0.0,2.0,69.375,71.20833333333333,-0.041666666666666664,69.67361111111111,70.71006944444444,71.74710648148148,0.5771851891823635,1.542312967650066,1.6467676509242708,70.45407152938887,1.5004325763311008,31.145833333333332,23.4875,75.58333333333333,996.0166666666668,,26.233333333333334,0.0,50.166666666666664,37.387499999999996,292.5416666666667,,0.06666666666666288,5.991666666666667,64.91666666666667
2024-06-18 00:00:00+05:00,31.22083333333333,22.608333333333334,69.70833333333333,999.9083333333333,,24.962500000000002,0.02916666666666667,52.333333333333336,241.20833333333334,35.02916666666667,203.45833333333334,57.5375,15.862499999999999,150.70833333333334,5.966666666666666,4.2124999999999995,58.75,84.91666666666667,0.5075,68.54166666666667,18.0,6.0,1.0,2.0,68.875,69.33333333333333,-0.3333333333333333,69.50694444444444,69.64583333333333,70.50578703703704,0.6943921773378716,1.4329384927002176,1.5595041240414647,69.77389031545793,1.5618383187557046,31.066666666666666,23.2625,81.29166666666667,993.6,,27.379166666666666,0.0,51.416666666666664,37.05416666666667,292.5833333333333,,-0.3166666666666629,6.258333333333334,77.91666666666667
2024-06-19 00:00:00+05:00,31.145833333333332,23.4875,75.58333333333333,996.0166666666668,,26.233333333333334,0.0,50.166666666666664,241.66666666666666,37.387499999999996,292.5416666666667,85.36666666666667,18.241666666666667,156.33333333333334,6.754166666666666,4.529166666666667,64.20833333333333,160.75,0.6058333333333333,64.91666666666667,19.0,6.0,2.0,2.0,64.75,68.54166666666667,0.16666666666666666,64.34027777777779,65.47569444444444,68.6105324074074,0.5216259492607068,2.496319040284186,3.0751296449413927,65.51091523732877,2.875835347770081,31.133333333333336,19.712500000000002,79.33333333333333,995.5708333333333,,26.995833333333334,0.016666666666666666,33.333333333333336,32.55833333333333,252.875,,-0.4875000000000019,4.9125,91.29166666666667
2024-06-20 00:00:00+05:00,31.066666666666666,23.2625,81.29166666666667,993.6,,27.379166666666666,0.0,51.416666666666664,210.08333333333334,37.05416666666667,292.5833333333333,134.475,30.5625,176.91666666666666,9.195833333333333,5.3625,72.70833333333333,257.0833333333333,1.0695833333333333,77.91666666666667,20.0,6.0,3.0,2.0,76.95833333333333,64.91666666666667,0.9583333333333334,74.75,69.41493055555556,68.17881944444444,1.7553616978771418,3.922497259241393,3.9611958747778115,70.66024831148674,4.504289939149732,31.400000000000002,14.887500000000001,76.08333333333333,997.7916666666666,,26.537499999999998,0.0,8.208333333333334,26.345833333333335,278.375,,-0.1333333333333305,3.6875,102.75
2024-06-21 00:00:00+05:00,31.133333333333336,19.712500000000002,79.33333333333333,995.5708333333333,,26.995833333333334,0.016666666666666666,33.333333333333336,206.45833333333334,32.55833333333333,252.875,129.775,28.641666666666666,169.91666666666666,8.454166666666667,5.733333333333333,68.875,244.25,1.0975,91.29166666666667,21.0,6.0,4.0,2.0,91.41666666666667,77.91666666666667,-0.125,91.6111111111111,87.1736111111111,74.02141203703704,1.2092274416035156,5.40574149230365,10.722103679457893,86.82885474402731,8.245291733415383,31.662499999999998,18.558333333333334,73.95833333333333,998.6625,,26.241666666666664,0.0,4.875,31.1375,283.2083333333333,,0.40833333333333616,4.1375,106.20833333333333
2024-06-22 00:00:00+05:00,31.400000000000002,14.887500000000001,76.08333333333333,997.7916666666666,,26.537499999999998,0.0,8.208333333333334,235.375,26.345833333333335,278.375,189.03333333333333,34.15416666666667,210.25,12.049999999999999,10.875,78.83333333333333,396.25,1.0791666666666666,102.75,22.0,6.0,5.0,2.0,101.5,91.29166666666667,1.25,98.44444444444444,93.171875,83.25347222222221,2.2969105893117865,5.771825043696967,11.662375336304159,93.8538126985792,7.074908353103038,32.329166666666666,20.716666666666665,71.41666666666667,996.4583333333334,,25.941666666666666,0.0,22.5,33.920833333333334,280.3333333333333,,0.16249999999999432,4.8625,90.41666666666667
2024-06-23 00:00:00+05:00,31.662499999999998,18.558333333333334,73.95833333333333,998.6625,,26.241666666666664,0.0,4.875,268.6666666666667,31.1375,283.2083333333333,139.20000000000002,26.554166666666664,199.04166666666666,11.204166666666666,6.6499999999999995,61.958333333333336,278.9166666666667,0.8216666666666667,106.20833333333333,23.0,6.0,6.0,2.0,107.20833333333333,102.75,-1.0,109.47916666666667,109.8125,96.7193287037037,1.8224340607300284,6.933687927255966,11.786517634367582,108.03585023983821,9.110879751855935,31.929166666666664,22.325,74.08333333333333,994.3708333333334,,26.308333333333334,0.0,17.0,36.020833333333336,285.3333333333333,,-0.05833333333332765,5.420833333333333,83.66666666666667
2024-06-24 00:00:00+05:00,32.329166666666666,20.716666666666665,71.41666666666667,996.4583333333334,,25.941666666666666,0.0,22.5,280.9583333333333,33.920833333333334,280.3333333333333,127.99166666666667,27.879166666666666,194.83333333333334,11.045833333333334,6.308333333333334,63.791666666666664,250.33333333333334,0.7179166666666666,90.41666666666667,24.0,6.0,0.0,2.0,90.66666666666667,106.20833333333333,-0.25,91.25,96.46354166666667,99.81597222222223,0.6755052677363448,5.198420404413018,10.47264180678651,95.93331740773688,7.569321563895486,31.504166666666666,15.754166666666668,74.79166666666667,994.8541666666666,,26.34166666666667,0.0,72.5,27.495833333333334,276.1666666666667,,-0.3750000000000047,6.387499999999999,83.79166666666667
2024-06-25 00:00:00+05:00,31.929166666666664,22.325,74.08333333333333,994.3708333333334,,26.308333333333334,0.0,17.0,262.3333333333333,36.020833333333336,285.3333333333333,111.32916666666667,26.675,190.75,11.429166666666667,7.2250000000000005,72.70833333333333,208.58333333333334,0.5279166666666667,83.66666666666667,25.0,6.0,1.0,2.0,83.83333333333333,90.41666666666667,-0.16666666666666666,84.55555555555556,87.3767361111111,97.88425925925925,0.686342890426299,2.2901791241831204,11.198462514608288,87.55621392760656,4.8355359876951445,32.30833333333333,15.766666666666666,70.70833333333333,995.7041666666668,,26.1375,0.0,68.875,27.804166666666664,269.125,,-0.01666666666666572,5.620833333333334,82.33333333333333
2024-06-26 00:00:00+05:00,31.504166666666666,15.754166666666668,74.79166666666667,994.8541666666666,,26.34166666666667,0.0,72.5,252.375,27.495833333333334,276.1666666666667,115.29583333333333,25.804166666666664,204.5,12.683333333333332,8.4375,77.0,218.16666666666666,0.605,83.79166666666667,26.0,6.0,2.0,2.0,83.83333333333333,83.66666666666667,-0.041666666666666664,83.74305555555556,83.47569444444444,89.10532407407408,1.1000641085232017,1.290597597984067,6.51488933416698,84.09094216507957,2.688755330816498,32.525,15.112499999999999,67.875,995.4291666666667,,25.5,0.36666666666666664,84.125,27.195833333333336,142.83333333333334,,0.12083333333333239,5.1625000000000005,81.0
2024-06-27 00:00:00+05:00,32.30833333333333,15.766666666666666,70.70833333333333,995.7041666666668,,26.1375,0.0,68.875,262.6666666666667,27.804166666666664,269.125,122.10416666666667,25.604166666666668,209.04166666666666,12.695833333333333,7.666666666666667,66.45833333333333,239.25,0.7766666666666667,82.33333333333333,27.0,6.0,3.0,2.0,82.25,83.79166666666667,0.08333333333333333,82.13888888888889,82.60416666666667,84.4855324074074,0.7034154387004626,1.751621098484282,2.8692626883156596,82.59023238638399,1.9235452057224662,32.083333333333336,18.25,71.83333333333333,995.3458333333333,,26.191666666666666,0.0,73.83333333333333,30.287499999999998,254.04166666666666,,-0.012499999999998105,6.170833333333333,71.5
2024-06-28 00:00:00+05:00,32.525,15.112499999999999,67.875,995.4291666666667,,25.5,0.36666666666666664,84.125,141.375,27.195833333333336,142.83333333333334,71.53750000000001,23.583333333333332,220.75,11.645833333333334,13.104166666666666,74.66666666666667,104.375,0.66375,81.0,28.0,6.0,4.0,2.0,81.25,82.33333333333333,-0.25,81.84722222222221,82.64756944444444,82.90914351851852,0.6626708856085926,1.4050870736448517,1.6132300717823769,82.45367155401662,1.5478019244058245,32.041666666666664,14.887500000000001,72.41666666666667,995.6999999999999,,26.320833333333336,0.0,84.45833333333333,26.53333333333333,254.08333333333334,,-0.14583333333333334,7.0249999999999995,62.5
2024-06-29 00:00:00+05:00,32.083333333333336,18.25,71.83333333333333,995.3458333333333,,26.191666666666666,0.0,73.83333333333333,136.625,30.287499999999998,254.04166666666666,34.208333333333336,15.7875,221.66666666666666,11.8125,13.354166666666666,71.83333333333333,30.583333333333332,0.36791666666666667,71.5,29.0,6.0,5.0,2.0,72.08333333333333,81.0,-0.5833333333333334,73.44444444444444,77.15451388888889,80.80208333333333,1.0495015145765778,2.831284663700281,3.389754094267779,76.58804736436988,3.5212985013831464,32.362500000000004,22.616666666666664,74.125,993.2624999999999,777.3684210526316,27.025000000000002,0.0,67.75,36.362500000000004,275.9583333333333,,0.22083333333333144,5.891666666666667,67.83333333333333
2024-06-30 00:00:00+05:00,32.041666666666664,14.887500000000001,72.41666666666667,995.6999999999999,,26.320833333333336,0.0,84.45833333333333,198.875,26.53333333333333,254.08333333333334,29.900000000000002,15.799999999999999,207.95833333333334,11.158333333333333,10.820833333333333,68.91666666666667,17.583333333333332,0.4804166666666667,62.5,30.0,6.0,6.0,2.0,62.541666666666664,71.5,-0.041666666666666664,62.763888888888886,65.71701388888889,75.1730324074074,0.6570131448272103,3.259797131587599,7.687637122551244,65.98401230032134,5.290669263190266,32.487500000000004,22.054166666666664,70.125,991.8958333333334,830.2083333333334,26.229166666666668,0.0,81.04166666666667,35.050000000000004,242.45833333333334,,-0.12916666666666288,5.720833333333332,84.70833333333333
2024-07-01 00:00:00+05:00,32.362500000000004,22.616666666666664,74.125,993.2624999999999,777.3684210526316,27.025000000000002,0.0,67.75,256.3333333333333,36.362500000000004,275.9583333333333,88.0125,24.333333333333332,170.33333333333334,7.3875,5.5125,69.04166666666667,141.54166666666666,0.6370833333333333,67.83333333333333,1.0,7.0,0.0,3.0,67.25,62.5,0.5833333333333334,66.10416666666667,64.00868055555556,68.96006944444444,0.9036259005172168,1.6830019082304226,6.765642269266121,64.9595467498067,3.057575543932058,32.262499999999996,22.22083333333333,73.33333333333333,993.6333333333333,754.1666666666666,26.808333333333334,0.012500000000000002,49.791666666666664,34.77916666666667,244.33333333333334,19186.13157894737,-0.28749999999999903,5.3374999999999995,79.16666666666667
2024-07-02 00:00:00+05:00,32.487500000000004,22.054166666666664,70.125,991.8958333333334,830.2083333333334,26.229166666666668,0.0,81.04166666666667,240.91666666666666,35.050000000000004,242.45833333333334,98.85416666666667,27.59166666666667,164.66666666666666,7.125,5.504166666666666,67.20833333333333,157.41666666666666,0.8025000000000001,84.70833333333333,2.0,7.0,1.0,3.0,84.33333333333333,67.83333333333333,0.375,83.01388888888889,76.52604166666667,68.75057870370371,1.1593751468717148,5.417412346108795,7.398959132979482,77.33523293556347,6.977747288628869,31.620833333333334,18.341666666666665,72.70833333333333,996.25,783.125,26.0125,0.016666666666666666,96.70833333333333,29.849999999999998,235.16666666666666,18674.520833333332,-0.06250000000000473,6.258333333333334,74.83333333333333
2024-07-03 00:00:00+05:00,32.262499999999996,22.22083333333333,73.33333333333333,993.6333333333333,754.1666666666666,26.808333333333334,0.012500000000000002,49.791666666666664,234.83333333333334,34.77916666666667,244.33333333333334,93.86666666666667,22.175,154.20833333333334,6.783333333333334,5.329166666666667,58.75,164.08333333333334,0.9049999999999999,79.16666666666667,3.0,7.0,2.0,3.0,79.625,84.70833333333333,-0.4583333333333333,80.84027777777779,83.72743055555556,74.75405092592592,0.9729759043256223,2.7254076514162153,9.429771454716656,81.99243757462291,4.769654490169531,31.454166666666666,18.941666666666666,70.5,995.0083333333333,841.0416666666666,25.40416666666667,0.025000000000000005,98.04166666666667,30.075,210.29166666666666,17319.791666666668,0.40000000000000097,5.454166666666667,77.95833333333333
2024-07-04 00:00:00+05:00,31.620833333333334,18.341666666666665,72.70833333333333,996.25,783.125,26.0125,0.016666666666666666,96.70833333333333,226.58333333333334,29.849999999999998,235.16666666666666,101.2625,22.991666666666664,153.45833333333334,6.991666666666667,5.966666666666666,58.375,183.875,0.7233333333333333,74.83333333333333,4.0,7.0,3.0,3.0,74.79166666666667,79.16666666666667,0.041666666666666664,74.70833333333333,75.875,78.70949074074075,0.2610999175950946,1.7242447190078807,6.0184251739222,76.15704718938282,3.3025073206162716,31.974999999999998,23.754166666666666,68.33333333333333,992.3541666666666,850.8333333333334,25.266666666666666,0.0,77.20833333333333,37.141666666666666,219.75,14774.041666666666,0.1000000000000038,5.608333333333333,84.54166666666667
2024-07-05 00:00:00+05:00,31.454166666666666,18.941666666666666,70.5,995.0083333333333,841.0416666666666,25.40416666666667,0.025000000000000005,98.04166666666667,227.0,30.075,210.29166666666666,103.825,24.775000000000002,147.375,6.925,5.904166666666666,61.125,183.875,0.8300000000000001,77.95833333333333,5.0,7.0,4.0,3.0,77.83333333333333,74.83333333333333,0.125,77.50694444444444,76.28472222222221,78.62905092592592,0.3134750342855212,1.0568013308653998,4.393322259707878,76.71292035264797,1.6645013212294508,32.083333333333336,25.316666666666666,75.125,993.7416666666667,722.7083333333334,27.016666666666666,0.012500000000000002,46.416666666666664,40.475,233.33333333333334,16393.520833333332,-0.3333333333333333,6.05,96.58333333333333
2024-07-06 00:00:00+05:00,31.974999999999998,23.754166666666666,68.33333333333333,992.3541666666666,850.8333333333334,25.266666666666666,0.0,77.20833333333333,237.58333333333334,37.141666666666666,219.75,113.21666666666665,30.662499999999998,150.79166666666666,6.758333333333333,5.008333333333334,74.41666666666667,189.0,1.3275,84.54166666666667,6.0,7.0,5.0,3.0,84.04166666666667,77.95833333333333,0.5,82.91666666666667,80.265625,77.47511574074075,0.891877929336943,1.8801946465413029,2.939129738893142,80.65597809780877,2.4966246189344288,31.583333333333332,13.987499999999999,74.91666666666667,997.7666666666668,637.5,26.5,0.012500000000000002,64.125,25.45,228.58333333333334,20700.0,-0.2375000000000019,6.708333333333333,96.75
2024-07-07 00:00:00+05:00,32.083333333333336,25.316666666666666,75.125,993.7416666666667,722.7083333333334,27.016666666666666,0.012500000000000002,46.416666666666664,235.125,40.475,233.33333333333334,125.91666666666667,34.362500000000004,174.375,8.445833333333333,5.7749999999999995,77.66666666666667,210.79166666666666,1.4116666666666668,96.58333333333333,7.0,7.0,6.0,3.0,96.29166666666667,84.54166666666667,0.2916666666666667,95.27777777777777,90.36284722222223,82.30439814814815,1.1915758802012466,3.9007271897082063,6.505769546555631,90.7943397529862,5.394931003817671,31.587500000000002,12.979166666666666,78.04166666666667,999.4625,503.125,27.224999999999998,0.0375,87.58333333333333,22.34583333333333,167.95833333333334,18782.729166666668,0.5333333333333314,5.066666666666666,116.91666666666667
2024-07-08 00:00:00+05:00,31.583333333333332,13.987499999999999,74.91666666666667,997.7666666666668,637.5,26.5,0.012500000000000002,64.125,234.0,25.45,228.58333333333334,172.42499999999998,40.387499999999996,230.20833333333334,12.4375,15.445833333333333,87.54166666666667,314.0416666666667,1.3495833333333334,96.75,8.0,7.0,0.0,3.0,96.20833333333333,96.58333333333333,0.5416666666666666,94.9861111111111,96.3107638888889,88.97974537037037,2.901824451911263,4.35126648514074,7.828263282501773,95.13573829476711,5.377091964357707,31.84166666666667,17.366666666666667,78.0,1000.775,558.5416666666666,27.366666666666664,0.004166666666666667,62.125,28.03333333333333,250.41666666666666,9221.666666666666,0.3208333333333305,5.083333333333333,102.375
2024-07-09 00:00:00+05:00,31.587500000000002,12.979166666666666,78.04166666666667,999.4625,503.125,27.224999999999998,0.0375,87.58333333333333,253.29166666666666,22.34583333333333,167.95833333333334,121.10833333333333,34.90416666666667,273.0416666666667,16.625,14.158333333333333,89.58333333333333,194.75,1.04375,116.91666666666667,9.0,7.0,1.0,3.0,117.45833333333333,96.75,-0.5416666666666666,115.19444444444444,107.046875,97.9068287037037,4.769233539762117,9.551001269772387,9.99348291724666,108.48213015297067,10.657619703603247,31.491666666666664,28.145833333333332,73.875,999.6875,761.0416666666666,26.145833333333332,0.025000000000000005,65.375,43.1,236.125,7058.416666666667,0.18750000000000475,4.3625,87.83333333333333
2024-07-10 00:00:00+05:00,31.84166666666667,17.366666666666667,78.0,1000.775,558.5416666666666,27.366666666666664,0.004166666666666667,62.125,253.29166666666666,28.03333333333333,250.41666666666666,109.75833333333333,32.920833333333334,251.58333333333334,15.695833333333333,8.75,66.5,172.75,0.63,102.375,10.0,7.0,2.0,3.0,102.45833333333333,116.91666666666667,-0.08333333333333333,106.10416666666667,110.88020833333333,104.74594907407408,5.008123243032063,11.989133696367588,12.035420681378376,108.78784535859997,11.577565996191774,31.03333333333333,34.637499999999996,75.0,996.0791666666668,987.7083333333334,26.016666666666666,0.05000000000000001,63.833333333333336,52.074999999999996,198.125,10016.625,0.1333333333333305,4.4750000000000005,79.54166666666667
2024-07-11 00:00:00+05:00,31.491666666666664,28.145833333333332,73.875,999.6875,761.0416666666666,26.145833333333332,0.025000000000000005,65.375,252.29166666666666,43.1,236.125,76.35416666666667,25.5,180.875,9.045833333333333,4.429166666666666,53.458333333333336,107.625,0.6720833333333333,87.83333333333333,11.0,7.0,3.0,3.0,88.41666666666667,102.375,-0.5833333333333334,90.0,96.26041666666667,104.72916666666667,1.2789704981787275,5.145236948885166,12.390947528975992,95.80038593021324,8.1894226146519,30.775000000000002,28.325,78.04166666666667,995.75,845.4166666666666,26.400000000000002,0.09166666666666667,54.041666666666664,43.333333333333336,199.875,21953.9375,-0.3791666666666629,5.345833333333334,83.58333333333333
2024-07-12 00:00:00+05:00,31.03333333333333,34.637499999999996,75.0,996.0791666666668,987.7083333333334,26.016666666666666,0.05000000000000001,63.833333333333336,253.125,52.074999999999996,198.125,69.05833333333334,25.616666666666664,152.25,7.108333333333333,3.3333333333333335,47.541666666666664,82.125,1.1675,79.54166666666667,12.0,7.0,4.0,3.0,79.58333333333333,87.83333333333333,-0.041666666666666664,79.875,82.80381944444444,96.64814814814815,0.533304371368847,2.751312878045185,13.906126759692318,83.41675866598393,6.267157658319804,30.758333333333336,23.087500000000002,77.83333333333333,995.9499999999999,732.5,26.316666666666666,0.025000000000000005,38.708333333333336,35.949999999999996,218.16666666666666,34583.916666666664,-0.3333333333333333,5.016666666666667,80.875
2024-07-13 00:00:00+05:00,30.775000000000002,28.325,78.04166666666667,995.75,845.4166666666666,26.400000000000002,0.09166666666666667,54.041666666666664,245.08333333333334,43.333333333333336,199.875,77.86666666666666,26.962500000000002,180.41666666666666,9.308333333333334,3.8708333333333336,48.666666666666664,96.58333333333333,1.3995833333333334,83.58333333333333,13.0,7.0,5.0,3.0,83.45833333333333,79.54166666666667,0.125,83.03472222222221,81.19965277777779,86.75462962962963,0.5682023073863661,1.5287585888617155,7.830259362559037,82.13099920157187,3.0070775579927864,31.1375,15.945833333333333,74.83333333333333,997.3625000000001,600.0,26.03333333333333,0.0,48.541666666666664,26.974999999999998,252.0,24152.1875,0.10833333333333428,4.375,87.33333333333333
2024-07-14 00:00:00+05:00,30.758333333333336,23.087500000000002,77.83333333333333,995.9499999999999,732.5,26.316666666666666,0.025000000000000005,38.708333333333336,247.875,35.949999999999996,218.16666666666666,79.88333333333334,23.787499999999998,184.41666666666666,9.995833333333334,4.808333333333334,46.166666666666664,122.54166666666667,1.0762500000000002,80.875,14.0,7.0,6.0,3.0,81.125,83.58333333333333,-0.25,81.70833333333333,83.15451388888889,82.38599537037037,0.4696040981759208,1.3601109953106914,2.7098296841330476,82.57880138305244,1.9354195581107687,31.945833333333336,17.554166666666667,74.45833333333333,997.25,432.2916666666667,26.641666666666666,0.004166666666666667,70.66666666666667,29.166666666666668,214.375,17394.291666666668,0.012499999999998105,4.441666666666666,99.875
2024-07-15 00:00:00+05:00,31.1375,15.945833333333333,74.83333333333333,997.3625000000001,600.0,26.03333333333333,0.0,48.541666666666664,251.125,26.974999999999998,252.0,162.88750000000002,32.93333333333333,235.16666666666666,14.666666666666666,8.6875,64.41666666666667,312.1666666666667,0.9770833333333333,87.33333333333333,15.0,7.0,0.0,3.0,86.29166666666667,80.875,1.0416666666666667,84.02083333333333,80.98263888888889,81.77893518518518,1.7446416077038016,3.203424654621616,2.8645400465034765,82.0297840530964,3.6330337140266935,31.866666666666664,16.266666666666666,77.16666666666667,995.9875000000001,751.875,27.212500000000002,0.0,95.25,29.191666666666666,224.625,10026.083333333334,0.22499999999999906,5.104166666666667,89.0
2024-07-16 00:00:00+05:00,31.945833333333336,17.554166666666667,74.45833333333333,997.25,432.2916666666667,26.641666666666666,0.004166666666666667,70.66666666666667,276.375,29.166666666666668,214.375,135.91666666666666,31.479166666666668,242.79166666666666,16.008333333333333,8.1,68.91666666666667,256.2083333333333,0.8054166666666666,99.875,16.0,7.0,1.0,3.0,100.29166666666667,87.33333333333333,-0.4166666666666667,100.97222222222223,96.84722222222223,86.99479166666667,1.3194146519071965,6.299221224790444,8.6640742741292,96.6317110292119,8.204079277559849,32.145833333333336,17.808333333333334,76.5,996.2208333333333,523.75,27.416666666666668,0.0,90.95833333333333,29.3125,249.20833333333334,7454.958333333333,-0.28749999999999903,5.304166666666666,89.58333333333333
2024-07-17 00:00:00+05:00,31.866666666666664,16.266666666666666,77.16666666666667,995.9875000000001,751.875,27.212500000000002,0.0,95.25,234.95833333333334,29.191666666666666,224.625,110.64999999999999,29.599999999999998,239.41666666666666,14.679166666666667,9.5375,74.5,183.83333333333334,0.8558333333333333,89.0,17.0,7.0,2.0,3.0,89.16666666666667,99.875,-0.16666666666666666,89.66666666666667,93.7482638888889,90.52604166666667,0.6178525353666051,3.6189410721857627,9.147834045052061,92.58736684286545,4.938297431134274,31.849999999999998,18.695833333333333,71.625,994.8041666666667,688.125,25.97083333333333,0.0,75.04166666666667,30.6875,243.33333333333334,13974.895833333334,0.0833333333333286,4.654166666666667,93.125
2024-07-18 00:00:00+05:00,32.145833333333336,17.808333333333334,76.5,996.2208333333333,523.75,27.416666666666668,0.0,90.95833333333333,258.375,29.3125,249.20833333333334,98.75416666666666,29.0625,185.54166666666666,9.375,6.904166666666666,70.375,160.70833333333334,0.6379166666666667,89.58333333333333,18.0,7.0,3.0,3.0,89.66666666666667,89.0,-0.08333333333333333,89.85416666666667,89.28472222222223,93.29340277777777,0.7069834200899502,1.1386268938885997,6.332076668744782,89.94516524430936,2.5485025079789043,32.8375,13.758333333333333,70.66666666666667,994.9708333333333,541.25,26.40416666666667,0.008333333333333333,62.916666666666664,25.633333333333336,222.83333333333334,10711.604166666666,-0.04583333333332954,4.729166666666667,96.70833333333333
2024-07-19 00:00:00+05:00,31.849999999999998,18.695833333333333,71.625,994.8041666666667,688.125,25.97083333333333,0.0,75.04166666666667,264.4583333333333,30.6875,243.33333333333334,95.19583333333333,33.47083333333334,216.0,10.466666666666667,6.229166666666667,77.20833333333333,130.75,0.7225,93.125,19.0,7.0,4.0,3.0,92.75,89.58333333333333,0.375,91.84722222222223,90.53645833333333,91.18981481481482,0.8803281023877202,2.3049154943628465,3.5850156788019025,90.88183291050451,2.3162161462316475,33.291666666666664,10.804166666666667,69.25,995.6958333333333,705.4166666666666,26.570833333333336,0.17499999999999996,52.708333333333336,22.1375,236.20833333333334,13211.5625,-0.1458333333333286,5.879166666666666,119.0
2024-07-20 00:00:00+05:00,32.8375,13.758333333333333,70.66666666666667,994.9708333333333,541.25,26.40416666666667,0.008333333333333333,62.916666666666664,267.75,25.633333333333336,222.83333333333334,110.18333333333334,35.30833333333333,266.2916666666667,15.708333333333334,10.358333333333333,84.58333333333333,162.54166666666666,0.7108333333333333,96.70833333333333,20.0,7.0,5.0,3.0,96.58333333333333,93.125,0.125,96.10416666666667,94.79340277777777,91.53819444444444,1.5733652204000765,1.737684794908932,3.0109554132456604,94.68238397338901,2.587565327190101,31.929166666666664,21.216666666666665,77.41666666666667,996.4791666666666,588.75,27.358333333333334,0.1416666666666667,92.375,33.5375,221.20833333333334,7208.770833333333,0.1083333333333248,6.433333333333334,92.08333333333333
2024-07-21 00:00:00+05:00,33.291666666666664,10.804166666666667,69.25,995.6958333333333,705.4166666666666,26.570833333333336,0.17499999999999996,52.708333333333336,222.33333333333334,22.1375,236.20833333333334,80.56666666666666,36.62083333333333,347.75,18.320833333333333,17.775000000000002,108.83333333333333,76.5,0.6775000000000001,119.0,21.0,7.0,6.0,3.0,118.83333333333333,96.70833333333333,0.16666666666666666,113.625,102.74305555555556,96.02430555555556,7.9204345219545695,9.19994115752589,7.749228961592738,104.85043175499244,10.61553182480017,30.912499999999998,24.766666666666666,77.375,996.2458333333334,728.125,26.429166666666664,0.004166666666666667,92.625,37.25833333333333,150.875,7446.3125,-0.03333333333333144,6.720833333333334,78.375
2024-07-22 00:00:00+05:00,31.929166666666664,21.216666666666665,77.41666666666667,996.4791666666666,588.75,27.358333333333334,0.1416666666666667,92.375,258.2083333333333,33.5375,221.20833333333334,65.31666666666666,24.995833333333334,232.79166666666666,10.941666666666668,6.808333333333334,73.29166666666667,77.33333333333333,0.6708333333333334,92.08333333333333,22.0,7.0,0.0,3.0,93.0,119.0,-0.9166666666666666,99.97916666666667,113.2638888888889,103.60011574074075,6.409372180322314,25.727514711930933,19.513643950865156,108.30424654091975,23.612665186253807,30.616666666666664,25.125,76.375,993.7416666666667,787.7083333333334,25.962500000000002,0.0,76.83333333333333,38.083333333333336,132.125,12963.854166666666,0.22083333333333618,4.570833333333334,89.45833333333333
2024-07-23 00:00:00+05:00,30.912499999999998,24.766666666666666,77.375,996.2458333333334,728.125,26.429166666666664,0.004166666666666667,92.625,258.5,37.25833333333333,150.875,85.7375,25.5,186.33333333333334,8.416666666666666,4.995833333333334,61.541666666666664,129.25,0.6958333333333333,78.375,23.0,7.0,1.0,3.0,78.375,92.08333333333333,0.0,78.74305555555556,83.47395833333333,99.8269675925926,0.8040785702974791,4.610601957037843,22.042702312798337,84.9517690027101,13.359814526885359,30.729166666666668,20.758333333333333,76.25,992.4791666666666,765.4166666666666,25.974999999999998,0.012500000000000002,73.79166666666667,32.4125,192.04166666666666,18246.75,-0.18333333333333238,4.483333333333333,93.58333333333333
2024-07-24 00:00:00+05:00,30.616666666666664,25.125,76.375,993.7416666666667,787.7083333333334,25.962500000000002,0.0,76.83333333333333,251.08333333333334,38.083333333333336,132.125,134.30833333333334,31.045833333333334,174.75,7.708333333333333,4.875,57.166666666666664,246.20833333333334,0.8370833333333333,89.45833333333333,24.0,7.0,2.0,3.0,89.0,78.375,0.4583333333333333,87.65277777777777,82.5625,93.10011574074075,1.3914157680271648,3.8672832884365937,21.216040584081334,84.6048019666411,6.889268936085913,31.212500000000002,21.866666666666664,76.16666666666667,994.0291666666667,744.5833333333334,26.454166666666666,0.016666666666666666,76.125,34.37916666666667,229.875,20016.541666666668,-0.3916666666666657,4.654166666666667,98.625
2024-07-25 00:00:00+05:00,30.729166666666668,20.758333333333333,76.25,992.4791666666666,765.4166666666666,25.974999999999998,0.012500000000000002,73.79166666666667,237.70833333333334,32.4125,192.04166666666666,152.17083333333332,34.375,177.91666666666666,8.704166666666667,5.6375,54.958333333333336,282.75,1.18,93.58333333333333,25.0,7.0,3.0,3.0,93.33333333333333,89.45833333333333,0.25,92.96527777777777,92.05902777777777,86.0318287037037,0.6198652840978408,2.2269532166920136,6.7144298124230515,91.4508136758214,4.1903796544088445,31.258333333333336,22.495833333333334,73.875,995.4541666666668,737.0833333333334,25.941666666666666,0.0,72.41666666666667,35.854166666666664,260.125,16314.104166666666,0.058333333333332384,4.7541666666666655,93.79166666666667
2024-07-26 00:00:00+05:00,31.212500000000002,21.866666666666664,76.16666666666667,994.0291666666667,744.5833333333334,26.454166666666666,0.016666666666666666,76.125,243.29166666666666,34.37916666666667,229.875,137.06666666666666,33.32083333333333,174.125,8.058333333333334,5.333333333333333,62.958333333333336,244.29166666666666,0.96875,98.625,26.0,7.0,4.0,3.0,98.70833333333333,93.58333333333333,-0.08333333333333333,98.6736111111111,97.0625,90.5613425925926,0.9492298650668661,2.539187569781955,6.894987665669184,97.00599342489532,3.5415449842212836,31.09583333333333,14.858333333333334,73.95833333333333,994.9375,636.6666666666666,25.837500000000002,0.0,90.875,25.337500000000002,219.58333333333334,16924.458333333332,0.26249999999999335,4.758333333333333,107.58333333333333
2024-07-27 00:00:00+05:00,31.258333333333336,22.495833333333334,73.875,995.4541666666668,737.0833333333334,25.941666666666666,0.0,72.41666666666667,238.625,35.854166666666664,260.125,150.65,33.5625,169.54166666666666,7.766666666666667,5.370833333333334,63.833333333333336,283.0,0.86875,93.79166666666667,27.0,7.0,5.0,3.0,93.75,98.625,0.041666666666666664,93.80555555555556,95.67708333333333,94.93287037037037,0.754468233527349,2.116091446742198,3.4749086271854064,95.1029829678673,2.514867478876297,30.445833333333336,12.129166666666668,76.54166666666667,994.7291666666666,534.7916666666666,25.8125,0.1375,99.66666666666667,22.454166666666666,180.29166666666666,16907.8125,0.03333333333333618,5.316666666666666,106.91666666666667
2024-07-28 00:00:00+05:00,31.09583333333333,14.858333333333334,73.95833333333333,994.9375,636.6666666666666,25.837500000000002,0.0,90.875,221.54166666666666,25.337500000000002,219.58333333333334,174.8166666666667,38.96666666666667,218.25,12.704166666666666,9.408333333333333,63.833333333333336,334.875,0.8654166666666666,107.58333333333333,28.0,7.0,6.0,3.0,107.04166666666667,93.79166666666667,0.5416666666666666,105.4513888888889,99.05555555555556,97.2650462962963,1.8215867743484233,4.769679242466417,4.3395730386706814,100.66144212347827,5.270865946771161,29.179166666666664,9.658333333333333,84.79166666666667,996.6875,446.6666666666667,26.287499999999998,0.7666666666666666,91.125,19.2625,154.91666666666666,9791.5,-0.16249999999999906,5.258333333333334,101.25
2024-07-29 00:00:00+05:00,30.445833333333336,12.129166666666668,76.54166666666667,994.7291666666666,534.7916666666666,25.8125,0.1375,99.66666666666667,210.75,22.454166666666666,180.29166666666666,164.87083333333334,34.78333333333333,237.54166666666666,14.9,15.329166666666666,62.875,322.0,0.6808333333333333,106.91666666666667,29.0,7.0,0.0,3.0,107.125,107.58333333333333,-0.20833333333333334,107.93055555555556,109.63715277777777,101.45659722222223,1.080300814421356,3.548300781994531,7.637923327220189,108.09490964366891,5.146278956081143,29.191666666666666,13.491666666666667,86.04166666666667,998.7541666666666,469.375,26.59166666666667,0.09583333333333334,96.08333333333333,21.5625,163.16666666666666,6989.083333333333,0.125,4.633333333333334,74.58333333333333
2024-07-30 00:00:00+05:00,29.179166666666664,9.658333333333333,84.79166666666667,996.6875,446.6666666666667,26.287499999999998,0.7666666666666666,91.125,234.29166666666666,19.2625,154.91666666666666,95.8,30.162499999999998,260.0833333333333,16.683333333333334,9.216666666666667,59.625,147.70833333333334,0.8075,101.25,30.0,7.0,1.0,3.0,101.79166666666667,106.91666666666667,-0.5416666666666666,102.6388888888889,104.15104166666667,104.28125,1.1933014255859542,2.12234415801094,6.355324410048454,104.06541620356306,3.142928948607997,29.520833333333332,27.858333333333334,82.83333333333333,997.3041666666667,720.625,26.27916666666667,0.05833333333333333,91.875,41.44583333333333,175.625,4491.645833333333,0.3750000000000047,2.891666666666667,68.45833333333333
2024-07-31 00:00:00+05:00,29.191666666666666,13.491666666666667,86.04166666666667,998.7541666666666,469.375,26.59166666666667,0.09583333333333334,96.08333333333333,236.83333333333334,21.5625,163.16666666666666,35.979166666666664,17.349999999999998,263.75,16.4375,8.820833333333333,64.25,30.791666666666668,0.35625,74.58333333333333,31.0,7.0,2.0,3.0,75.66666666666667,101.25,-1.0833333333333333,78.88194444444444,90.265625,101.35127314814815,2.67312465239906,8.46232747063106,10.02760392963969,88.2644667161057,10.096661373204755,29.329166666666666,22.754166666666666,84.20833333333333,996.4791666666666,640.0,26.3625,0.041666666666666664,99.79166666666667,34.645833333333336,143.625,6647.125,0.037499999999994316,2.6,80.08333333333333
2024-08-01 00:00:00+05:00,29.520833333333332,27.858333333333334,82.83333333333333,997.3041666666667,720.625,26.27916666666667,0.05833333333333333,91.875,247.75,41.44583333333333,175.625,55.625,21.920833333333334,192.04166666666666,9.595833333333333,4.175,56.5,61.625,0.5266666666666667,68.45833333333333,1.0,8.0,3.0,3.0,68.16666666666667,74.58333333333333,0.2916666666666667,67.40277777777779,68.33854166666667,87.58506944444444,0.6189553514226781,4.182640840721299,16.299919031850155,70.35009667847504,9.15034607650915,29.25,19.5,81.70833333333333,997.225,616.4583333333334,25.754166666666666,0.008333333333333333,100.0,30.358333333333334,160.875,20356.125,-0.22083333333333144,3.241666666666667,88.33333333333333
2024-08-02 00:00:00+05:00,29.329166666666666,22.754166666666666,84.20833333333333,996.4791666666666,640.0,26.3625,0.041666666666666664,99.79166666666667,250.16666666666666,34.645833333333336,143.625,94.05416666666667,26.40833333333333,188.58333333333334,10.666666666666666,4.220833333333333,44.166666666666664,148.0,1.1729166666666666,80.08333333333333,2.0,8.0,4.0,3.0,79.66666666666667,68.45833333333333,0.4166666666666667,78.40972222222221,73.83680555555556,77.48032407407408,1.0301995149720793,3.600472084531999,11.952575436726015,75.00184008723701,5.276752655853707,28.870833333333334,16.108333333333334,82.79166666666667,997.1208333333334,478.9583333333333,25.625,0.10416666666666667,89.08333333333333,25.65416666666667,126.58333333333333,14648.458333333334,-0.01666666666666572,2.966666666666667,95.125
2024-08-03 00:00:00+05:00,29.25,19.5,81.70833333333333,997.225,616.4583333333334,25.754166666666666,0.008333333333333333,100.0,247.91666666666666,30.358333333333334,160.875,116.32916666666667,32.11666666666667,231.95833333333334,15.495833333333332,5.520833333333333,42.666666666666664,188.83333333333334,1.3841666666666665,88.33333333333333,3.0,8.0,5.0,3.0,87.875,80.08333333333333,0.4583333333333333,86.9375,83.828125,75.33449074074075,0.9264648903161384,2.61669819113497,7.875632564028,83.73521848130663,4.664153246798206,28.629166666666666,13.137500000000001,82.29166666666667,999.4875000000001,453.9583333333333,25.28333333333333,0.06666666666666667,83.54166666666667,22.316666666666666,240.0,12217.6875,0.12916666666666762,3.4958333333333322,94.25
2024-08-04 00:00:00+05:00,28.870833333333334,16.108333333333334,82.79166666666667,997.1208333333334,478.9583333333333,25.625,0.10416666666666667,89.08333333333333,239.875,25.65416666666667,126.58333333333333,138.27083333333334,33.90833333333333,239.04166666666666,14.891666666666666,5.745833333333334,49.208333333333336,243.95833333333334,1.01375,95.125,4.0,8.0,6.0,3.0,95.0,88.33333333333333,0.125,94.625,92.3888888888889,83.35127314814815,0.3304853797307725,2.145655731854273,8.176854522494953,92.1013464587723,4.195528773147751,28.400000000000002,17.6125,83.20833333333333,1000.0541666666667,547.2916666666666,25.21666666666667,0.04583333333333334,99.45833333333333,26.337500000000002,79.41666666666667,7925.270833333333,-0.012500000000002842,3.2458333333333336,79.25
2024-08-05 00:00:00+05:00,28.629166666666666,13.137500000000001,82.29166666666667,999.4875000000001,453.9583333333333,25.28333333333333,0.06666666666666667,83.54166666666667,200.0,22.316666666666666,240.0,113.37083333333334,28.191666666666666,220.70833333333334,13.379166666666668,6.945833333333334,49.708333333333336,191.29166666666666,0.9545833333333333,94.25,5.0,8.0,0.0,3.0,94.66666666666667,95.125,-0.4166666666666667,95.49305555555556,96.00868055555556,90.74189814814815,0.8797634786706784,1.6075112538122365,5.683492139460387,95.41470298061343,2.8195641528563935,28.870833333333334,27.066666666666666,77.66666666666667,1000.1416666666668,876.875,24.5,0.016666666666666666,87.25,40.675000000000004,146.54166666666666,6673.375,0.33750000000000097,3.3458333333333337,74.5
2024-08-06 00:00:00+05:00,28.400000000000002,17.6125,83.20833333333333,1000.0541666666667,547.2916666666666,25.21666666666667,0.04583333333333334,99.45833333333333,235.91666666666666,26.337500000000002,79.41666666666667,85.02916666666667,23.004166666666666,206.91666666666666,12.929166666666667,5.404166666666666,44.166666666666664,132.375,0.8429166666666666,79.25,6.0,8.0,1.0,3.0,79.70833333333333,94.25,-0.4583333333333333,81.04861111111111,87.05555555555556,91.81770833333333,1.1719074891825971,4.752615492663387,5.493572072811996,86.026003313209,5.759701688430444,29.308333333333334,22.041666666666668,75.79166666666667,1001.4083333333333,721.875,24.52916666666667,0.02916666666666667,74.41666666666667,34.145833333333336,223.625,9939.375,-0.029166666666663826,3.1833333333333336,72.0
2024-08-07 00:00:00+05:00,28.870833333333334,27.066666666666666,77.66666666666667,1000.1416666666668,876.875,24.5,0.016666666666666666,87.25,244.625,40.675000000000004,146.54166666666666,73.25833333333334,20.316666666666666,167.45833333333334,7.4624999999999995,3.829166666666666,49.75,112.70833333333333,0.7779166666666666,74.5,7.0,8.0,2.0,3.0,74.66666666666667,79.25,-0.16666666666666666,75.01388888888889,76.29340277777779,86.4525462962963,0.3337707696702663,1.5177455683682857,8.900404651995679,77.06920027599989,4.448480035620729,29.65416666666667,22.183333333333334,75.375,1002.7666666666668,623.75,24.745833333333334,0.020833333333333332,84.54166666666667,34.550000000000004,199.5,24094.729166666668,0.1083333333333248,4.370833333333333,70.25
2024-08-08 00:00:00+05:00,29.308333333333334,22.041666666666668,75.79166666666667,1001.4083333333333,721.875,24.52916666666667,0.02916666666666667,74.41666666666667,244.25,34.145833333333336,223.625,66.60833333333333,20.079166666666666,185.5,8.541666666666666,4.4125000000000005,51.708333333333336,93.75,0.56625,72.0,8.0,8.0,3.0,3.0,72.04166666666667,74.5,-0.041666666666666664,72.15277777777779,72.97569444444444,78.77488425925925,0.4760817010621517,1.2150092459007629,6.77903844739653,73.21450209692924,2.4875039342601646,29.791666666666668,28.316666666666666,74.29166666666667,1002.3874999999999,766.0416666666666,24.65416666666667,0.016666666666666666,66.29166666666667,42.791666666666664,207.83333333333334,16080.270833333334,0.17083333333333903,4.779166666666667,64.29166666666667
2024-08-09 00:00:00+05:00,29.65416666666667,22.183333333333334,75.375,1002.7666666666668,623.75,24.745833333333334,0.020833333333333332,84.54166666666667,253.45833333333334,34.550000000000004,199.5,65.72500000000001,18.329166666666666,186.41666666666666,8.295833333333333,4.358333333333333,50.041666666666664,100.83333333333333,0.5466666666666666,70.25,9.0,8.0,4.0,3.0,70.375,72.0,-0.125,70.60416666666667,71.34201388888889,73.53703703703704,0.4098201060627558,0.7891992786640675,2.431783686381154,71.3367809403236,1.384024321238367,29.083333333333332,29.770833333333332,79.0,999.9291666666667,786.25,24.9875,0.04583333333333334,75.83333333333333,45.14166666666667,162.16666666666666,14157.5,0.09166666666666383,4.908333333333333,62.875
2024-08-10 00:00:00+05:00,29.791666666666668,28.316666666666666,74.29166666666667,1002.3874999999999,766.0416666666666,24.65416666666667,0.016666666666666666,66.29166666666667,254.66666666666666,42.791666666666664,207.83333333333334,55.333333333333336,16.116666666666667,154.95833333333334,6.658333333333334,3.6625,47.333333333333336,78.33333333333333,0.6291666666666667,64.29166666666667,10.0,8.0,5.0,3.0,64.5,70.25,-0.20833333333333334,65.07638888888889,67.50520833333333,70.60763888888889,0.6529780401653438,2.08838369987564,2.77697400243285,67.15066979463502,2.570406092577201,28.991666666666664,21.78333333333333,81.08333333333333,1000.5375,625.8333333333334,25.3625,0.05833333333333334,80.125,33.85,146.29166666666666,21852.166666666668,-0.18333333333333238,5.1375,66.04166666666667
2024-08-11 00:00:00+05:00,29.083333333333332,29.770833333333332,79.0,999.9291666666667,786.25,24.9875,0.04583333333333334,75.83333333333333,254.45833333333334,45.14166666666667,162.16666666666666,52.1875,15.85,156.25,6.8625,3.470833333333333,44.416666666666664,71.0,0.6233333333333333,62.875,11.0,8.0,6.0,3.0,62.875,64.29166666666667,0.0,62.986111111111114,63.42534722222222,67.42418981481482,0.4008465299368069,0.6982072633266435,3.6027710834161337,63.77957652360849,1.8217177983457546,29.45,17.008333333333333,80.04166666666667,1002.3583333333332,523.125,25.558333333333334,0.016666666666666666,84.20833333333333,27.016666666666666,175.16666666666666,23652.0,-0.3166666666666676,4.095833333333334,66.41666666666667
2024-08-12 00:00:00+05:00,28.991666666666664,21.78333333333333,81.08333333333333,1000.5375,625.8333333333334,25.3625,0.05833333333333334,80.125,248.91666666666666,33.85,146.29166666666666,87.15833333333335,18.837500000000002,179.45833333333334,9.1875,4.558333333333334,42.125,147.125,0.6725,66.04166666666667,12.0,8.0,0.0,3.0,65.83333333333333,62.875,0.20833333333333334,65.27083333333333,63.76215277777778,64.89756944444444,0.508659977303765,1.3456365670722266,2.6431408568121744,64.23508126648841,1.5878200455951408,29.5,18.808333333333334,78.20833333333333,1002.9708333333333,606.25,25.204166666666666,0.0,91.45833333333333,29.729166666666668,205.875,14043.458333333334,0.3083333333333371,3.6291666666666664,78.08333333333333
2024-08-13 00:00:00+05:00,29.45,17.008333333333333,80.04166666666667,1002.3583333333332,523.125,25.558333333333334,0.016666666666666666,84.20833333333333,249.75,27.016666666666666,175.16666666666666,87.79583333333333,17.1125,194.5,10.458333333333334,5.625,44.541666666666664,167.25,0.6191666666666666,66.41666666666667,13.0,8.0,1.0,3.0,66.54166666666667,66.04166666666667,-0.125,66.85416666666667,67.19618055555556,64.79456018518518,0.44998462268187733,1.4580394739419305,2.2229821773334892,66.76646948389683,1.8531707057370932,29.224999999999998,21.066666666666666,79.83333333333333,1001.8166666666666,655.2083333333334,25.287499999999998,0.07916666666666668,95.33333333333333,33.083333333333336,186.04166666666666,9221.854166666666,0.14583333333333334,3.891666666666666,73.0
2024-08-14 00:00:00+05:00,29.5,18.808333333333334,78.20833333333333,1002.9708333333333,606.25,25.204166666666666,0.0,91.45833333333333,244.04166666666666,29.729166666666668,205.875,117.72083333333335,18.441666666666666,173.0,8.066666666666666,4.9750000000000005,45.333333333333336,241.625,0.5483333333333333,78.08333333333333,14.0,8.0,2.0,3.0,77.375,66.41666666666667,0.7083333333333334,75.38194444444444,69.74131944444444,66.89988425925925,1.7675524110165055,4.567815186128535,4.02022772263065,71.135369266516,4.839899946848031,28.75,19.079166666666666,79.875,1000.1333333333333,610.2083333333334,24.858333333333334,0.04583333333333334,99.875,30.349999999999998,152.375,11640.645833333334,0.054166666666664774,4.295833333333333,69.66666666666667
2024-08-15 00:00:00+05:00,29.224999999999998,21.066666666666666,79.83333333333333,1001.8166666666666,655.2083333333334,25.287499999999998,0.07916666666666668,95.33333333333333,250.08333333333334,33.083333333333336,186.04166666666666,82.10416666666667,19.037499999999998,170.79166666666666,7.1625000000000005,4.629166666666666,45.375,143.08333333333334,0.6033333333333334,73.0,15.0,8.0,3.0,3.0,73.54166666666667,78.08333333333333,-0.5416666666666666,75.15972222222221,78.76388888888889,71.90046296296296,1.3749203250862763,5.071771291801685,7.033273590363833,76.76140607485839,5.9349222286966885,29.025000000000002,16.166666666666668,77.20833333333333,1001.4333333333334,535.2083333333334,24.558333333333334,0.004166666666666667,99.91666666666667,26.504166666666666,139.625,14046.583333333334,-0.27500000000000097,3.9375,69.875
2024-08-16 00:00:00+05:00,28.75,19.079166666666666,79.875,1000.1333333333333,610.2083333333334,24.858333333333334,0.04583333333333334,99.875,247.83333333333334,30.349999999999998,152.375,65.46666666666667,19.254166666666666,167.79166666666666,7.9125000000000005,4.641666666666667,40.583333333333336,99.125,0.68125,69.66666666666667,16.0,8.0,4.0,3.0,69.66666666666667,73.0,0.0,69.52083333333333,70.00173611111111,72.83564814814815,0.3028278667947439,1.8703374753006445,6.6402250745585265,70.59400256500868,3.694656611766812,29.041666666666668,17.991666666666667,77.41666666666667,1003.0166666666668,513.75,24.579166666666666,0.008333333333333333,95.29166666666667,29.2375,220.16666666666666,11872.770833333334,-0.04166666666666193,3.891666666666666,72.5
2024-08-17 00:00:00+05:00,29.025000000000002,16.166666666666668,77.20833333333333,1001.4333333333334,535.2083333333334,24.558333333333334,0.004166666666666667,99.91666666666667,242.875,26.504166666666666,139.625,78.07083333333334,20.783333333333335,192.45833333333334,11.083333333333334,5.5,37.625,125.83333333333333,0.535,69.875,17.0,8.0,5.0,3.0,69.75,69.66666666666667,0.125,69.66666666666667,69.67708333333333,72.8142361111111,0.2610999175884429,0.6045446513007837,5.428727907473992,69.80200927933164,1.500520707878169,28.97083333333333,18.220833333333335,76.70833333333333,1003.5,543.75,24.3875,0.041666666666666664,63.791666666666664,29.183333333333334,230.91666666666666,8740.375,0.20416666666666572,4.466666666666667,69.625
2024-08-18 00:00:00+05:00,29.041666666666668,17.991666666666667,77.41666666666667,1003.0166666666668,513.75,24.579166666666666,0.008333333333333333,95.29166666666667,239.95833333333334,29.2375,220.16666666666666,72.47083333333333,20.179166666666667,202.33333333333334,12.2875,5.758333333333333,36.083333333333336,118.16666666666667,0.52375,72.5,18.0,8.0,6.0,3.0,72.54166666666667,69.875,-0.041666666666666664,72.41666666666667,71.45486111111111,70.37789351851852,0.30644276773086226,1.1044928563735874,1.8273964311516249,71.60382797011017,1.3587220240463826,29.295833333333334,22.587500000000002,74.375,1002.9833333333332,678.75,24.162499999999998,0.03333333333333333,54.208333333333336,35.025,205.66666666666666,9454.375,0.2083333333333286,4.4624999999999995,65.25
2024-08-19 00:00:00+05:00,28.97083333333333,18.220833333333335,76.70833333333333,1003.5,543.75,24.3875,0.041666666666666664,63.791666666666664,240.54166666666666,29.183333333333334,230.91666666666666,54.020833333333336,17.929166666666667,213.08333333333334,11.458333333333334,5.5125,42.666666666666664,76.54166666666667,0.4154166666666667,69.625,19.0,8.0,0.0,3.0,69.79166666666667,72.5,-0.16666666666666666,70.23611111111111,71.3263888888889,70.81944444444444,0.3780182724054759,0.8863347873940501,1.3843558515097933,70.97814835939121,1.083623832796845,29.34166666666667,22.754166666666666,74.33333333333333,1003.6374999999999,695.4166666666666,24.2625,0.0,63.5,35.520833333333336,155.0,10405.208333333334,-0.0833333333333286,4.583333333333333,63.291666666666664
2024-08-20 00:00:00+05:00,29.295833333333334,22.587500000000002,74.375,1002.9833333333332,678.75,24.162499999999998,0.03333333333333333,54.208333333333336,251.45833333333334,35.025,205.66666666666666,43.074999999999996,16.395833333333332,193.0,8.920833333333333,4.55,43.583333333333336,51.083333333333336,0.33875000000000005,65.25,20.0,8.0,1.0,3.0,65.375,69.625,-0.125,65.76388888888889,67.47743055555556,70.08622685185185,0.37700430309885086,1.4037846977935506,2.326225776579625,67.33933706181492,1.9521079294592385,30.066666666666666,20.720833333333335,70.625,1003.1125000000001,694.5833333333334,23.95,0.0,30.666666666666668,33.25,247.75,15614.104166666666,0.054166666666664774,5.133333333333334,67.79166666666667
2024-08-21 00:00:00+05:00,29.34166666666667,22.754166666666666,74.33333333333333,1003.6374999999999,695.4166666666666,24.2625,0.0,63.5,258.2916666666667,35.520833333333336,155.0,44.53333333333333,16.745833333333334,176.79166666666666,7.533333333333332,4.183333333333334,47.0,51.041666666666664,0.4808333333333333,63.291666666666664,21.0,8.0,2.0,3.0,63.291666666666664,65.25,0.0,63.3125,64.02256944444444,67.60879629629629,0.16122430519677722,0.7541675958593469,3.195565865146588,64.18756624439297,1.5919489874361974,29.766666666666666,21.587500000000002,73.20833333333333,1003.2166666666667,682.7083333333334,24.3125,0.0,46.75,34.5,203.0,15943.041666666666,-0.020833333333333332,5.079166666666667,67.41666666666667
2024-08-22 00:00:00+05:00,30.066666666666666,20.720833333333335,70.625,1003.1125000000001,694.5833333333334,23.95,0.0,30.666666666666668,267.25,33.25,247.75,63.59166666666667,18.883333333333333,178.04166666666666,7.791666666666667,4.4875,50.75,96.5,0.61125,67.79166666666667,22.0,8.0,3.0,3.0,67.58333333333333,63.291666666666664,0.20833333333333334,67.0,65.03819444444444,65.51273148148148,0.6070358264644725,1.5106703759142521,2.245248379244445,65.58652078968616,1.7543247984725878,29.46666666666667,21.804166666666664,74.41666666666667,1003.1625,641.4583333333334,24.291666666666668,0.0,77.375,34.795833333333334,221.0,14528.041666666666,-0.07083333333333523,6.116666666666666,67.875
2024-08-23 00:00:00+05:00,29.766666666666666,21.587500000000002,73.20833333333333,1003.2166666666667,682.7083333333334,24.3125,0.0,46.75,264.9166666666667,34.5,203.0,63.225,18.004166666666666,173.79166666666666,7.066666666666666,4.2,52.416666666666664,98.875,0.5970833333333333,67.41666666666667,23.0,8.0,4.0,3.0,67.5,67.79166666666667,-0.08333333333333333,67.74305555555556,68.10416666666667,65.72164351851852,0.4159999261330636,1.0765182872597525,2.2889020633354966,67.67094660716072,1.4798309166123342,29.454166666666666,25.133333333333336,73.70833333333333,1001.4541666666668,629.1666666666666,24.120833333333334,0.0,73.95833333333333,39.079166666666666,240.125,15187.375,0.02500000000000095,5.454166666666667,77.125
2024-08-24 00:00:00+05:00,29.46666666666667,21.804166666666664,74.41666666666667,1003.1625,641.4583333333334,24.291666666666668,0.0,77.375,267.875,34.795833333333334,221.0,79.80833333333334,21.133333333333333,176.79166666666666,7.304166666666667,4.341666666666667,53.458333333333336,133.58333333333334,0.5516666666666666,67.875,24.0,8.0,5.0,3.0,67.66666666666667,67.41666666666667,0.20833333333333334,67.32638888888889,67.23090277777779,66.79108796296296,0.26289587786696705,0.4805500801483024,1.8364000614112925,67.31352895297773,0.7692608996902549,29.691666666666666,23.679166666666664,73.5,998.9791666666666,501.0416666666667,24.254166666666666,0.0,99.33333333333333,38.1625,259.25,14368.854166666666,-0.037499999999994316,5.175,75.08333333333333
2024-08-25 00:00:00+05:00,29.454166666666666,25.133333333333336,73.70833333333333,1001.4541666666668,629.1666666666666,24.120833333333334,0.0,73.95833333333333,271.7083333333333,39.079166666666666,240.125,81.96249999999999,23.6875,170.45833333333334,6.6000000000000005,4.041666666666667,55.708333333333336,127.70833333333333,0.48666666666666664,77.125,25.0,8.0,6.0,3.0,76.875,67.875,0.25,76.05555555555556,72.21527777777779,69.18344907407408,0.8303254159221245,3.113949577268096,3.0728243092022685,72.91295842374024,3.6334761499795296,29.02916666666667,16.266666666666666,82.04166666666667,997.8458333333333,630.0,25.5125,2.1333333333333333,99.91666666666667,31.3875,116.625,15975.125,-0.32500000000000756,5.333333333333333,76.0
2024-08-26 00:00:00+05:00,29.691666666666666,23.679166666666664,73.5,998.9791666666666,501.0416666666667,24.254166666666666,0.0,99.33333333333333,279.7916666666667,38.1625,259.25,68.47083333333333,21.233333333333334,192.875,9.945833333333335,5.1875,60.291666666666664,99.29166666666667,0.60125,75.08333333333333,26.0,8.0,0.0,3.0,75.29166666666667,77.125,-0.20833333333333334,75.72916666666667,76.96354166666667,72.13657407407408,0.39865000308716997,1.42523672096026,4.752260100346437,76.04347842601052,2.535649737103887,27.554166666666664,17.758333333333333,86.75,999.0708333333333,777.5,25.129166666666666,0.9500000000000001,100.0,28.95,67.04166666666667,12295.1875,-0.266666666666661,5.4375,64.45833333333333
2024-08-27 00:00:00+05:00,29.02916666666667,16.266666666666666,82.04166666666667,997.8458333333333,630.0,25.5125,2.1333333333333333,99.91666666666667,309.75,31.3875,116.625,50.62083333333334,20.791666666666668,284.625,13.975,8.254166666666666,84.70833333333333,55.25,0.6745833333333334,76.0,27.0,8.0,1.0,3.0,76.0,75.08333333333333,0.0,75.09722222222221,74.06423611111111,74.41435185185185,2.7006297168969944,2.343958243073191,3.7508344907469358,74.50261999633167,3.208058444978594,27.608333333333334,19.545833333333334,88.83333333333333,997.8958333333334,561.0416666666666,25.558333333333334,0.9083333333333333,100.0,30.979166666666668,70.875,10285.458333333334,0.09583333333333617,3.516666666666667,56.625
2024-08-28 00:00:00+05:00,27.554166666666664,17.758333333333333,86.75,999.0708333333333,777.5,25.129166666666666,0.9500000000000001,100.0,320.5833333333333,28.95,67.04166666666667,17.604166666666668,11.629166666666668,364.9583333333333,17.325,8.85,81.125,2.375,0.2654166666666667,64.45833333333333,28.0,8.0,2.0,3.0,65.20833333333333,76.0,-0.75,67.97222222222221,73.25868055555556,74.76215277777779,2.613626586526029,8.218772122554038,5.615197463795102,71.8531269077804,7.614932613828393,27.287499999999998,34.4375,82.66666666666667,996.5833333333334,1063.75,23.983333333333334,1.0708333333333333,92.08333333333333,52.77916666666667,142.45833333333334,14439.020833333334,0.058333333333332384,2.4250000000000003,61.625
2024-08-29 00:00:00+05:00,27.608333333333334,19.545833333333334,88.83333333333333,997.8958333333334,561.0416666666666,25.558333333333334,0.9083333333333333,100.0,307.5416666666667,30.979166666666668,70.875,28.0625,15.520833333333334,354.3333333333333,20.045833333333334,9.158333333333333,74.95833333333333,15.541666666666666,0.37833333333333335,56.625,29.0,8.0,3.0,3.0,56.333333333333336,64.45833333333333,0.2916666666666667,55.81944444444445,58.286458333333336,68.53645833333333,0.785344088751863,3.7726126799805484,9.395812395101089,59.00327118726751,6.752450757549556,26.320833333333336,33.541666666666664,86.91666666666667,1001.7291666666666,859.5833333333334,23.929166666666664,0.3541666666666667,92.16666666666667,52.0875,83.25,11050.395833333334,-0.24583333333333238,2.0500000000000003,58.458333333333336
2024-08-30 00:00:00+05:00,27.287499999999998,34.4375,82.66666666666667,996.5833333333334,1063.75,23.983333333333334,1.0708333333333333,92.08333333333333,130.875,52.77916666666667,142.45833333333334,23.129166666666666,14.033333333333333,207.16666666666666,8.458333333333334,6.829166666666667,71.95833333333333,13.875,0.21666666666666667,61.625,30.0,8.0,4.0,3.0,61.708333333333336,56.625,-0.08333333333333333,61.770833333333336,59.9375,63.8275462962963,0.5153107566161003,2.2531899324189024,8.9063926269741,60.55860931356151,3.367538283976599,27.008333333333336,15.608333333333334,88.08333333333333,1003.9499999999999,414.1666666666667,24.833333333333332,0.041666666666666664,28.458333333333332,24.974999999999998,218.375,37639.291666666664,0.12916666666666288,3.3041666666666667,55.791666666666664
2024-08-31 00:00:00+05:00,26.320833333333336,33.541666666666664,86.91666666666667,1001.7291666666666,859.5833333333334,23.929166666666664,0.3541666666666667,92.16666666666667,100.375,52.0875,83.25,34.770833333333336,11.9,182.16666666666666,9.775,7.2124999999999995,42.333333333333336,47.166666666666664,0.4075,58.458333333333336,31.0,8.0,5.0,3.0,58.625,61.625,-0.16666666666666666,59.083333333333336,60.19444444444445,59.472800925925924,0.5855645485999156,1.1279971076013557,3.457601851934672,59.85180230700967,1.7328014735774424,27.037499999999998,9.016666666666667,87.0,1003.6125000000001,250.625,24.650000000000002,0.0,26.916666666666668,16.075,242.625,30197.75,0.6999999999999981,2.391666666666666,61.875
2024-09-01 00:00:00+05:00,27.008333333333336,15.608333333333334,88.08333333333333,1003.9499999999999,414.1666666666667,24.833333333333332,0.041666666666666664,28.458333333333332,140.45833333333334,24.974999999999998,218.375,41.204166666666666,14.025,260.2083333333333,14.875,10.6,34.583333333333336,52.041666666666664,0.44916666666666666,55.791666666666664,1.0,9.0,6.0,3.0,55.666666666666664,58.458333333333336,0.125,55.451388888888886,56.536458333333336,58.88946759259259,0.518146359065196,1.5707958168349172,2.7887852170008673,56.53516967188756,2.0431408256774612,27.370833333333334,11.345833333333333,86.16666666666667,1003.7791666666667,364.375,24.78333333333333,0.0,49.708333333333336,19.029166666666665,249.91666666666666,6908.458333333333,0.054166666666669507,2.1749999999999994,61.916666666666664
2024-09-02 00:00:00+05:00,27.037499999999998,9.016666666666667,87.0,1003.6125000000001,250.625,24.650000000000002,0.0,26.916666666666668,200.95833333333334,16.075,242.625,48.1625,15.362499999999999,302.875,21.270833333333332,10.033333333333333,42.5,66.0,0.46291666666666664,61.875,2.0,9.0,0.0,3.0,61.75,55.791666666666664,0.125,61.25694444444445,58.73090277777778,58.487268518518526,0.5859295081195047,2.0517491098089318,2.6170035918556116,59.33913967736626,2.3782066969810796,27.695833333333336,15.075000000000001,83.08333333333333,1003.7416666666667,554.1666666666666,24.479166666666668,0.09166666666666667,91.16666666666667,23.675,211.875,2504.5625,-0.12500000000000475,2.387500000000001,67.0
2024-09-03 00:00:00+05:00,27.370833333333334,11.345833333333333,86.16666666666667,1003.7791666666667,364.375,24.78333333333333,0.0,49.708333333333336,258.7083333333333,19.029166666666665,249.91666666666666,62.262499999999996,16.191666666666666,284.9583333333333,20.645833333333332,8.720833333333333,46.041666666666664,105.83333333333333,0.4566666666666667,61.916666666666664,3.0,9.0,1.0,3.0,61.875,61.875,0.041666666666666664,61.88194444444445,62.142361111111114,59.136574074074076,0.37091532765948254,0.8281401129383981,3.079248314997915,61.700262924103384,1.554589959709072,28.0125,22.087500000000002,83.54166666666667,1001.4041666666667,694.1666666666666,24.916666666666668,0.008333333333333333,46.291666666666664,33.375,212.125,4329.729166666667,0.16666666666666666,2.5875,66.5
2024-09-04 00:00:00+05:00,27.695833333333336,15.075000000000001,83.08333333333333,1003.7416666666667,554.1666666666666,24.479166666666668,0.09166666666666667,91.16666666666667,262.0416666666667,23.675,211.875,63.40416666666667,18.883333333333333,241.41666666666666,17.7375,6.133333333333333,34.958333333333336,99.5,0.5116666666666666,67.0,4.0,9.0,2.0,3.0,66.75,61.916666666666664,0.25,66.14583333333333,63.986111111111114,61.619791666666664,0.503822306189846,1.73225153720048,2.878844371197843,64.4279910614268,2.0414595516190355,27.875,20.091666666666665,83.875,1002.5291666666667,652.9166666666666,24.829166666666666,0.0375,48.791666666666664,30.75,185.54166666666666,8810.375,-0.28333333333333616,3.2166666666666663,66.75
2024-09-05 00:00:00+05:00,28.0125,22.087500000000002,83.54166666666667,1001.4041666666667,694.1666666666666,24.916666666666668,0.008333333333333333,46.291666666666664,260.4166666666667,33.375,212.125,40.666666666666664,16.816666666666666,194.16666666666666,10.858333333333334,4.2625,46.125,39.916666666666664,0.5845833333333333,66.5,5.0,9.0,3.0,3.0,66.66666666666667,67.0,-0.16666666666666666,67.13888888888889,67.62847222222221,64.58564814814815,0.4995013035746225,1.0161500638954282,2.7657675325675584,67.09303029422136,1.7830152243122928,27.541666666666668,15.362499999999999,83.04166666666667,1004.0583333333334,541.4583333333334,24.34583333333333,0.008333333333333333,44.0,24.2375,189.16666666666666,15903.104166666666,-0.16666666666666194,3.095833333333333,68.125
2024-09-06 00:00:00+05:00,27.875,20.091666666666665,83.875,1002.5291666666667,652.9166666666666,24.829166666666666,0.0375,48.791666666666664,253.33333333333334,30.75,185.54166666666666,50.875,19.058333333333334,213.33333333333334,12.533333333333333,4.6625000000000005,45.041666666666664,59.833333333333336,0.5125000000000001,66.75,6.0,9.0,4.0,3.0,66.58333333333333,66.5,0.16666666666666666,66.11111111111111,65.83506944444444,65.81655092592592,0.4348672208088555,1.1864384739529095,2.1786490560196694,66.03438348521924,1.3122479460694907,27.520833333333332,15.549999999999999,84.54166666666667,1004.6875,542.2916666666666,24.59583333333333,0.004166666666666667,47.541666666666664,24.195833333333336,199.79166666666666,13461.3125,0.34999999999999903,3.045833333333334,63.583333333333336
2024-09-07 00:00:00+05:00,27.541666666666668,15.362499999999999,83.04166666666667,1004.0583333333334,541.4583333333334,24.34583333333333,0.008333333333333333,44.0,254.0,24.2375,189.16666666666666,49.925000000000004,17.479166666666668,227.41666666666666,14.225,5.454166666666667,44.583333333333336,63.833333333333336,0.3958333333333333,68.125,7.0,9.0,5.0,3.0,68.25,66.75,-0.125,68.39583333333333,67.96180555555556,67.1417824074074,0.22257299800738403,0.908189716174137,1.4918105687640004,67.89703137716472,1.1848212320740028,27.59166666666667,18.3,82.125,1002.4499999999999,641.875,24.183333333333334,0.0,41.083333333333336,28.412499999999998,207.75,8773.041666666666,0.1041666666666714,3.195833333333333,61.708333333333336
2024-09-08 00:00:00+05:00,27.520833333333332,15.549999999999999,84.54166666666667,1004.6875,542.2916666666666,24.59583333333333,0.004166666666666667,47.541666666666664,262.125,24.195833333333336,199.79166666666666,48.041666666666664,14.8375,229.5,14.454166666666666,5.629166666666666,47.458333333333336,69.08333333333333,0.32708333333333334,63.583333333333336,8.0,9.0,6.0,3.0,63.791666666666664,68.125,-0.20833333333333334,64.32638888888889,66.13020833333333,66.64236111111111,0.4769123124783557,1.4324622822758482,1.719914853357947,65.73379629496768,1.6633110876522095,27.5625,16.545833333333334,82.58333333333333,1000.9708333333333,545.625,24.266666666666666,0.020833333333333332,42.041666666666664,25.854166666666668,199.58333333333334,8949.229166666666,-0.029166666666673297,2.9250000000000003,71.375
2024-09-09 00:00:00+05:00,27.59166666666667,18.3,82.125,1002.4499999999999,641.875,24.183333333333334,0.0,41.083333333333336,261.5416666666667,28.412499999999998,207.75,66.27916666666667,17.366666666666667,200.91666666666666,12.045833333333334,4.816666666666666,51.708333333333336,108.58333333333333,0.4291666666666667,61.708333333333336,9.0,9.0,0.0,3.0,61.541666666666664,63.583333333333336,0.16666666666666666,61.28472222222222,61.857638888888886,65.31655092592592,0.5633140497516997,1.2854399746058731,2.950396570462632,62.10933654051204,1.998241770071999,27.566666666666666,14.508333333333333,82.54166666666667,1001.8291666666668,467.9166666666667,24.208333333333332,0.008333333333333333,20.75,23.170833333333334,222.54166666666666,12287.270833333334,-0.36666666666666475,3.408333333333333,93.45833333333333
2024-09-10 00:00:00+05:00,27.5625,16.545833333333334,82.58333333333333,1000.9708333333333,545.625,24.266666666666666,0.020833333333333332,42.041666666666664,243.29166666666666,25.854166666666668,199.58333333333334,90.07916666666667,24.695833333333336,234.125,14.254166666666668,5.3625,53.208333333333336,141.29166666666666,0.5391666666666667,71.375,10.0,9.0,1.0,3.0,70.79166666666667,61.708333333333336,0.5833333333333334,69.5625,65.77604166666667,64.58796296296296,0.9543628253129296,2.8965449859157117,3.305020767249239,66.61342859400159,3.3387346010252963,27.929166666666664,18.3875,79.29166666666667,1002.4583333333334,625.4166666666666,23.8625,0.0,34.208333333333336,28.7375,226.91666666666666,9583.125,-0.054166666666664774,3.295833333333333,108.375
2024-09-11 00:00:00+05:00,27.566666666666666,14.508333333333333,82.54166666666667,1001.8291666666668,467.9166666666667,24.208333333333332,0.008333333333333333,20.75,243.41666666666666,23.170833333333334,222.54166666666666,168.1875,37.17916666666667,247.45833333333334,14.575000000000001,6.758333333333333,64.95833333333333,315.3333333333333,0.52,93.45833333333333,11.0,9.0,2.0,3.0,92.33333333333333,71.375,1.125,89.375,80.48090277777777,69.37152777777779,2.22849685857445,6.525306080356692,9.138732756124668,81.65471830443094,8.534839064872518,27.9875,25.229166666666668,74.20833333333333,1002.0,856.4583333333334,22.849999999999998,0.004166666666666667,45.0,38.270833333333336,195.83333333333334,7342.229166666667,0.20416666666666572,3.358333333333334,91.375
2024-09-12 00:00:00+05:00,27.929166666666664,18.3875,79.29166666666667,1002.4583333333334,625.4166666666666,23.8625,0.0,34.208333333333336,257.0833333333333,28.7375,226.91666666666666,172.32916666666665,36.32083333333333,213.125,11.391666666666666,5.291666666666667,62.666666666666664,334.8333333333333,0.4675,108.375,12.0,9.0,3.0,3.0,108.20833333333333,93.45833333333333,0.16666666666666666,107.59027777777777,102.6875,82.98148148148148,0.7043298326854265,4.802724522841147,16.22228057702108,101.7916494627061,9.690246882246063,28.22083333333333,25.90833333333333,71.625,1001.6916666666666,916.6666666666666,22.46666666666667,0.0,34.583333333333336,39.645833333333336,216.5,12452.291666666666,-0.041666666666666664,4.066666666666666,77.125
2024-09-13 00:00:00+05:00,27.9875,25.229166666666668,74.20833333333333,1002.0,856.4583333333334,22.849999999999998,0.004166666666666667,45.0,249.70833333333334,38.270833333333336,195.83333333333334,83.99583333333334,22.804166666666664,168.33333333333334,7.795833333333333,3.6999999999999997,57.083333333333336,130.5,0.5554166666666667,91.375,13.0,9.0,4.0,3.0,92.79166666666667,108.375,-1.4166666666666667,96.24305555555556,103.86284722222223,95.67708333333333,2.6128925848232796,6.106378294674648,13.42507975961403,101.18394143509431,8.162003648040868,28.05,21.162499999999998,71.625,1003.5333333333333,875.625,22.333333333333332,0.0,48.0,33.074999999999996,180.45833333333334,22327.875,-0.12083333333333239,5.1375,74.08333333333333
2024-09-14 00:00:00+05:00,28.22083333333333,25.90833333333333,71.625,1001.6916666666666,916.6666666666666,22.46666666666667,0.0,34.583333333333336,251.16666666666666,39.645833333333336,216.5,74.40416666666667,23.266666666666666,169.375,7.716666666666666,3.6875,59.25,104.875,0.49500000000000005,77.125,14.0,9.0,5.0,3.0,77.08333333333333,91.375,0.041666666666666664,77.09722222222221,81.15277777777779,95.90104166666667,0.40502105869323235,5.1466327997873575,13.024930726180278,82.07917194561198,9.53493056954717,27.8875,19.6875,75.16666666666667,1005.4041666666667,721.4583333333334,23.016666666666666,0.020833333333333332,49.625,30.441666666666666,146.41666666666666,24302.208333333332,0.14166666666666572,5.754166666666666,74.20833333333333
2024-09-15 00:00:00+05:00,28.05,21.162499999999998,71.625,1003.5333333333333,875.625,22.333333333333332,0.0,48.0,248.41666666666666,33.074999999999996,180.45833333333334,51.612500000000004,21.287499999999998,181.375,8.366666666666667,4.120833333333334,57.75,48.25,0.49666666666666665,74.08333333333333,15.0,9.0,6.0,3.0,74.25,77.125,-0.16666666666666666,74.77777777777779,76.31423611111111,87.10995370370371,0.5240349493675954,1.302742856987727,13.452907770125504,76.61279803512902,4.375883918369849,28.3125,18.691666666666666,76.66666666666667,1006.1708333333332,646.875,23.6375,0.0,23.833333333333332,29.729166666666668,231.66666666666666,19174.416666666668,0.24166666666666478,5.716666666666666,70.375
2024-09-16 00:00:00+05:00,27.8875,19.6875,75.16666666666667,1005.4041666666667,721.4583333333334,23.016666666666666,0.020833333333333332,49.625,256.0416666666667,30.441666666666666,146.41666666666666,50.7875,21.425,181.375,9.033333333333333,4.341666666666667,54.708333333333336,46.25,0.49625,74.20833333333333,16.0,9.0,0.0,3.0,74.16666666666667,74.08333333333333,0.041666666666666664,73.99305555555556,73.62847222222221,77.03182870370371,0.37482372708560535,1.1484160635671417,4.583000291654448,74.1141896097002,2.1672487131431826,28.375,16.224999999999998,77.91666666666667,1004.9166666666666,569.1666666666666,23.941666666666666,0.0,29.375,26.72083333333333,238.33333333333334,14941.666666666666,0.21250000000000568,4.870833333333333,65.08333333333333
2024-09-17 00:00:00+05:00,28.3125,18.691666666666666,76.66666666666667,1006.1708333333332,646.875,23.6375,0.0,23.833333333333332,259.75,29.729166666666668,231.66666666666666,51.875,17.895833333333332,187.83333333333334,9.620833333333334,4.6875,53.583333333333336,63.166666666666664,0.5287499999999999,70.375,17.0,9.0,1.0,3.0,70.66666666666667,74.20833333333333,-0.2916666666666667,71.31944444444444,72.953125,74.29861111111111,0.5491239276416396,1.2728652392359676,2.0467329692857272,72.56207023804384,1.6532580534989163,28.22083333333333,13.424999999999999,79.625,1005.3666666666667,389.375,24.1875,0.0,7.916666666666667,23.075,251.20833333333334,12818.583333333334,-0.012500000000002842,4.675,63.291666666666664
2024-09-18 00:00:00+05:00,28.375,16.224999999999998,77.91666666666667,1004.9166666666666,569.1666666666666,23.941666666666666,0.0,29.375,254.75,26.72083333333333,238.33333333333334,47.61666666666667,16.008333333333333,205.70833333333334,11.0875,5.6125,59.125,58.666666666666664,0.41291666666666665,65.08333333333333,18.0,9.0,2.0,3.0,65.25,70.375,-0.16666666666666666,65.63888888888889,67.59895833333333,71.39351851851852,0.39234105716395756,1.6384250419774673,3.1062520111590035,67.54685360777769,2.5242994017609686,28.229166666666668,16.741666666666667,80.45833333333333,1005.375,430.0,24.375,0.0,10.875,27.504166666666666,249.625,10001.25,-0.18333333333333238,4.433333333333333,64.75
2024-09-19 00:00:00+05:00,28.22083333333333,13.424999999999999,79.625,1005.3666666666667,389.375,24.1875,0.0,7.916666666666667,248.625,23.075,251.20833333333334,57.03333333333333,17.054166666666667,221.41666666666666,13.987499999999999,7.295833333333333,62.083333333333336,80.66666666666667,0.3695833333333333,63.291666666666664,19.0,9.0,3.0,3.0,63.208333333333336,65.08333333333333,0.08333333333333333,63.111111111111114,63.673611111111114,68.07523148148148,0.460376554693926,0.9944155353837453,4.07829718647124,63.93986420072573,1.9599446438759465,28.34166666666667,18.1625,75.375,1005.9541666666668,621.4583333333334,23.3875,0.0,32.416666666666664,29.599999999999998,243.41666666666666,6066.833333333333,0.07500000000000284,4.033333333333333,67.16666666666667
2024-09-20 00:00:00+05:00,28.229166666666668,16.741666666666667,80.45833333333333,1005.375,430.0,24.375,0.0,10.875,267.0,27.504166666666666,249.625,53.354166666666664,16.679166666666667,220.04166666666666,12.65,6.245833333333334,60.041666666666664,73.16666666666667,0.36916666666666664,64.75,20.0,9.0,4.0,3.0,64.79166666666667,63.291666666666664,-0.041666666666666664,64.84722222222221,64.28125,65.18460648148148,0.2866987824885206,0.8096097504908014,2.2004091766699796,64.46441066932655,1.0669236063058125,28.483333333333334,19.033333333333335,72.75,1006.0958333333333,657.2916666666666,22.974999999999998,0.0,8.125,30.491666666666664,243.58333333333334,7417.145833333333,-0.02083333333333807,3.8541666666666665,73.95833333333333
2024-09-21 00:00:00+05:00,28.34166666666667,18.1625,75.375,1005.9541666666668,621.4583333333334,23.3875,0.0,32.416666666666664,254.95833333333334,29.599999999999998,243.41666666666666,62.112500000000004,20.108333333333334,197.20833333333334,9.220833333333333,5.179166666666666,59.458333333333336,79.625,0.3329166666666667,67.16666666666667,21.0,9.0,5.0,3.0,66.875,64.75,0.2916666666666667,66.34027777777779,65.33506944444444,64.42997685185186,0.5456099711471741,1.0160112103546244,1.3260004091808328,65.54544871232956,1.1652028269180965,28.8875,19.7625,72.875,1005.6291666666666,669.375,23.383333333333336,0.0,35.291666666666664,31.34583333333333,234.91666666666666,11731.4375,0.19583333333333522,4.954166666666667,73.25
2024-09-22 00:00:00+05:00,28.483333333333334,19.033333333333335,72.75,1006.0958333333333,657.2916666666666,22.974999999999998,0.0,8.125,262.6666666666667,30.491666666666664,243.58333333333334,70.82916666666667,22.25,195.79166666666666,8.854166666666666,4.925,60.958333333333336,95.58333333333333,0.34208333333333335,73.95833333333333,22.0,9.0,6.0,3.0,73.79166666666667,67.16666666666667,0.16666666666666666,73.22222222222221,70.609375,66.74189814814815,0.5069844545189717,2.1494806420480415,3.174344651412591,70.87521845754632,2.8677306749218214,29.025000000000002,20.4375,73.25,1004.1750000000001,668.9583333333334,23.6375,0.0,70.45833333333333,32.28333333333333,242.33333333333334,12837.625,-0.16666666666666666,5.508333333333333,70.66666666666667
2024-09-23 00:00:00+05:00,28.8875,19.7625,72.875,1005.6291666666666,669.375,23.383333333333336,0.0,35.291666666666664,264.6666666666667,31.34583333333333,234.91666666666666,62.324999999999996,20.4375,197.25,8.637500000000001,4.858333333333333,61.125,80.33333333333333,0.31958333333333333,73.25,23.0,9.0,0.0,3.0,73.375,73.95833333333333,-0.125,73.6875,74.24479166666667,70.06307870370371,0.2996268371681327,0.8490809829962515,4.080169726893437,73.64025241238916,1.8629484717448925,28.90416666666667,17.795833333333334,74.83333333333333,1003.2458333333334,638.5416666666666,23.829166666666666,0.0,54.416666666666664,29.1375,232.29166666666666,13556.729166666666,0.02499999999999621,5.504166666666666,69.29166666666667
2024-09-24 00:00:00+05:00,29.025000000000002,20.4375,73.25,1004.1750000000001,668.9583333333334,23.6375,0.0,70.45833333333333,261.8333333333333,32.28333333333333,242.33333333333334,55.5375,19.5,192.75,8.983333333333333,5.154166666666667,60.208333333333336,66.70833333333333,0.255,70.66666666666667,24.0,9.0,1.0,3.0,70.75,73.25,-0.08333333333333333,70.95833333333333,71.88194444444444,72.24537037037037,0.19975122477723514,0.8166034951124339,2.3540770505127333,71.77838039354864,1.243544837387481,29.099999999999998,17.445833333333333,74.41666666666667,1002.3666666666667,603.9583333333334,23.900000000000002,0.0,53.041666666666664,28.370833333333334,230.79166666666666,13858.104166666666,-0.22916666666666666,5.3875,68.5
2024-09-25 00:00:00+05:00,28.90416666666667,17.795833333333334,74.83333333333333,1003.2458333333334,638.5416666666666,23.829166666666666,0.0,54.416666666666664,261.3333333333333,29.1375,232.29166666666666,43.43333333333334,18.695833333333333,192.79166666666666,10.575000000000001,5.5125,56.333333333333336,36.791666666666664,0.24250000000000002,69.29166666666667,25.0,9.0,2.0,3.0,69.375,70.66666666666667,-0.08333333333333333,69.54166666666667,70.01909722222221,72.04861111111111,0.2122553415015055,0.4909493625168348,1.9101730862671304,70.0814630805343,0.9343033998575804,29.125,22.212500000000002,75.70833333333333,1002.275,592.7083333333334,24.233333333333334,0.0,54.625,34.97083333333333,242.625,11731.625,-0.06666666666666761,5.075,66.41666666666667
2024-09-26 00:00:00+05:00,29.099999999999998,17.445833333333333,74.41666666666667,1002.3666666666667,603.9583333333334,23.900000000000002,0.0,53.041666666666664,267.0833333333333,28.370833333333334,230.79166666666666,47.775,18.650000000000002,200.08333333333334,10.866666666666667,5.3,55.291666666666664,51.708333333333336,0.28958333333333336,68.5,26.0,9.0,3.0,3.0,68.5,69.29166666666667,0.0,68.47222222222221,68.6579861111111,70.1863425925926,0.17823465063102972,0.5988108403767928,1.4800993292710658,68.75796421489655,0.8266694386805522,29.224999999999998,20.125,74.25,1004.1041666666666,687.9166666666666,23.954166666666666,0.0,54.833333333333336,32.4,232.79166666666666,11044.604166666666,-0.11666666666666477,5.2,68.25
2024-09-27 00:00:00+05:00,29.125,22.212500000000002,75.70833333333333,1002.275,592.7083333333334,24.233333333333334,0.0,54.625,269.2916666666667,34.97083333333333,242.625,50.3125,17.954166666666666,179.70833333333334,8.404166666666667,4.445833333333334,52.791666666666664,60.375,0.33125,66.41666666666667,27.0,9.0,4.0,3.0,66.45833333333333,68.5,-0.041666666666666664,66.73611111111111,67.7638888888889,68.8136574074074,0.44328904676454983,0.947254410728402,1.192763012298317,67.55913080497655,1.051439204217956,28.754166666666666,16.695833333333333,74.41666666666667,1007.6416666666668,669.7916666666666,23.570833333333336,0.0,30.708333333333332,27.412499999999998,218.0,13385.208333333334,0.07083333333333523,4.891666666666667,65.625
2024-09-28 00:00:00+05:00,29.224999999999998,20.125,74.25,1004.1041666666666,687.9166666666666,23.954166666666666,0.0,54.833333333333336,260.4166666666667,32.4,232.79166666666666,51.57916666666667,17.8875,177.375,8.1875,4.2875000000000005,53.416666666666664,61.791666666666664,0.375,68.25,28.0,9.0,5.0,3.0,68.25,66.41666666666667,0.0,68.0,67.0,67.80729166666667,0.3381537567425419,1.0059490739990191,1.2574747514457392,67.40164936989143,1.1126334919941794,28.77916666666667,18.258333333333333,75.29166666666667,1009.1166666666667,549.5833333333334,23.804166666666664,0.0,14.583333333333334,29.325,238.16666666666666,14308.625,0.3666666666666695,5.270833333333333,62.125
2024-09-29 00:00:00+05:00,28.754166666666666,16.695833333333333,74.41666666666667,1007.6416666666668,669.7916666666666,23.570833333333336,0.0,30.708333333333332,264.5833333333333,27.412499999999998,218.0,64.3,17.154166666666665,182.29166666666666,9.841666666666667,5.058333333333334,53.208333333333336,102.125,0.36874999999999997,65.625,29.0,9.0,6.0,3.0,65.66666666666667,68.25,-0.041666666666666664,65.91666666666667,67.09375,67.28587962962963,0.41688711698292674,1.2936901755281494,1.3612706899822047,66.71809644762904,1.35653637849361,28.933333333333334,19.283333333333335,77.16666666666667,1007.1958333333333,547.2916666666666,24.266666666666666,0.0,10.333333333333334,30.72083333333333,240.125,11834.208333333334,0.40416666666666384,5.183333333333334,56.458333333333336
2024-09-30 00:00:00+05:00,28.77916666666667,18.258333333333333,75.29166666666667,1009.1166666666667,549.5833333333334,23.804166666666664,0.0,14.583333333333334,274.3333333333333,29.325,238.16666666666666,33.237500000000004,13.391666666666666,177.79166666666666,10.295833333333333,5.116666666666666,49.375,33.833333333333336,0.2554166666666667,62.125,30.0,9.0,0.0,3.0,62.458333333333336,65.625,-0.3333333333333333,63.22222222222222,64.63888888888889,66.24421296296296,0.6391564024545195,1.1849824662305144,1.7877174955789144,64.47886580854143,1.5678117062158765,28.900000000000002,20.566666666666666,78.95833333333333,1006.9041666666667,552.7083333333334,24.65833333333333,0.0,10.75,32.641666666666666,238.91666666666666,10596.458333333334,-0.037499999999999055,4.975,55.25
2024-10-01 00:00:00+05:00,28.933333333333334,19.283333333333335,77.16666666666667,1007.1958333333333,547.2916666666666,24.266666666666666,0.0,10.333333333333334,267.5833333333333,30.72083333333333,240.125,24.541666666666668,11.529166666666667,204.0,10.458333333333334,4.691666666666666,47.375,15.541666666666666,0.20916666666666664,56.458333333333336,1.0,10.0,1.0,4.0,56.583333333333336,62.125,-0.125,56.96527777777778,59.08680555555555,63.606481481481474,0.3605009423032384,1.840790732994517,3.715885813238984,59.02877962720066,2.767132673864341,28.78333333333333,23.770833333333332,78.79166666666667,1005.875,639.7916666666666,24.55,0.0,13.958333333333334,37.1,231.04166666666666,11026.4375,-0.2416666666666695,4.666666666666667,59.083333333333336
2024-10-02 00:00:00+05:00,28.900000000000002,20.566666666666666,78.95833333333333,1006.9041666666667,552.7083333333334,24.65833333333333,0.0,10.75,262.625,32.641666666666666,238.91666666666666,28.666666666666668,12.862499999999999,197.41666666666666,9.520833333333334,4.504166666666666,49.583333333333336,18.958333333333332,0.24958333333333335,55.25,2.0,10.0,2.0,4.0,55.166666666666664,56.458333333333336,0.08333333333333333,55.06944444444445,55.423611111111114,59.71643518518519,0.08286526695006137,0.5878189558942931,4.101690822546641,55.7416188276727,1.7706023907331518,28.691666666666666,24.212500000000002,79.70833333333333,1004.8708333333334,724.1666666666666,24.679166666666664,0.0,28.625,37.82083333333333,201.45833333333334,11617.395833333334,-0.02916666666666856,4.241666666666666,60.333333333333336
2024-10-03 00:00:00+05:00,28.78333333333333,23.770833333333332,78.79166666666667,1005.875,639.7916666666666,24.55,0.0,13.958333333333334,255.08333333333334,37.1,231.04166666666666,32.02916666666667,13.879166666666668,191.66666666666666,7.866666666666667,3.9583333333333335,52.833333333333336,22.833333333333332,0.30333333333333334,59.083333333333336,3.0,10.0,3.0,4.0,59.0,55.25,0.08333333333333333,58.576388888888886,57.00868055555555,57.17303240740741,0.37713342892615526,1.3181951957354896,2.309547739112172,57.389436047759126,1.5929267774773281,28.691666666666666,20.741666666666667,78.45833333333333,1006.1916666666666,715.625,24.27916666666667,0.0,34.833333333333336,32.675000000000004,200.66666666666666,15403.916666666666,-0.19583333333332575,4.233333333333333,62.666666666666664
2024-10-04 00:00:00+05:00,28.691666666666666,24.212500000000002,79.70833333333333,1004.8708333333334,724.1666666666666,24.679166666666664,0.0,28.625,248.08333333333334,37.82083333333333,201.45833333333334,35.050000000000004,15.458333333333334,180.875,7.279166666666666,3.704166666666667,51.333333333333336,24.791666666666668,0.29,60.333333333333336,4.0,10.0,4.0,4.0,60.208333333333336,59.083333333333336,0.125,60.0,59.52777777777778,57.32002314814815,0.39183407250683494,0.6707970858157964,2.061546964348168,59.39279299482926,1.2205898742540633,28.425,13.625,77.79166666666667,1009.0833333333334,503.5416666666667,23.983333333333334,0.0,17.041666666666668,23.920833333333334,222.875,17949.041666666668,0.041666666666666664,4.0125,63.125
2024-10-05 00:00:00+05:00,28.691666666666666,20.741666666666667,78.45833333333333,1006.1916666666666,715.625,24.27916666666667,0.0,34.833333333333336,245.0,32.675000000000004,200.66666666666666,39.520833333333336,15.479166666666666,175.95833333333334,8.862499999999999,4.375,49.875,37.291666666666664,0.36000000000000004,62.666666666666664,5.0,10.0,5.0,4.0,62.666666666666664,60.333333333333336,0.0,62.65972222222222,61.814236111111114,59.45023148148149,0.18274087933771832,0.8905940120238477,2.249834197440181,61.82481861735121,1.3174008077404156,29.133333333333336,11.475,67.66666666666667,1011.4250000000001,355.2083333333333,21.625,0.0,0.875,20.5125,238.25,15388.333333333334,0.22916666666666194,4.4125,69.25
2024-10-06 00:00:00+05:00,28.425,13.625,77.79166666666667,1009.0833333333334,503.5416666666667,23.983333333333334,0.0,17.041666666666668,242.875,23.920833333333334,222.875,46.93333333333334,17.179166666666667,222.5,12.579166666666666,7.020833333333333,54.041666666666664,51.125,0.3445833333333333,63.125,6.0,10.0,6.0,4.0,63.0,62.666666666666664,0.125,62.701388888888886,62.54340277777778,61.295138888888886,0.28530405239169904,0.6026983148747634,1.539145079762928,62.474208977764526,0.8299677736648731,31.179166666666664,13.916666666666666,48.708333333333336,1010.6833333333334,625.2083333333334,17.162499999999998,0.0,5.5,23.52916666666667,222.95833333333334,7165.625,0.42916666666666475,4.441666666666666,76.45833333333333
2024-10-07 00:00:00+05:00,29.133333333333336,11.475,67.66666666666667,1011.4250000000001,355.2083333333333,21.625,0.0,0.875,273.4583333333333,20.5125,238.25,47.84583333333333,19.545833333333334,275.8333333333333,17.154166666666665,12.266666666666666,72.25,50.0,0.23791666666666667,69.25,7.0,10.0,0.0,4.0,69.04166666666667,63.125,0.20833333333333334,67.79861111111111,65.17361111111111,63.177083333333336,2.440462662873261,2.2903466021160486,2.187844956201973,65.62920741545044,2.83407265855989,31.579166666666666,13.970833333333333,49.25,1008.8166666666666,709.5833333333334,18.404166666666665,0.0,7.083333333333333,24.2375,225.08333333333334,3990.0416666666665,0.09583333333333144,7.508333333333334,80.33333333333333
2024-10-08 00:00:00+05:00,31.179166666666664,13.916666666666666,48.708333333333336,1010.6833333333334,625.2083333333334,17.162499999999998,0.0,5.5,303.0,23.52916666666667,222.95833333333334,43.324999999999996,22.1125,337.4166666666667,20.075,11.9,85.83333333333333,26.875,0.3516666666666666,76.45833333333333,8.0,10.0,1.0,4.0,76.29166666666667,69.25,0.16666666666666666,75.02083333333333,71.96527777777779,66.56076388888889,4.775922009035142,7.613587664155916,6.155697843476311,72.1013488156349,7.627598205202104,30.983333333333334,11.979166666666666,55.583333333333336,1007.4083333333333,412.5,19.641666666666666,0.0,6.208333333333333,20.841666666666665,216.33333333333334,8705.958333333334,-0.2208333333333267,14.016666666666666,85.91666666666667
2024-10-09 00:00:00+05:00,31.579166666666666,13.970833333333333,49.25,1008.8166666666666,709.5833333333334,18.404166666666665,0.0,7.083333333333333,300.7083333333333,24.2375,225.08333333333334,47.25416666666666,26.379166666666666,343.0416666666667,19.587500000000002,7.829166666666667,79.75,19.375,0.3591666666666667,80.33333333333333,9.0,10.0,2.0,4.0,79.95833333333333,76.45833333333333,0.375,80.63888888888889,79.49479166666667,72.21122685185186,2.7011246691663104,9.88318745595261,9.659781834155327,79.0993367591676,9.218408499895974,31.683333333333334,12.5375,45.916666666666664,1007.0791666666668,411.25,17.0125,0.0,6.916666666666667,21.912499999999998,216.125,11954.041666666666,-0.18750000000000475,13.174999999999999,82.16666666666667
2024-10-10 00:00:00+05:00,30.983333333333334,11.979166666666666,55.583333333333336,1007.4083333333333,412.5,19.641666666666666,0.0,6.208333333333333,297.6666666666667,20.841666666666665,216.33333333333334,49.32916666666667,27.070833333333336,445.25,27.983333333333334,9.820833333333333,73.41666666666667,23.458333333333332,0.3729166666666666,85.91666666666667,10.0,10.0,3.0,4.0,85.875,80.33333333333333,0.041666666666666664,85.375,83.35763888888889,78.27256944444444,1.3460779739089521,2.01264607086146,8.89444497992798,83.52122898989629,4.3872918254909345,30.55,10.141666666666667,58.458333333333336,1007.2583333333333,310.4166666666667,20.1375,0.0,24.666666666666668,19.2375,228.04166666666666,4979.5,-0.1333333333333305,11.341666666666667,113.16666666666667
2024-10-11 00:00:00+05:00,31.683333333333334,12.5375,45.916666666666664,1007.0791666666668,411.25,17.0125,0.0,6.916666666666667,173.70833333333334,21.912499999999998,216.125,55.77916666666667,27.5125,455.5416666666667,25.329166666666666,11.958333333333334,81.70833333333333,37.166666666666664,0.3025,82.16666666666667,11.0,10.0,4.0,4.0,82.20833333333333,85.91666666666667,-0.041666666666666664,82.57638888888889,84.59201388888889,82.48148148148148,1.7229686142824316,3.358816198154051,6.675843863560136,83.7963306939101,3.579776386915606,29.933333333333334,9.058333333333334,69.41666666666667,1008.2208333333333,315.0,23.2,0.0,88.20833333333333,17.212500000000002,158.375,4841.645833333333,0.041666666666666664,14.670833333333333,104.70833333333333
2024-10-12 00:00:00+05:00,30.55,10.141666666666667,58.458333333333336,1007.2583333333333,310.4166666666667,20.1375,0.0,24.666666666666668,187.95833333333334,19.2375,228.04166666666666,79.75416666666666,41.22083333333333,481.8333333333333,23.308333333333334,17.712500000000002,116.75,34.625,0.3925,113.16666666666667,12.0,10.0,5.0,4.0,111.875,82.16666666666667,1.2916666666666667,105.36805555555556,90.65625,86.2019675925926,8.42252998841567,10.676865535535576,7.925616120358174,94.18265397824338,12.205739019877482,30.6375,8.0,61.416666666666664,1009.1666666666666,386.25,21.933333333333334,0.0,98.0,14.9125,107.45833333333333,3437.4375,0.0,10.4125,79.25
2024-10-13 00:00:00+05:00,29.933333333333334,9.058333333333334,69.41666666666667,1008.2208333333333,315.0,23.2,0.0,88.20833333333333,210.20833333333334,17.212500000000002,158.375,46.15,28.295833333333334,413.8333333333333,23.758333333333336,15.658333333333333,79.04166666666667,7.375,0.285,104.70833333333333,13.0,10.0,6.0,4.0,105.79166666666667,113.16666666666667,-1.0833333333333333,111.56944444444444,118.09722222222223,97.7818287037037,5.652509633850727,21.746126268117624,21.977635639579244,113.59153866756935,21.249183136103735,31.133333333333336,13.283333333333333,56.166666666666664,1009.3166666666666,485.4166666666667,20.166666666666668,0.012500000000000002,49.833333333333336,24.429166666666664,221.79166666666666,2801.6666666666665,0.08333333333333333,6.733333333333333,91.29166666666667
2024-10-14 00:00:00+05:00,30.6375,8.0,61.416666666666664,1009.1666666666666,386.25,21.933333333333334,0.0,98.0,167.08333333333334,14.9125,107.45833333333333,38.074999999999996,24.704166666666666,370.375,19.145833333333332,16.133333333333333,86.04166666666667,3.4166666666666665,0.33708333333333335,79.25,14.0,10.0,0.0,4.0,79.625,104.70833333333333,-0.375,80.875,90.24479166666667,99.66608796296298,1.5017456274255891,8.45140901686464,22.062325941292258,89.80148195157251,14.36168449282834,30.78333333333333,14.304166666666667,64.45833333333333,1008.225,480.625,21.979166666666668,0.0,24.416666666666668,23.770833333333332,224.29166666666666,3981.0208333333335,0.21666666666666856,8.704166666666667,83.20833333333333
2024-10-15 00:00:00+05:00,31.133333333333336,13.283333333333333,56.166666666666664,1009.3166666666666,485.4166666666667,20.166666666666668,0.012500000000000002,49.833333333333336,174.41666666666666,24.429166666666664,221.79166666666666,40.954166666666666,26.004166666666666,352.375,17.041666666666668,14.329166666666666,110.0,2.6666666666666665,0.41625,91.29166666666667,15.0,10.0,1.0,4.0,90.5,79.25,0.7916666666666666,86.08333333333333,80.80381944444444,96.38194444444444,4.887521357426542,4.679370635689751,22.0226577206876,83.50160523974222,10.02027380045234,29.945833333333336,15.295833333333334,73.79166666666667,1007.2375000000001,375.625,24.329166666666666,0.0,29.5,25.220833333333335,211.66666666666666,7028.666666666667,-0.06250000000000473,10.966666666666667,71.91666666666667
2024-10-16 00:00:00+05:00,30.78333333333333,14.304166666666667,64.45833333333333,1008.225,480.625,21.979166666666668,0.0,24.416666666666668,273.0833333333333,23.770833333333332,224.29166666666666,35.083333333333336,21.666666666666668,315.9166666666667,14.695833333333333,8.733333333333333,100.08333333333333,2.0833333333333335,0.30583333333333335,83.20833333333333,16.0,10.0,2.0,4.0,84.20833333333333,91.29166666666667,-1.0,88.19444444444444,90.55208333333333,87.20023148148148,7.787972068917564,17.631054550591617,13.709789032587034,88.86957787274713,16.117036247151805,29.245833333333334,9.775,75.625,1007.6916666666666,176.25,23.75,0.0,15.583333333333334,18.0,222.33333333333334,8111.104166666667,-0.15000000000000094,8.804166666666667,78.33333333333333
2024-10-17 00:00:00+05:00,29.945833333333336,15.295833333333334,73.79166666666667,1007.2375000000001,375.625,24.329166666666666,0.0,29.5,253.95833333333334,25.220833333333335,211.66666666666666,35.625,20.666666666666668,305.2083333333333,15.325000000000001,6.5249999999999995,74.375,6.083333333333333,0.2333333333333333,71.91666666666667,17.0,10.0,3.0,4.0,72.0,83.20833333333333,-0.08333333333333333,73.18055555555556,78.62152777777779,83.32581018518518,1.6361145084576254,9.429831872391086,13.80829292546357,78.33968099930486,11.000529573707341,30.604166666666668,11.479166666666666,59.041666666666664,1008.6791666666667,424.1666666666667,20.491666666666667,0.0,6.0,20.23333333333333,218.95833333333334,6189.458333333333,-0.04999999999999716,5.616666666666667,89.875
2024-10-18 00:00:00+05:00,29.245833333333334,9.775,75.625,1007.6916666666666,176.25,23.75,0.0,15.583333333333334,210.04166666666666,18.0,222.33333333333334,35.78333333333333,22.3875,409.4583333333333,22.974999999999998,13.791666666666666,77.66666666666667,3.875,0.26958333333333334,78.33333333333333,18.0,10.0,4.0,4.0,78.20833333333333,71.91666666666667,0.125,76.14583333333333,72.94444444444444,80.70601851851852,3.5691648505180695,2.8115073155704526,14.236434067369151,74.56504945522592,6.886254163542948,30.71666666666667,12.612499999999999,58.041666666666664,1009.0749999999999,472.5,20.170833333333334,0.0,0.2916666666666667,21.65833333333333,221.04166666666666,2399.5416666666665,0.07499999999999811,5.495833333333334,86.70833333333333
2024-10-19 00:00:00+05:00,30.604166666666668,11.479166666666666,59.041666666666664,1008.6791666666667,424.1666666666667,20.491666666666667,0.0,6.0,283.125,20.23333333333333,218.95833333333334,41.6,25.6125,384.25,20.729166666666668,11.683333333333332,92.16666666666667,4.5,0.32666666666666666,89.875,19.0,10.0,5.0,4.0,89.625,78.33333333333333,0.25,87.14583333333333,81.56076388888889,77.70891203703704,8.981841755575564,13.815992623950335,11.244369198002817,82.24089732457006,13.718095627422942,29.5625,13.8125,71.25,1009.7208333333333,362.0833333333333,22.933333333333334,0.0,2.8333333333333335,23.520833333333332,213.20833333333334,5093.666666666667,0.06250000000000473,10.112499999999999,76.29166666666667
2024-10-20 00:00:00+05:00,30.71666666666667,12.612499999999999,58.041666666666664,1009.0749999999999,472.5,20.170833333333334,0.0,0.2916666666666667,289.75,21.65833333333333,221.04166666666666,39.275,23.508333333333336,390.9583333333333,21.125,8.929166666666667,87.58333333333333,4.375,0.3745833333333333,86.70833333333333,20.0,10.0,6.0,4.0,86.83333333333333,89.875,-0.125,89.3125,91.21875,81.90798611111111,8.272354020905256,21.2047337626011,16.969854729476086,89.65107040759375,19.262058163898107,29.745833333333334,12.958333333333334,66.5,1010.5416666666666,412.0833333333333,21.258333333333333,0.0,0.125,22.541666666666668,221.625,6784.958333333333,0.06666666666666288,10.545833333333334,77.04166666666667
2024-10-21 00:00:00+05:00,29.5625,13.8125,71.25,1009.7208333333333,362.0833333333333,22.933333333333334,0.0,2.8333333333333335,284.0833333333333,23.520833333333332,213.20833333333334,34.449999999999996,19.183333333333334,332.3333333333333,17.266666666666666,8.475,81.91666666666667,7.541666666666667,0.38999999999999996,76.29166666666667,21.0,10.0,0.0,4.0,76.66666666666667,86.70833333333333,-0.375,77.99305555555556,82.58159722222221,85.12037037037037,5.6328053864517855,12.71429133997213,17.32877198964784,82.01490461208674,13.659627371033098,29.325,13.666666666666666,71.625,1011.2375000000001,355.4166666666667,22.870833333333334,0.008333333333333333,2.4583333333333335,23.308333333333334,208.45833333333334,5327.083333333333,0.03333333333333144,6.629166666666666,96.25
2024-10-22 00:00:00+05:00,29.745833333333334,12.958333333333334,66.5,1010.5416666666666,412.0833333333333,21.258333333333333,0.0,0.125,287.125,22.541666666666668,221.625,47.824999999999996,26.337500000000002,346.6666666666667,17.0625,8.720833333333333,90.125,11.791666666666666,0.3758333333333333,77.04166666666667,22.0,10.0,1.0,4.0,76.54166666666667,76.29166666666667,0.5,75.70138888888889,75.10243055555556,82.9675925925926,5.021527280272337,9.49260732479185,16.61248884657882,76.13772887267872,10.351397090371828,30.054166666666664,10.129166666666666,58.583333333333336,1011.25,384.5833333333333,18.974999999999998,0.0,11.208333333333334,18.720833333333335,218.625,6559.854166666667,0.14166666666666572,8.487499999999999,95.83333333333333
2024-10-23 00:00:00+05:00,29.325,13.666666666666666,71.625,1011.2375000000001,355.4166666666667,22.870833333333334,0.008333333333333333,2.4583333333333335,282.5,23.308333333333334,208.45833333333334,58.82083333333333,33.65833333333333,417.7916666666667,22.708333333333332,9.799999999999999,85.66666666666667,12.625,0.36541666666666667,96.25,23.0,10.0,2.0,4.0,95.58333333333333,77.04166666666667,0.6666666666666666,94.02083333333333,86.53472222222223,81.40625,4.134390208159464,9.6090400995192,12.267611714305824,87.91698327875118,10.372044670998308,30.554166666666664,14.424999999999999,58.416666666666664,1010.5208333333334,425.0,19.229166666666668,0.0,27.666666666666668,23.604166666666668,218.66666666666666,5445.6875,-0.008333333333330492,6.454166666666667,71.20833333333333
2024-10-24 00:00:00+05:00,30.054166666666664,10.129166666666666,58.583333333333336,1011.25,384.5833333333333,18.974999999999998,0.0,11.208333333333334,266.4583333333333,18.720833333333335,218.625,46.012499999999996,24.650000000000002,516.9583333333334,29.191666666666666,11.237499999999999,80.875,19.833333333333332,0.28458333333333335,95.83333333333333,24.0,10.0,3.0,4.0,96.54166666666667,96.25,-0.7083333333333334,96.0486111111111,96.63368055555556,86.09027777777777,7.086152500927716,8.555970837023413,13.198961889215525,95.15578432358984,10.272744145492775,30.1125,16.162499999999998,69.79166666666667,1009.6875,347.0833333333333,23.425,0.0,4.833333333333333,26.129166666666666,215.16666666666666,4204.854166666667,-0.008333333333335228,11.079166666666666,60.875
2024-10-25 00:00:00+05:00,30.554166666666664,14.424999999999999,58.416666666666664,1010.5208333333334,425.0,19.229166666666668,0.0,27.666666666666668,293.5416666666667,23.604166666666668,218.66666666666666,36.416666666666664,15.775,362.5,21.308333333333334,7.341666666666666,74.79166666666667,31.458333333333332,0.19416666666666668,71.20833333333333,25.0,10.0,4.0,4.0,71.91666666666667,95.83333333333333,-0.7083333333333334,76.14583333333333,86.44270833333333,89.87037037037037,5.2238007606497066,17.330604299680868,14.639609414846857,84.26881548322058,16.569709074099524,30.141666666666666,10.75,67.33333333333333,1007.7041666666668,214.58333333333334,22.712500000000002,0.0,13.375,18.9875,215.875,7442.958333333333,-0.07083333333332575,11.324999999999998,70.04166666666667
2024-10-26 00:00:00+05:00,30.1125,16.162499999999998,69.79166666666667,1009.6875,347.0833333333333,23.425,0.0,4.833333333333333,278.9166666666667,26.129166666666666,215.16666666666666,47.9375,16.141666666666666,401.4166666666667,18.883333333333333,5.916666666666667,70.83333333333333,59.166666666666664,0.17166666666666666,60.875,26.0,10.0,5.0,4.0,60.875,71.20833333333333,0.0,61.22222222222222,64.92013888888889,82.66550925925925,1.0380626751920954,3.997353969462088,17.948919514302858,66.11806558440901,10.102219440373657,29.245833333333334,12.970833333333333,77.125,1005.8291666666668,258.3333333333333,24.383333333333336,0.0,1.0416666666666667,21.458333333333332,216.5,5924.458333333333,-0.1541666666666733,6.687500000000001,90.5
2024-10-27 00:00:00+05:00,30.141666666666666,10.75,67.33333333333333,1007.7041666666668,214.58333333333334,22.712500000000002,0.0,13.375,272.7083333333333,18.9875,215.875,77.10833333333333,26.979166666666668,794.5833333333334,27.0,9.454166666666667,70.70833333333333,104.91666666666667,0.22208333333333333,70.04166666666667,27.0,10.0,6.0,4.0,69.25,60.875,0.7916666666666666,67.63194444444444,63.802083333333336,71.72164351851852,1.3155083461277581,2.815892765885908,15.063896610811705,65.37881563451785,5.178498557747326,28.708333333333332,12.970833333333333,81.41666666666667,1007.1208333333334,345.2083333333333,24.90833333333333,0.0,7.041666666666667,21.891666666666666,210.5,2719.25,-0.29583333333332956,7.429166666666667,100.125
2024-10-28 00:00:00+05:00,29.245833333333334,12.970833333333333,77.125,1005.8291666666668,258.3333333333333,24.383333333333336,0.0,1.0416666666666667,257.75,21.458333333333332,216.5,77.3,30.787499999999998,572.0833333333334,20.554166666666667,6.6499999999999995,68.125,85.29166666666667,0.17708333333333334,90.5,28.0,10.0,0.0,4.0,90.125,70.04166666666667,0.375,88.6736111111111,80.88194444444444,69.86805555555556,1.199340579437236,6.7284587890680845,9.844807427242689,81.68191982833936,9.011328169700969,28.27916666666667,14.345833333333333,82.83333333333333,1009.1125000000001,368.5416666666667,24.795833333333334,0.0,6.333333333333333,23.616666666666664,211.0,3664.9583333333335,-0.0500000000000019,4.8625,117.625
2024-10-29 00:00:00+05:00,28.708333333333332,12.970833333333333,81.41666666666667,1007.1208333333334,345.2083333333333,24.90833333333333,0.0,7.041666666666667,249.125,21.891666666666666,210.5,119.19166666666666,41.36666666666667,579.0833333333334,17.679166666666667,5.966666666666666,71.58333333333333,159.375,0.3725,100.125,29.0,10.0,1.0,4.0,99.16666666666667,90.5,0.9583333333333334,97.1875,93.48784722222223,79.390625,1.6208753147245378,2.830811068940974,13.273696811864108,93.07440155502304,6.638865113645012,28.254166666666666,11.1,78.625,1011.5083333333333,326.25,23.599999999999998,0.0,32.5,19.5,203.79166666666666,5091.895833333333,0.1875,3.8000000000000003,104.79166666666667
2024-10-30 00:00:00+05:00,28.27916666666667,14.345833333333333,82.83333333333333,1009.1125000000001,368.5416666666667,24.795833333333334,0.0,6.333333333333333,255.95833333333334,23.616666666666664,211.0,141.03333333333333,38.775,494.5416666666667,21.2375,6.691666666666666,68.125,234.16666666666666,0.3325,117.625,30.0,10.0,2.0,4.0,117.83333333333333,100.125,-0.20833333333333334,117.5625,110.7673611111111,95.0457175925926,1.6371901017431638,6.310297024378616,13.754417093005975,110.98521191111375,9.360993004202808,28.666666666666668,13.379166666666668,72.45833333333333,1012.3041666666667,364.375,21.995833333333334,0.0,18.916666666666668,22.09166666666667,207.45833333333334,5923.541666666667,0.33750000000000097,3.483333333333334,100.04166666666667
2024-10-31 00:00:00+05:00,28.254166666666666,11.1,78.625,1011.5083333333333,326.25,23.599999999999998,0.0,32.5,286.6666666666667,19.5,203.79166666666666,101.10833333333333,37.887499999999996,517.25,26.2,10.058333333333334,73.41666666666667,130.08333333333334,0.29833333333333334,104.79166666666667,31.0,10.0,3.0,4.0,104.91666666666667,117.625,-0.125,105.79166666666667,111.51215277777777,105.25578703703702,1.3122637574437062,5.315966038097877,10.75592454127969,109.4220401562085,6.557541536695616,28.195833333333336,14.533333333333333,79.66666666666667,1011.75,411.0416666666667,24.0625,0.0,2.1666666666666665,23.683333333333334,205.29166666666666,3919.5416666666665,0.20416666666666572,4.654166666666666,81.20833333333333
2024-11-01 00:00:00+05:00,28.666666666666668,13.379166666666668,72.45833333333333,1012.3041666666667,364.375,21.995833333333334,0.0,18.916666666666668,286.7083333333333,22.09166666666667,207.45833333333334,68.59166666666667,29.7375,463.5833333333333,25.354166666666668,7.979166666666667,63.875,73.58333333333333,0.22458333333333333,100.04166666666667,1.0,11.0,4.0,4.0,100.70833333333333,104.79166666666667,-0.6666666666666666,102.11805555555556,103.98090277777777,108.75347222222223,1.2957819427749875,2.5279979149278637,7.473455649849737,104.18713909885047,4.2723629808599055,27.4875,8.879166666666666,82.83333333333333,1011.9458333333333,253.33333333333334,24.05,0.0,28.833333333333332,16.533333333333335,192.08333333333334,5488.479166666667,0.07083333333333523,6.670833333333333,83.95833333333333
2024-11-02 00:00:00+05:00,28.195833333333336,14.533333333333333,79.66666666666667,1011.75,411.0416666666667,24.0625,0.0,2.1666666666666665,256.6666666666667,23.683333333333334,205.29166666666666,51.800000000000004,24.25,541.3333333333334,21.275000000000002,6.25,63.5,43.208333333333336,0.18083333333333332,81.20833333333333,2.0,11.0,5.0,4.0,81.70833333333333,100.04166666666667,-0.5,83.13194444444444,90.33680555555556,101.94328703703702,1.143993669499057,6.002099696907332,10.315878678566007,89.53482511469166,7.983467046502074,27.316666666666666,10.049999999999999,74.91666666666667,1011.7291666666666,251.875,21.683333333333334,0.0,22.75,18.270833333333332,201.875,6395.5,-0.12916666666666762,4.133333333333334,84.83333333333333
2024-11-03 00:00:00+05:00,27.4875,8.879166666666666,82.83333333333333,1011.9458333333333,253.33333333333334,24.05,0.0,28.833333333333332,212.625,16.533333333333335,192.08333333333334,59.10833333333334,27.40833333333333,749.5833333333334,29.420833333333334,9.4125,59.541666666666664,52.333333333333336,0.2020833333333333,83.95833333333333,3.0,11.0,6.0,4.0,83.66666666666667,81.20833333333333,0.2916666666666667,82.91666666666667,80.97395833333333,91.7638888888889,0.84415919182541,2.7097613076789453,10.780118153726171,82.69469033518776,5.146889768957618,27.34583333333333,9.616666666666667,71.83333333333333,1012.6208333333334,327.7083333333333,20.75,0.0,12.291666666666666,17.2375,197.75,2806.8958333333335,0.14583333333333334,3.4375,82.625
2024-11-04 00:00:00+05:00,27.316666666666666,10.049999999999999,74.91666666666667,1011.7291666666666,251.875,21.683333333333334,0.0,22.75,287.0,18.270833333333332,201.875,49.8125,25.795833333333334,729.5833333333334,31.041666666666668,11.041666666666666,68.54166666666667,34.041666666666664,0.1708333333333333,84.83333333333333,4.0,11.0,0.0,4.0,84.95833333333333,83.95833333333333,-0.125,84.75,84.78993055555556,85.36689814814815,1.7015874258393124,1.8663615121984618,6.04955474402794,84.50973772517064,2.9738363421460625,27.575,11.008333333333333,71.79166666666667,1014.1999999999999,351.25,21.058333333333334,0.0,0.0,18.733333333333334,200.625,3023.9166666666665,-0.125,5.633333333333333,85.33333333333333
2024-11-05 00:00:00+05:00,27.34583333333333,9.616666666666667,71.83333333333333,1012.6208333333334,327.7083333333333,20.75,0.0,12.291666666666666,284.375,17.2375,197.75,48.729166666666664,28.03333333333333,583.1666666666666,29.354166666666668,9.345833333333333,73.08333333333333,15.0,0.19083333333333333,82.625,5.0,11.0,1.0,4.0,82.45833333333333,84.83333333333333,0.16666666666666666,82.50694444444444,83.35243055555556,83.03877314814815,2.6330669273012743,4.63613078989258,3.778645667389064,83.16429344051681,4.405051436669303,27.708333333333332,14.208333333333334,80.25,1012.9791666666666,401.875,23.775000000000002,0.0,7.416666666666667,22.8,195.125,4182.041666666667,0.23333333333333428,6.595833333333334,84.16666666666667
2024-11-06 00:00:00+05:00,27.575,11.008333333333333,71.79166666666667,1014.1999999999999,351.25,21.058333333333334,0.0,0.0,299.4166666666667,18.733333333333334,200.625,42.55833333333333,25.708333333333332,626.625,28.770833333333332,8.924999999999999,73.83333333333333,6.0,0.1729166666666667,85.33333333333333,6.0,11.0,2.0,4.0,85.5,82.625,-0.16666666666666666,85.8888888888889,84.81597222222221,84.31944444444444,0.9075070293096252,3.5315721085261944,3.783661792353221,85.06985143478678,3.4878622291838686,28.09583333333333,12.108333333333334,77.375,1012.2458333333334,433.125,23.520833333333332,0.0,10.791666666666666,20.208333333333332,190.04166666666666,5056.6875,0.004166666666662877,6.516666666666667,75.83333333333333
2024-11-07 00:00:00+05:00,27.708333333333332,14.208333333333334,80.25,1012.9791666666666,401.875,23.775000000000002,0.0,7.416666666666667,268.4166666666667,22.8,195.125,48.041666666666664,27.208333333333332,553.2916666666666,22.575,6.7875000000000005,72.70833333333333,11.208333333333334,0.20291666666666666,84.16666666666667,7.0,11.0,3.0,4.0,84.04166666666667,85.33333333333333,0.125,83.76388888888889,84.01215277777779,84.06018518518518,0.6778413215948419,1.9304601345701267,3.7307370344265416,84.0027796227984,2.22462647843525,27.320833333333336,11.0,77.95833333333333,1012.8208333333333,369.1666666666667,22.849999999999998,0.0,10.791666666666666,18.645833333333332,192.25,6614.208333333333,-0.09166666666666383,3.9333333333333336,72.33333333333333
2024-11-08 00:00:00+05:00,28.09583333333333,12.108333333333334,77.375,1012.2458333333334,433.125,23.520833333333332,0.0,10.791666666666666,252.75,20.208333333333332,190.04166666666666,39.56666666666667,19.483333333333334,776.2916666666666,20.420833333333334,7.233333333333333,68.45833333333333,23.041666666666668,0.15583333333333335,75.83333333333333,8.0,11.0,4.0,4.0,76.45833333333333,84.16666666666667,-0.625,78.08333333333333,82.05208333333333,83.62673611111111,1.2715318302198642,3.3936869414497486,3.692834042222207,81.06468111854836,3.5789860290004056,27.25,12.095833333333333,77.20833333333333,1013.4666666666667,393.75,22.575,0.0,15.0,20.349999999999998,189.83333333333334,6069.0,-0.03333333333333618,4.575,72.5
2024-11-09 00:00:00+05:00,27.320833333333336,11.0,77.95833333333333,1012.8208333333333,369.1666666666667,22.849999999999998,0.0,10.791666666666666,265.5,18.645833333333332,192.25,43.24166666666667,21.4875,642.75,24.683333333333334,7.55,65.20833333333333,24.625,0.14125000000000001,72.33333333333333,9.0,11.0,5.0,4.0,72.16666666666667,75.83333333333333,0.16666666666666666,71.79861111111111,72.41145833333333,79.49189814814814,0.4070257498976841,2.3462103017975964,5.948135613541685,73.2038412575678,4.060484227962399,27.045833333333334,10.5375,77.625,1012.9666666666667,388.125,22.495833333333334,0.0,12.625,18.379166666666666,182.70833333333334,4929.875,0.07916666666667045,4.470833333333333,75.66666666666667
2024-11-10 00:00:00+05:00,27.25,12.095833333333333,77.20833333333333,1013.4666666666667,393.75,22.575,0.0,15.0,275.5,20.349999999999998,189.83333333333334,40.71666666666667,20.770833333333332,570.8333333333334,25.054166666666664,6.6499999999999995,57.333333333333336,21.5,0.14708333333333334,72.5,10.0,11.0,6.0,4.0,72.58333333333333,72.33333333333333,-0.08333333333333333,72.75,72.90104166666667,75.78819444444444,0.24859580085368405,0.723103306237352,5.295118529545275,72.92925504294934,1.627090515123931,27.3125,8.3,76.33333333333333,1012.125,401.0416666666667,22.5,0.0,12.416666666666666,16.483333333333334,184.33333333333334,6359.645833333333,0.02499999999999621,4.675,80.08333333333333
2024-11-11 00:00:00+05:00,27.045833333333334,10.5375,77.625,1012.9666666666667,388.125,22.495833333333334,0.0,12.625,264.625,18.379166666666666,182.70833333333334,48.275,23.425,806.0,26.145833333333332,7.1125,55.291666666666664,32.25,0.19291666666666665,75.66666666666667,11.0,11.0,0.0,4.0,75.45833333333333,72.5,0.20833333333333334,74.83333333333333,73.27777777777779,72.86342592592592,0.544350068349187,1.3433071944122361,1.998140066727423,73.71730915872591,1.5986742505526672,27.150000000000002,5.675,67.91666666666667,1011.2375000000001,439.5833333333333,19.783333333333335,0.0,1.1666666666666667,15.762500000000001,191.41666666666666,5746.6875,-0.11249999999999716,4.55,104.20833333333333
2024-11-12 00:00:00+05:00,27.3125,8.3,76.33333333333333,1012.125,401.0416666666667,22.5,0.0,12.416666666666666,233.625,16.483333333333334,184.33333333333334,59.9625,29.34166666666667,938.4583333333334,34.708333333333336,12.383333333333333,49.041666666666664,49.166666666666664,0.19416666666666668,80.08333333333333,12.0,11.0,1.0,4.0,79.66666666666667,75.66666666666667,0.4166666666666667,79.07638888888889,77.63715277777779,74.60532407407408,0.6259202116180052,1.4942303950885663,2.564924066977658,77.63519955682487,2.158468589752768,26.858333333333334,6.829166666666667,61.125,1011.9791666666666,592.0833333333334,17.608333333333334,0.0,0.25,17.595833333333335,190.20833333333334,4740.979166666667,-0.06666666666666761,4.8125,107.45833333333333
2024-11-13 00:00:00+05:00,27.150000000000002,5.675,67.91666666666667,1011.2375000000001,439.5833333333333,19.783333333333335,0.0,1.1666666666666667,207.29166666666666,15.762500000000001,191.41666666666666,56.675000000000004,41.454166666666666,803.4166666666666,42.641666666666666,25.891666666666666,56.125,26.083333333333332,0.26,104.20833333333333,13.0,11.0,2.0,4.0,103.08333333333333,80.08333333333333,1.125,99.99305555555556,90.23784722222223,80.38425925925925,2.3538812265513562,7.541912840231404,8.573663367080535,91.93795695213993,8.94167870472336,26.858333333333334,7.558333333333334,53.291666666666664,1012.6875,638.5416666666666,15.533333333333333,0.0,0.0,18.979166666666668,190.70833333333334,3285.1666666666665,-0.125,7.366666666666667,112.95833333333333
2024-11-14 00:00:00+05:00,26.858333333333334,6.829166666666667,61.125,1011.9791666666666,592.0833333333334,17.608333333333334,0.0,0.25,246.70833333333334,17.595833333333335,190.20833333333334,45.604166666666664,37.97083333333333,754.0833333333334,38.22083333333333,22.666666666666668,65.70833333333333,12.708333333333334,0.33625,107.45833333333333,14.0,11.0,3.0,4.0,107.75,104.20833333333333,-0.2916666666666667,108.33333333333333,108.54166666666667,92.1388888888889,2.046338392922347,5.036728925018912,14.222334236744828,106.42068358106872,8.404791541484508,26.775000000000002,6.829166666666667,65.16666666666667,1012.2624999999999,433.5416666666667,19.208333333333332,0.0,6.125,17.608333333333334,174.0,4763.8125,0.19583333333333522,9.25,107.33333333333333
2024-11-15 00:00:00+05:00,26.858333333333334,7.558333333333334,53.291666666666664,1012.6875,638.5416666666666,15.533333333333333,0.0,0.0,280.1666666666667,18.979166666666668,190.70833333333334,43.39166666666667,39.92916666666667,692.0,28.991666666666664,20.866666666666667,91.79166666666667,5.875,0.41875,112.95833333333333,15.0,11.0,4.0,4.0,112.75,107.45833333333333,0.20833333333333334,110.86805555555556,107.21180555555556,101.99710648148148,4.398435230557387,4.767742013996745,10.904068318115938,108.07566601260703,6.297997840400188,26.670833333333334,6.779166666666666,68.70833333333333,1012.4416666666666,395.2083333333333,19.825,0.0,8.208333333333334,18.395833333333332,176.66666666666666,4907.791666666667,-0.02083333333333807,11.325000000000001,91.83333333333333
2024-11-16 00:00:00+05:00,26.775000000000002,6.829166666666667,65.16666666666667,1012.2624999999999,433.5416666666667,19.208333333333332,0.0,6.125,255.20833333333334,17.608333333333334,174.0,38.574999999999996,33.59166666666667,807.125,28.983333333333334,20.375,83.95833333333333,8.458333333333334,0.3045833333333334,107.33333333333333,16.0,11.0,5.0,4.0,107.95833333333333,112.95833333333333,-0.625,110.45833333333333,113.4357638888889,109.72974537037037,3.7467214788084195,10.775711113493793,8.45167245511918,112.00121522285684,9.842347389039803,27.21666666666667,7.404166666666666,54.875,1013.5,467.7083333333333,16.320833333333333,0.0,1.2916666666666667,19.266666666666666,184.16666666666666,3388.375,-0.04583333333332954,7.566666666666666,99.66666666666667
2024-11-17 00:00:00+05:00,26.670833333333334,6.779166666666666,68.70833333333333,1012.4416666666666,395.2083333333333,19.825,0.0,8.208333333333334,176.54166666666666,18.395833333333332,176.66666666666666,40.09166666666667,30.454166666666666,917.875,31.65416666666667,19.991666666666667,69.75,15.125,0.3658333333333333,91.83333333333333,17.0,11.0,6.0,4.0,92.125,107.33333333333333,-0.2916666666666667,93.27777777777777,99.49652777777777,106.71469907407408,1.7729903226402544,5.981830812905824,10.265591417658484,98.94036984850896,8.319891128366969,26.933333333333334,7.545833333333333,53.458333333333336,1014.6208333333334,478.5416666666667,15.908333333333333,0.0,0.0,19.1125,184.41666666666666,2935.2916666666665,0.08750000000000095,6.845833333333334,124.45833333333333
2024-11-18 00:00:00+05:00,27.21666666666667,7.404166666666666,54.875,1013.5,467.7083333333333,16.320833333333333,0.0,1.2916666666666667,183.58333333333334,19.266666666666666,184.16666666666666,51.0375,42.112500000000004,972.2083333333334,42.925000000000004,22.354166666666668,62.541666666666664,16.0,0.39458333333333334,99.66666666666667,18.0,11.0,0.0,4.0,98.66666666666667,91.83333333333333,1.0,96.6388888888889,92.92881944444444,101.9537037037037,1.7993222245814515,3.383452224676694,11.78729040055719,94.84264887911071,5.699946137646709,26.320833333333336,7.116666666666667,56.875,1013.7083333333334,373.75,16.745833333333334,0.0,0.0,18.358333333333334,182.95833333333334,3216.0208333333335,0.15833333333333144,10.895833333333334,98.08333333333333
2024-11-19 00:00:00+05:00,26.933333333333334,7.545833333333333,53.458333333333336,1014.6208333333334,478.5416666666667,15.908333333333333,0.0,0.0,211.95833333333334,19.1125,184.41666666666666,48.137499999999996,41.9625,929.6666666666666,40.458333333333336,21.229166666666668,63.833333333333336,10.958333333333334,0.3345833333333333,124.45833333333333,19.0,11.0,1.0,4.0,124.29166666666667,99.66666666666667,0.16666666666666666,123.1111111111111,113.7326388888889,102.05266203703702,2.139944305361409,8.685068233186813,11.952273050443912,114.75814704370157,11.207627341393776,25.804166666666664,6.466666666666666,66.45833333333333,1013.1625,449.375,18.695833333333333,0.0,0.25,16.970833333333335,181.29166666666666,4292.625,0.012500000000002842,11.025,94.20833333333333
2024-11-20 00:00:00+05:00,26.320833333333336,7.116666666666667,56.875,1013.7083333333334,373.75,16.745833333333334,0.0,0.0,177.25,18.358333333333334,182.95833333333334,32.90833333333333,28.504166666666666,851.5416666666666,28.087500000000002,18.025000000000002,72.20833333333333,6.916666666666667,0.24666666666666667,98.08333333333333,20.0,11.0,2.0,4.0,99.375,124.45833333333333,-1.2916666666666667,102.75,114.1076388888889,106.9230324074074,2.579190121847164,8.935076339030362,14.27116209873114,110.27672473310076,10.630749178704475,26.150000000000002,7.3999999999999995,65.83333333333333,1012.6083333333332,525.0,18.900000000000002,0.0,8.916666666666666,19.008333333333333,172.45833333333334,3195.3333333333335,-0.125,9.575000000000001,83.45833333333333
2024-11-21 00:00:00+05:00,25.804166666666664,6.466666666666666,66.45833333333333,1013.1625,449.375,18.695833333333333,0.0,0.25,175.75,16.970833333333335,181.29166666666666,36.016666666666666,32.6625,1046.75,35.833333333333336,21.120833333333334,59.583333333333336,4.75,0.23916666666666667,94.20833333333333,21.0,11.0,3.0,4.0,93.875,98.08333333333333,0.3333333333333333,93.1875,93.125,106.98842592592592,1.1767631110938421,4.601368614501519,14.27902994604787,95.21786411063074,8.4679684985305,26.40833333333333,7.941666666666666,64.83333333333333,1012.775,522.0833333333334,18.9625,0.0,13.25,19.829166666666666,167.875,4120.104166666667,-0.025000000000005684,7.108333333333333,74.04166666666667
2024-11-22 00:00:00+05:00,26.150000000000002,7.3999999999999995,65.83333333333333,1012.6083333333332,525.0,18.900000000000002,0.0,8.916666666666666,243.125,19.008333333333333,172.45833333333334,26.333333333333332,23.366666666666664,973.4583333333334,27.120833333333334,18.6375,75.45833333333333,3.0416666666666665,0.24125,83.45833333333333,22.0,11.0,4.0,4.0,84.20833333333333,94.20833333333333,-0.75,85.77083333333333,90.98090277777777,99.4045138888889,2.9387132127888376,5.378789265370837,12.83179843048182,89.79180577864156,6.594673199970829,26.245833333333334,6.220833333333334,67.20833333333333,1013.3458333333333,418.75,19.341666666666665,0.0,38.958333333333336,16.366666666666667,166.16666666666666,5164.875,-0.0625,7.25,81.08333333333333
2024-11-23 00:00:00+05:00,26.40833333333333,7.941666666666666,64.83333333333333,1012.775,522.0833333333334,18.9625,0.0,13.25,292.0833333333333,19.829166666666666,167.875,25.05,21.370833333333334,962.9583333333334,26.495833333333334,16.504166666666666,67.91666666666667,3.75,0.20166666666666666,74.04166666666667,23.0,11.0,5.0,4.0,74.20833333333333,83.45833333333333,-0.16666666666666666,75.08333333333333,78.26041666666667,87.45543981481482,1.104782051533869,4.518170030532963,8.440006931356853,78.66941768356666,6.361695394840145,25.8625,6.791666666666667,52.958333333333336,1014.275,337.0833333333333,14.404166666666667,0.0,3.875,16.595833333333335,181.08333333333334,5139.416666666667,0.06666666666666761,7.445833333333334,98.45833333333333
2024-11-24 00:00:00+05:00,26.245833333333334,6.220833333333334,67.20833333333333,1013.3458333333333,418.75,19.341666666666665,0.0,38.958333333333336,216.08333333333334,16.366666666666667,166.16666666666666,33.80833333333333,28.870833333333334,1013.9583333333334,34.47083333333333,23.545833333333334,72.0,6.708333333333333,0.26,81.08333333333333,24.0,11.0,6.0,4.0,80.54166666666667,74.04166666666667,0.5416666666666666,78.56944444444444,75.171875,81.47106481481482,2.9965501056419774,3.1636154672168693,8.760822596765466,76.63602951713177,4.964761003999727,25.587500000000002,6.1375,58.291666666666664,1014.1374999999999,317.9166666666667,16.154166666666665,0.0,0.5,16.041666666666668,177.95833333333334,2909.9375,0.07500000000000284,6.904166666666666,127.125
2024-11-25 00:00:00+05:00,25.8625,6.791666666666667,52.958333333333336,1014.275,337.0833333333333,14.404166666666667,0.0,3.875,193.16666666666666,16.595833333333335,181.08333333333334,46.525,40.729166666666664,959.2916666666666,53.52916666666667,28.445833333333336,65.875,10.25,0.2604166666666667,98.45833333333333,25.0,11.0,0.0,4.0,97.41666666666667,81.08333333333333,1.0416666666666667,95.5,89.1267361111111,80.85300925925925,4.045746475862811,8.03619146196002,8.813037409872953,89.74979605829124,9.055376018851023,26.09166666666667,6.175,71.08333333333333,1012.4041666666667,379.7916666666667,20.183333333333334,0.0,2.25,15.9375,168.75,1888.25,0.0958333333333267,11.458333333333334,96.5
2024-11-26 00:00:00+05:00,25.587500000000002,6.1375,58.291666666666664,1014.1374999999999,317.9166666666667,16.154166666666665,0.0,0.5,201.41666666666666,16.041666666666668,177.95833333333334,48.62083333333334,41.99583333333333,1009.1666666666666,48.99166666666667,28.454166666666666,60.25,11.458333333333334,0.245,127.125,26.0,11.0,1.0,4.0,126.79166666666667,98.45833333333333,0.3333333333333333,125.02777777777777,113.10069444444444,92.46643518518518,3.3794433558143027,10.61133435610799,17.72586915808574,114.243840722833,13.870172822547213,25.929166666666664,5.245833333333334,75.125,1012.725,298.125,20.970833333333335,0.0,8.291666666666666,14.641666666666666,161.54166666666666,2665.2916666666665,-0.12916666666665813,9.433333333333334,98.41666666666667
2024-11-27 00:00:00+05:00,26.09166666666667,6.175,71.08333333333333,1012.4041666666667,379.7916666666667,20.183333333333334,0.0,2.25,238.33333333333334,15.9375,168.75,38.0375,28.46666666666667,1102.5,40.65416666666667,20.204166666666666,53.875,13.208333333333334,0.18500000000000003,96.5,27.0,11.0,2.0,4.0,97.875,127.125,-1.375,102.10416666666667,116.31944444444444,106.18229166666667,3.3904275182963475,12.108758563567465,17.94488501434205,111.3246626177329,13.788363130625607,25.541666666666668,6.0375000000000005,73.33333333333333,1013.6875,347.5,19.995833333333334,0.0,3.6666666666666665,16.0125,170.0,3858.875,-0.14166666666666572,5.908333333333334,87.16666666666667
2024-11-28 00:00:00+05:00,25.929166666666664,5.245833333333334,75.125,1012.725,298.125,20.970833333333335,0.0,8.291666666666666,204.45833333333334,14.641666666666666,161.54166666666666,43.24583333333334,36.225,1461.4583333333333,44.0,29.295833333333334,52.333333333333336,9.083333333333334,0.22875,98.41666666666667,28.0,11.0,3.0,4.0,97.70833333333333,96.5,0.7083333333333334,95.65972222222223,92.81770833333333,107.41261574074075,1.6274356014603863,6.36916137602665,16.563237306497268,95.92113507468252,10.495701390096382,25.933333333333334,7.8500000000000005,56.0,1013.0583333333334,641.0416666666666,14.904166666666667,0.0,1.3333333333333333,18.941666666666666,172.16666666666666,2061.25,0.14999999999999622,4.958333333333333,89.5
2024-11-29 00:00:00+05:00,25.541666666666668,6.0375000000000005,73.33333333333333,1013.6875,347.5,19.995833333333334,0.0,3.6666666666666665,196.125,16.0125,170.0,32.199999999999996,25.770833333333332,869.875,33.40833333333333,23.40833333333333,63.25,9.416666666666666,0.22791666666666666,87.16666666666667,29.0,11.0,4.0,4.0,88.04166666666667,98.41666666666667,-0.875,90.3263888888889,96.50868055555556,101.88194444444444,2.9164470285115747,7.447518033178988,14.462567299633635,94.51402873488877,8.185608911043689,24.833333333333332,7.145833333333333,42.333333333333336,1011.4708333333333,396.25,10.6,0.0,0.375,17.983333333333334,174.25,2167.0416666666665,0.041666666666671404,5.545833333333333,122.875
2024-11-30 00:00:00+05:00,25.933333333333334,7.8500000000000005,56.0,1013.0583333333334,641.0416666666666,14.904166666666667,0.0,1.3333333333333333,74.33333333333333,18.941666666666666,172.16666666666666,40.737500000000004,37.375,829.125,37.74583333333333,18.629166666666666,65.29166666666667,5.833333333333333,0.3145833333333333,89.5,30.0,11.0,5.0,4.0,88.625,87.16666666666667,0.875,87.09722222222223,85.05729166666667,91.46122685185185,1.8153181440093624,4.084937338595185,8.348549210411663,86.82754099531849,6.058927006120688,25.120833333333334,6.916666666666667,39.333333333333336,1011.1541666666667,539.7916666666666,9.841666666666667,0.0,0.20833333333333334,17.337500000000002,174.66666666666666,5883.8125,-0.12083333333333712,11.029166666666667,128.04166666666666
2024-12-01 00:00:00+05:00,24.833333333333332,7.145833333333333,42.333333333333336,1011.4708333333333,396.25,10.6,0.0,0.375,128.125,17.983333333333334,174.25,52.699999999999996,50.237500000000004,1113.7916666666667,36.87083333333333,23.212500000000002,78.75,4.416666666666667,0.35375,122.875,1.0,12.0,6.0,4.0,121.5,89.5,1.375,117.90972222222223,104.4513888888889,95.33912037037037,2.7978534695823902,10.435082765939159,12.314097841264022,106.8111553210935,12.566021565122648,25.358333333333334,11.220833333333333,43.541666666666664,1013.475,844.7916666666666,11.566666666666668,0.0,0.7916666666666666,26.104166666666668,173.16666666666666,2786.8958333333335,-0.27916666666666856,14.233333333333334,120.54166666666667
2024-12-02 00:00:00+05:00,25.120833333333334,6.916666666666667,39.333333333333336,1011.1541666666667,539.7916666666666,9.841666666666667,0.0,0.20833333333333334,96.91666666666667,17.337500000000002,174.66666666666666,44.833333333333336,42.17916666666667,938.7916666666666,36.608333333333334,17.57916666666667,74.25,5.041666666666667,0.30416666666666664,128.04166666666666,2.0,12.0,0.0,4.0,128.79166666666666,122.875,-0.75,129.88194444444443,129.36979166666666,106.29282407407408,1.7209789509526487,5.3451911892015405,20.145715301494473,126.80168971343257,10.68164836230168,25.4875,12.808333333333332,42.25,1014.7333333333332,756.6666666666666,11.266666666666666,0.0,3.4166666666666665,30.154166666666665,172.91666666666666,2912.6875,0.20000000000000284,15.279166666666667,126.125
2024-12-03 00:00:00+05:00,25.358333333333334,11.220833333333333,43.541666666666664,1013.475,844.7916666666666,11.566666666666668,0.0,0.7916666666666666,39.5,26.104166666666668,173.16666666666666,47.625,43.74583333333334,613.4166666666666,15.908333333333333,15.995833333333332,94.95833333333333,7.0,0.2966666666666667,120.54166666666667,3.0,12.0,1.0,4.0,120.45833333333333,128.04166666666666,0.08333333333333333,120.68055555555556,122.52430555555556,118.7818287037037,1.627837948051117,4.441992985671862,13.469844578006759,122.29145840421377,5.871479823559004,24.075,6.920833333333333,49.625,1014.125,390.625,12.4375,0.0,22.041666666666668,17.641666666666666,173.95833333333334,10316.75,0.3166666666666676,13.791666666666666,134.5
2024-12-04 00:00:00+05:00,25.4875,12.808333333333332,42.25,1014.7333333333332,756.6666666666666,11.266666666666666,0.0,3.4166666666666665,49.875,30.154166666666665,172.91666666666666,53.90416666666667,47.73333333333333,701.7083333333334,15.441666666666668,18.995833333333334,96.25,11.458333333333334,0.34,126.125,4.0,12.0,2.0,4.0,125.70833333333333,120.54166666666667,0.4166666666666667,124.74305555555556,123.16840277777777,125.02083333333333,1.174279391411862,2.525836862061562,5.687858373925238,123.64750828652102,3.1832593633038258,23.474999999999998,6.291666666666667,56.916666666666664,1012.7083333333334,274.5833333333333,14.0625,0.0,44.708333333333336,15.970833333333333,174.70833333333334,9920.833333333334,0.02499999999999621,14.220833333333333,124.45833333333333
2024-12-05 00:00:00+05:00,24.075,6.920833333333333,49.625,1014.125,390.625,12.4375,0.0,22.041666666666668,149.45833333333334,17.641666666666666,173.95833333333334,58.88333333333333,50.04583333333333,1093.7083333333333,28.925,22.59166666666667,72.33333333333333,16.291666666666668,0.2708333333333333,134.5,5.0,12.0,3.0,4.0,134.20833333333334,126.125,0.2916666666666667,133.43055555555557,130.13541666666666,125.27604166666667,0.7756307978136499,2.625860465503211,5.13109708493845,130.42281970572031,3.7489236615415376,22.65833333333333,6.979166666666667,32.583333333333336,1011.6458333333334,348.5416666666667,3.220833333333333,0.0,0.125,17.1875,182.79166666666666,3137.4791666666665,-0.1791666666666695,11.637500000000001,87.625
2024-12-06 00:00:00+05:00,23.474999999999998,6.291666666666667,56.916666666666664,1012.7083333333334,274.5833333333333,14.0625,0.0,44.708333333333336,197.875,15.970833333333333,174.70833333333334,57.38333333333333,36.65833333333333,1179.2916666666667,38.44166666666667,28.704166666666666,62.416666666666664,36.083333333333336,0.14833333333333334,124.45833333333333,6.0,12.0,4.0,4.0,125.79166666666667,134.5,-1.3333333333333333,128.5,132.88541666666666,128.72974537037038,1.9967949015034892,3.932812425193124,5.70975341751416,131.24483601178767,4.728776976951633,22.325,11.012500000000001,13.833333333333334,1013.4083333333333,504.375,-7.2375,0.0,0.0,25.712500000000002,183.91666666666666,1767.0833333333333,-0.14999999999999622,9.4125,97.79166666666667
2024-12-07 00:00:00+05:00,22.65833333333333,6.979166666666667,32.583333333333336,1011.6458333333334,348.5416666666667,3.220833333333333,0.0,0.125,195.45833333333334,17.1875,182.79166666666666,35.27916666666667,32.1,828.8333333333334,47.34583333333333,29.962500000000002,56.916666666666664,5.125,0.11041666666666666,87.625,7.0,12.0,5.0,4.0,88.20833333333333,124.45833333333333,-0.5833333333333334,90.99305555555556,105.99131944444444,123.00405092592592,3.104712824214859,11.992779635714593,14.746076274815984,104.0059520869293,15.284507275506826,20.425,7.7375,22.375,1015.6833333333334,321.6666666666667,-2.3249999999999997,0.0,0.0,19.154166666666665,181.5,2234.75,-0.008333333333335228,19.4375,84.70833333333333
2024-12-08 00:00:00+05:00,22.325,11.012500000000001,13.833333333333334,1013.4083333333333,504.375,-7.2375,0.0,0.0,295.8333333333333,25.712500000000002,183.91666666666666,38.975,29.204166666666666,460.8333333333333,37.920833333333334,18.566666666666666,54.333333333333336,18.041666666666668,0.10416666666666667,97.79166666666667,8.0,12.0,6.0,4.0,97.83333333333333,87.625,-0.041666666666666664,96.86805555555556,91.24652777777777,110.04108796296298,2.096041381382363,7.639003758428572,20.366276334779013,94.82391816788258,10.424828727191203,20.462500000000002,6.945833333333333,26.541666666666668,1016.2375000000001,429.7916666666667,-0.25416666666666665,0.0,0.08333333333333333,17.191666666666666,179.16666666666666,4718.854166666667,0.2666666666666657,29.5625,78.79166666666667
2024-12-09 00:00:00+05:00,20.425,7.7375,22.375,1015.6833333333334,321.6666666666667,-2.3249999999999997,0.0,0.0,140.29166666666666,19.154166666666665,181.5,37.145833333333336,25.866666666666664,1039.25,35.6625,14.391666666666666,52.75,20.458333333333332,0.10875,84.70833333333333,9.0,12.0,0.0,4.0,85.0,97.79166666666667,-0.2916666666666667,85.81944444444444,90.8107638888889,96.0162037037037,1.573248702224822,5.355979388262647,12.594225207267199,89.45280362704612,6.818689575694811,20.1875,5.945833333333333,31.0,1015.9208333333332,351.4583333333333,1.9749999999999999,0.0,1.625,15.483333333333334,175.58333333333334,1838.875,0.27916666666666856,22.75,100.83333333333333
2024-12-10 00:00:00+05:00,20.462500000000002,6.945833333333333,26.541666666666668,1016.2375000000001,429.7916666666667,-0.25416666666666665,0.0,0.08333333333333333,109.54166666666667,17.191666666666666,179.16666666666666,32.46666666666667,29.6875,1030.7916666666667,28.3,16.570833333333333,65.75,4.666666666666667,0.13458333333333333,78.79166666666667,10.0,12.0,1.0,4.0,78.625,84.70833333333333,0.16666666666666666,78.96527777777779,81.84895833333333,87.96875,1.3758970894139508,3.3600816297987794,8.04155117228221,81.89652490880478,4.979485307878768,19.629166666666666,8.033333333333333,29.666666666666668,1016.3375,507.0833333333333,0.6666666666666666,0.0,0.0,19.1125,177.625,2405.3541666666665,-0.041666666666666664,20.716666666666665,107.83333333333333
2024-12-11 00:00:00+05:00,20.1875,5.945833333333333,31.0,1015.9208333333332,351.4583333333333,1.9749999999999999,0.0,1.625,107.54166666666667,15.483333333333334,175.58333333333334,44.94166666666666,39.949999999999996,1033.5833333333333,43.225,26.229166666666668,60.791666666666664,8.958333333333334,0.18041666666666667,100.83333333333333,11.0,12.0,2.0,4.0,99.83333333333333,78.79166666666667,1.0,97.09722222222223,87.81944444444444,86.8263888888889,2.1293268739663245,7.350017299095119,8.299924350369976,90.23178486112829,8.144156586464563,19.162499999999998,13.450000000000001,25.958333333333332,1017.7166666666667,615.0,-1.2708333333333333,0.0,8.208333333333334,30.900000000000002,179.45833333333334,1162.8541666666667,-0.07499999999999811,18.212500000000002,70.125
2024-12-12 00:00:00+05:00,19.629166666666666,8.033333333333333,29.666666666666668,1016.3375,507.0833333333333,0.6666666666666666,0.0,0.0,43.5,19.1125,177.625,32.88333333333333,28.616666666666664,643.6666666666666,33.59583333333333,15.075000000000001,61.041666666666664,7.75,0.15291666666666667,107.83333333333333,12.0,12.0,3.0,4.0,108.70833333333333,100.83333333333333,-0.875,109.84027777777777,107.38715277777777,92.35185185185185,1.3107326103880539,4.027440679148035,12.705139285789068,106.15873258988042,8.072733750269872,19.891666666666666,11.924999999999999,26.083333333333332,1017.0833333333334,539.1666666666666,-0.7208333333333333,0.0,0.0,27.212500000000002,178.54166666666666,3540.9375,0.21666666666666382,18.962500000000002,78.79166666666667
2024-12-13 00:00:00+05:00,19.162499999999998,13.450000000000001,25.958333333333332,1017.7166666666667,615.0,-1.2708333333333333,0.0,8.208333333333334,50.125,30.900000000000002,179.45833333333334,20.662499999999998,17.525000000000002,535.875,14.125,13.441666666666668,81.33333333333333,5.25,0.1025,70.125,13.0,12.0,4.0,4.0,71.16666666666667,107.83333333333333,-1.0416666666666667,74.64583333333333,90.18055555555556,95.12905092592592,2.895167644621304,12.583179197943702,14.75925786110737,86.81926352476559,14.447889078713905,19.395833333333332,7.779166666666666,28.5,1017.1208333333334,382.5,-0.1875,0.0,0.0,18.708333333333332,178.33333333333334,8892.5625,0.04583333333333902,20.433333333333334,82.75
2024-12-14 00:00:00+05:00,19.891666666666666,11.924999999999999,26.083333333333332,1017.0833333333334,539.1666666666666,-0.7208333333333333,0.0,0.0,54.166666666666664,27.212500000000002,178.54166666666666,28.916666666666668,27.733333333333334,695.0,15.8375,18.291666666666668,93.625,2.2916666666666665,0.165,78.79166666666667,14.0,12.0,5.0,4.0,77.95833333333333,70.125,0.8333333333333334,75.83333333333333,70.78993055555556,89.4525462962963,1.6516747882224294,5.873696659152227,18.632628348343175,74.49485814270174,10.178105699232347,20.304166666666667,6.504166666666666,31.166666666666668,1016.0791666666668,368.125,2.129166666666667,0.0,0.0,15.966666666666667,174.0,6298.0625,-0.08750000000000568,20.6125,81.04166666666667
2024-12-15 00:00:00+05:00,19.395833333333332,7.779166666666666,28.5,1017.1208333333334,382.5,-0.1875,0.0,0.0,129.54166666666666,18.708333333333332,178.33333333333334,26.129166666666666,25.416666666666668,883.75,29.008333333333336,20.875,79.70833333333333,1.25,0.14541666666666667,82.75,15.0,12.0,6.0,4.0,82.95833333333333,78.79166666666667,-0.20833333333333334,83.34027777777779,82.63888888888889,81.203125,1.3175908040093551,2.5873560762228687,12.9474076884677,81.92010290341132,5.38732293813927,20.1375,6.0249999999999995,35.583333333333336,1014.9041666666667,320.0,4.05,0.0,12.333333333333334,15.316666666666668,174.04166666666666,2158.1041666666665,-0.02499999999999621,19.583333333333332,100.83333333333333
2024-12-16 00:00:00+05:00,20.304166666666667,6.504166666666666,31.166666666666668,1016.0791666666668,368.125,2.129166666666667,0.0,0.0,123.20833333333333,15.966666666666667,174.0,29.162499999999998,28.804166666666664,1062.3333333333333,38.32083333333333,23.954166666666666,65.0,0.5416666666666666,0.16541666666666668,81.04166666666667,16.0,12.0,0.0,4.0,80.75,82.75,0.2916666666666667,80.40277777777779,81.31770833333333,78.2488425925926,1.1780680018744596,2.5446802420750294,6.921724871818783,81.06837507661832,3.016994038384697,20.833333333333332,8.270833333333334,27.708333333333332,1014.1750000000001,569.1666666666666,0.7333333333333334,0.0,50.875,19.895833333333332,175.125,1540.9375,-0.15000000000000094,18.175,103.08333333333333
2024-12-17 00:00:00+05:00,20.1375,6.0249999999999995,35.583333333333336,1014.9041666666667,320.0,4.05,0.0,12.333333333333334,176.41666666666666,15.316666666666668,174.04166666666666,57.074999999999996,38.09166666666666,904.0833333333334,28.6375,20.412499999999998,69.54166666666667,36.125,0.28875,100.83333333333333,17.0,12.0,1.0,4.0,99.95833333333333,81.04166666666667,0.875,97.15972222222223,88.3611111111111,84.10590277777779,2.4707495543577758,6.373227045416496,5.7329957341336995,90.27748907037271,7.240424725702969,19.875,6.870833333333334,33.625,1013.3333333333334,579.7916666666666,3.1,0.0,51.166666666666664,16.758333333333333,172.45833333333334,1598.1458333333333,-0.01666666666666572,16.087500000000002,108.70833333333333
2024-12-18 00:00:00+05:00,20.833333333333332,8.270833333333334,27.708333333333332,1014.1750000000001,569.1666666666666,0.7333333333333334,0.0,50.875,63.333333333333336,19.895833333333332,175.125,41.65,36.87916666666667,729.75,21.420833333333334,18.966666666666665,86.25,8.833333333333334,0.2675,103.08333333333333,18.0,12.0,2.0,4.0,103.33333333333333,100.83333333333333,-0.25,104.49305555555556,104.82291666666667,91.5005787037037,1.3269295196459447,4.978298821186546,11.584527923022877,103.05004450476753,7.366644442134553,19.454166666666666,9.995833333333334,32.125,1015.2333333333332,531.875,1.7,0.0,8.25,23.025000000000002,177.29166666666666,3626.5416666666665,-0.28749999999999903,20.099999999999998,98.70833333333333
2024-12-19 00:00:00+05:00,19.875,6.870833333333334,33.625,1013.3333333333334,579.7916666666666,3.1,0.0,51.166666666666664,110.16666666666667,16.758333333333333,172.45833333333334,43.93333333333334,39.72083333333333,928.5,27.116666666666664,22.804166666666664,86.875,7.666666666666667,0.27416666666666667,108.70833333333333,19.0,12.0,3.0,4.0,108.29166666666667,103.08333333333333,0.4166666666666667,107.1111111111111,104.828125,99.33738425925925,1.2381264566480215,2.9566775752303136,9.620764048242124,105.35689688770309,4.016176311530969,18.691666666666666,10.275,30.041666666666668,1014.4875000000001,497.5,-0.49583333333333335,0.0,2.625,23.5,180.16666666666666,3011.2291666666665,0.12083333333333239,16.775000000000002,99.20833333333333
2024-12-20 00:00:00+05:00,19.454166666666666,9.995833333333334,32.125,1015.2333333333332,531.875,1.7,0.0,8.25,32.458333333333336,23.025000000000002,177.29166666666666,33.6,29.941666666666666,777.6666666666666,20.825,19.779166666666665,80.70833333333333,6.625,0.21375,98.70833333333333,20.0,12.0,4.0,4.0,99.66666666666667,108.70833333333333,-0.9583333333333334,101.81944444444444,106.18402777777777,105.27835648148148,1.7174075679297358,4.123691210271184,4.825674320509823,104.64086107262683,4.705416585283313,18.775000000000002,7.470833333333334,42.791666666666664,1012.8625000000001,477.5,5.629166666666666,0.0,0.0,18.504166666666666,171.5,5701.666666666667,0.15416666666666382,17.754166666666666,124.33333333333333
2024-12-21 00:00:00+05:00,18.691666666666666,10.275,30.041666666666668,1014.4875000000001,497.5,-0.49583333333333335,0.0,2.625,45.875,23.5,180.16666666666666,41.824999999999996,40.208333333333336,790.5416666666666,18.454166666666666,23.570833333333336,104.875,2.7083333333333335,0.23958333333333334,99.20833333333333,21.0,12.0,5.0,4.0,98.29166666666667,98.70833333333333,0.9166666666666666,96.27083333333333,94.86284722222223,101.95833333333333,2.3093799126640344,4.987761936923197,7.003864122323499,96.31194866159535,6.552231650097956,19.395833333333332,6.3999999999999995,55.333333333333336,1013.6291666666666,341.0416666666667,9.829166666666667,0.0,0.5,16.6875,170.54166666666666,5157.270833333333,-0.21666666666666382,19.1875,134.875
2024-12-22 00:00:00+05:00,18.775000000000002,7.470833333333334,42.791666666666664,1012.8625000000001,477.5,5.629166666666666,0.0,0.0,126.29166666666667,18.504166666666666,171.5,53.6875,47.19166666666666,1076.875,26.879166666666666,24.287499999999998,86.33333333333333,11.625,0.32583333333333336,124.33333333333333,22.0,12.0,6.0,4.0,123.625,99.20833333333333,0.7083333333333334,121.7986111111111,112.17534722222223,104.4074074074074,2.064788987329527,8.412927435658782,10.473233338169068,113.62433182468747,10.35857372284878,19.120833333333334,9.933333333333334,36.875,1016.6458333333334,683.5416666666666,3.6333333333333333,0.0,0.0,23.208333333333332,174.41666666666666,3630.6458333333335,-0.15416666666666856,13.145833333333334,155.91666666666666
2024-12-23 00:00:00+05:00,19.395833333333332,6.3999999999999995,55.333333333333336,1013.6291666666666,341.0416666666667,9.829166666666667,0.0,0.5,132.79166666666666,16.6875,170.54166666666666,70.54583333333333,56.76666666666667,1171.0,40.699999999999996,26.8,66.91666666666667,24.416666666666668,0.32666666666666666,134.875,23.0,12.0,0.0,4.0,133.95833333333334,124.33333333333333,0.9166666666666666,132.29166666666666,129.45659722222223,112.16493055555556,1.3932527396175187,2.9982387032783606,15.808933049425633,128.40438733817547,7.642930864551914,18.7,11.266666666666666,39.916666666666664,1018.0791666666668,700.4166666666666,4.308333333333334,0.0,0.0,25.875,174.41666666666666,2144.9166666666665,0.3333333333333381,9.566666666666666,158.91666666666666
2024-12-24 00:00:00+05:00,19.120833333333334,9.933333333333334,36.875,1016.6458333333334,683.5416666666666,3.6333333333333333,0.0,0.0,46.041666666666664,23.208333333333332,174.41666666666666,69.425,68.07916666666667,880.2916666666666,20.116666666666667,21.59583333333333,95.83333333333333,2.0,0.4295833333333334,155.91666666666666,24.0,12.0,1.0,4.0,155.54166666666666,134.875,0.375,153.9375,145.53472222222223,129.05555555555557,1.4588869592092626,7.1628159881137465,15.408689581732174,146.23773685118428,10.008305275759147,18.9375,11.033333333333333,37.791666666666664,1019.0375,625.625,3.641666666666667,0.0,0.0,25.5625,173.875,7005.1875,0.37083333333332763,15.487499999999999,157.20833333333334
2024-12-25 00:00:00+05:00,18.7,11.266666666666666,39.916666666666664,1018.0791666666668,700.4166666666666,4.308333333333334,0.0,0.0,44.25,25.875,174.41666666666666,67.75833333333334,66.79166666666667,878.3333333333334,14.9,23.212500000000002,113.83333333333333,1.3333333333333333,0.43,158.91666666666666,25.0,12.0,2.0,4.0,158.95833333333334,155.91666666666666,-0.041666666666666664,159.07638888888889,158.18055555555557,144.390625,0.4155371070144025,1.3191772865127553,12.937342316124306,156.96366334796474,5.878743333746389,18.875,6.816666666666666,36.083333333333336,1018.8208333333333,338.75,2.4,0.0,0.0,17.15833333333333,177.25,8443.6875,0.10416666666666667,14.391666666666666,135.08333333333334
2024-12-26 00:00:00+05:00,18.9375,11.033333333333333,37.791666666666664,1019.0375,625.625,3.641666666666667,0.0,0.0,35.875,25.5625,173.875,60.979166666666664,59.362500000000004,838.4583333333334,17.258333333333333,24.77916666666667,105.75,2.5833333333333335,0.36375,157.20833333333334,26.0,12.0,3.0,4.0,157.41666666666666,158.91666666666666,-0.20833333333333334,157.79861111111111,158.49305555555557,154.06944444444443,0.4853894498373021,0.8272028650910714,7.527329396739635,158.0766811924556,2.4661101104328944,18.662499999999998,7.070833333333333,31.416666666666668,1018.975,340.625,0.26666666666666666,0.0,0.0,16.979166666666668,178.625,7080.1875,-0.004166666666667614,15.295833333333333,97.375
2024-12-27 00:00:00+05:00,18.875,6.816666666666666,36.083333333333336,1018.8208333333333,338.75,2.4,0.0,0.0,97.875,17.15833333333333,177.25,43.775,42.3125,1341.8333333333333,28.004166666666666,22.27916666666667,84.83333333333333,2.2083333333333335,0.22291666666666668,135.08333333333334,27.0,12.0,4.0,4.0,136.5,157.20833333333334,-1.4166666666666667,139.98611111111111,149.390625,155.35474537037035,2.6422143882181395,6.78026891134397,6.058821910265739,147.41744108780304,7.774916979997361,18.995833333333334,8.387500000000001,35.125,1019.3291666666668,441.875,1.2916666666666667,0.0,7.333333333333333,19.379166666666666,177.5,1383.3125,0.02916666666666856,16.474999999999998,81.625
2024-12-28 00:00:00+05:00,18.662499999999998,7.070833333333333,31.416666666666668,1018.975,340.625,0.26666666666666666,0.0,0.0,165.83333333333334,16.979166666666668,178.625,27.349999999999998,25.412499999999998,976.8333333333334,34.4375,21.633333333333336,65.25,3.375,0.1125,97.375,28.0,12.0,5.0,4.0,98.91666666666667,135.08333333333334,-1.5416666666666667,102.7013888888889,116.79166666666667,141.55844907407408,2.807979353390445,11.314271369676119,19.695315034216843,115.8032882012913,16.2305744464602,19.6375,8.200000000000001,32.916666666666664,1018.4291666666667,420.8333333333333,2.3541666666666665,0.0,3.1666666666666665,19.941666666666666,175.875,2121.3958333333335,-0.008333333333330492,18.395833333333332,93.79166666666667
2024-12-29 00:00:00+05:00,18.995833333333334,8.387500000000001,35.125,1019.3291666666668,441.875,1.2916666666666667,0.0,7.333333333333333,78.29166666666667,19.379166666666666,177.5,31.458333333333332,28.266666666666666,931.5416666666666,31.945833333333336,17.283333333333335,69.125,5.541666666666667,0.14708333333333334,81.625,29.0,12.0,6.0,4.0,81.45833333333333,97.375,0.16666666666666666,81.40972222222221,86.30902777777777,117.49710648148148,0.8762385213323407,5.596581520499153,27.452421566695204,88.25209396583882,13.559172802365651,19.845833333333335,6.2375,34.666666666666664,1017.8666666666667,291.0416666666667,3.0124999999999997,0.0,56.375,15.679166666666667,170.25,3963.6458333333335,0.06666666666666288,17.704166666666666,117.54166666666667
2024-12-30 00:00:00+05:00,19.6375,8.200000000000001,32.916666666666664,1018.4291666666667,420.8333333333333,2.3541666666666665,0.0,3.1666666666666665,88.33333333333333,19.941666666666666,175.875,40.458333333333336,39.72083333333333,1220.125,28.900000000000002,19.3,86.08333333333333,1.1666666666666667,0.19208333333333336,93.79166666666667,30.0,12.0,0.0,4.0,92.83333333333333,81.625,0.9583333333333334,90.93055555555556,86.109375,96.40335648148148,1.392369586657672,3.5538355593809636,16.919606852086776,88.03919706370226,6.644307011118094,20.4375,8.125,35.083333333333336,1016.5749999999999,370.625,3.7416666666666667,0.0,67.33333333333333,19.204166666666666,172.75,2609.9166666666665,-0.22499999999999432,17.283333333333335,99.04166666666667
2024-12-31 00:00:00+05:00,19.845833333333335,6.2375,34.666666666666664,1017.8666666666667,291.0416666666667,3.0124999999999997,0.0,56.375,98.625,15.679166666666667,170.25,40.02916666666667,39.079166666666666,1384.0833333333333,30.84583333333333,18.658333333333335,73.08333333333333,1.75,0.2020833333333333,117.54166666666667,31.0,12.0,1.0,4.0,117.45833333333333,93.79166666666667,0.08333333333333333,116.1388888888889,106.81944444444444,93.0792824074074,2.015395542725383,8.215724201718157,12.597062907003853,107.75859298421004,10.98767146556004,19.858333333333334,7.129166666666666,45.583333333333336,1015.8208333333333,268.9583333333333,7.095833333333334,0.0,87.625,17.166666666666668,157.20833333333334,1511.625,0.02083333333332386,16.833333333333332,123.375
2025-01-01 00:00:00+05:00,20.4375,8.125,35.083333333333336,1016.5749999999999,370.625,3.7416666666666667,0.0,67.33333333333333,62.458333333333336,19.204166666666666,172.75,40.68333333333333,37.52916666666667,972.75,20.754166666666666,17.966666666666665,90.91666666666667,5.958333333333333,0.22208333333333333,99.04166666666667,1.0,1.0,2.0,1.0,99.375,117.54166666666667,-0.3333333333333333,101.09722222222223,109.3125,100.74710648148148,2.228313151751294,7.458659772805689,13.746878471021695,106.1778940882133,9.001028855616477,19.920833333333334,6.254166666666666,55.083333333333336,1015.5166666666668,313.75,10.375,0.0,20.166666666666668,16.245833333333334,173.375,2893.75,-0.1999999999999981,16.695833333333333,151.70833333333334
2025-01-02 00:00:00+05:00,19.858333333333334,7.129166666666666,45.583333333333336,1015.8208333333333,268.9583333333333,7.095833333333334,0.0,87.625,116.70833333333333,17.166666666666668,157.20833333333334,55.4,51.3375,1431.6666666666667,32.391666666666666,23.758333333333336,89.875,7.5,0.23458333333333334,123.375,2.0,1.0,3.0,1.0,121.91666666666667,99.04166666666667,1.4583333333333333,118.61805555555556,108.17708333333333,108.10300925925925,3.088203198105921,8.97533119539732,10.76435333154611,111.55730461967353,10.092604826836721,20.604166666666668,9.5875,54.833333333333336,1014.3166666666666,539.1666666666666,10.116666666666667,0.0,6.375,22.7375,175.70833333333334,1486.25,-0.03333333333333144,12.762500000000001,158.66666666666666
2025-01-03 00:00:00+05:00,19.920833333333334,6.254166666666666,55.083333333333336,1015.5166666666668,313.75,10.375,0.0,20.166666666666668,136.0,16.245833333333334,173.375,72.95833333333333,66.60833333333333,1241.0416666666667,35.795833333333334,30.425,98.16666666666667,11.958333333333334,0.4595833333333333,151.70833333333334,3.0,1.0,4.0,1.0,150.875,123.375,0.8333333333333334,148.07638888888889,137.39756944444443,118.2957175925926,2.290948385249831,8.865248795054837,17.152070422426537,137.71063036054824,13.515418736102006,18.091666666666665,6.6125,46.833333333333336,1015.0416666666666,357.0833333333333,6.3374999999999995,0.0,0.0,16.891666666666666,180.45833333333334,1933.1458333333333,-0.11249999999999716,9.545833333333333,105.0
2025-01-04 00:00:00+05:00,20.604166666666668,9.5875,54.833333333333336,1014.3166666666666,539.1666666666666,10.116666666666667,0.0,6.375,301.625,22.7375,175.70833333333334,69.32916666666667,51.67916666666667,776.3333333333334,36.06666666666667,24.8125,65.79166666666667,32.125,0.2704166666666667,158.66666666666666,4.0,1.0,5.0,1.0,159.125,151.70833333333334,-0.4583333333333333,159.63888888888889,157.39409722222223,134.32291666666666,1.1172536269511035,3.206416442544881,21.84008641681922,155.73156906701618,9.350724457400172,18.495833333333334,6.604166666666667,37.833333333333336,1017.4916666666667,322.2916666666667,2.975,0.0,0.0,16.558333333333334,182.66666666666666,5575.541666666667,-0.09583333333333617,10.487499999999999,106.625
2025-01-05 00:00:00+05:00,18.091666666666665,6.6125,46.833333333333336,1015.0416666666666,357.0833333333333,6.3374999999999995,0.0,0.0,192.95833333333334,16.891666666666666,180.45833333333334,55.06666666666666,40.22083333333333,908.6666666666666,39.32083333333333,26.183333333333334,67.33333333333333,26.958333333333332,0.21125000000000002,105.0,5.0,1.0,6.0,1.0,106.58333333333333,158.66666666666666,-1.5833333333333333,111.86805555555556,134.72569444444443,143.17245370370372,5.515751249702532,19.10835674316895,19.269317778129984,129.46735877787495,21.160778879884273,18.849999999999998,7.670833333333333,24.416666666666668,1018.5749999999999,397.7083333333333,-2.7416666666666667,0.0,0.0,18.133333333333333,185.95833333333334,2606.6458333333335,0.22916666666666666,11.754166666666665,77.75
2025-01-06 00:00:00+05:00,18.495833333333334,6.604166666666667,37.833333333333336,1017.4916666666667,322.2916666666667,2.975,0.0,0.0,91.20833333333333,16.558333333333334,182.66666666666666,35.25833333333333,31.079166666666666,1103.7083333333333,41.30833333333333,21.633333333333336,53.666666666666664,8.041666666666666,0.13833333333333334,106.625,6.0,1.0,0.0,1.0,107.25,105.0,-0.625,107.95833333333333,105.60590277777777,132.5752314814815,3.0738070337701657,8.99049925215528,26.544263980520892,109.72492248355515,14.650941072469529,17.775000000000002,6.054166666666667,36.791666666666664,1015.6166666666667,203.33333333333334,1.7458333333333333,0.0,0.0,15.229166666666666,185.41666666666666,1513.3125,0.27916666666666856,15.520833333333334,82.75
2025-01-07 00:00:00+05:00,18.849999999999998,7.670833333333333,24.416666666666668,1018.5749999999999,397.7083333333333,-2.7416666666666667,0.0,0.0,76.91666666666667,18.133333333333333,185.95833333333334,22.954166666666666,21.925,958.9166666666666,31.349999999999998,15.595833333333333,73.95833333333333,1.7083333333333333,0.09375,77.75,7.0,1.0,1.0,1.0,78.58333333333333,106.625,-0.8333333333333334,80.95833333333333,92.00694444444444,110.7795138888889,1.8792212768320802,9.221604707787867,23.768788767990056,90.30773561063596,12.509922314438732,18.658333333333335,6.0874999999999995,51.5,1013.8000000000001,235.83333333333334,6.920833333333333,0.0,0.0,15.079166666666666,185.58333333333334,2429.25,-0.1875,21.59166666666667,90.125
2025-01-08 00:00:00+05:00,17.775000000000002,6.054166666666667,36.791666666666664,1015.6166666666667,203.33333333333334,1.7458333333333333,0.0,0.0,146.04166666666666,15.229166666666666,185.41666666666666,28.087500000000002,27.829166666666666,1175.4166666666667,37.4375,30.141666666666666,75.5,0.25,0.10125,82.75,8.0,1.0,2.0,1.0,82.29166666666667,77.75,0.4583333333333333,80.57638888888889,77.24826388888889,91.62037037037037,1.9615241179337957,4.168723857382193,14.931666981822518,79.95502067143723,8.085889911512849,19.941666666666666,6.958333333333333,38.583333333333336,1014.8041666666667,396.875,5.0375000000000005,0.0,11.666666666666666,18.075,176.91666666666666,1224.4166666666667,-0.29999999999999716,16.029166666666665,108.20833333333333
2025-01-09 00:00:00+05:00,18.658333333333335,6.0874999999999995,51.5,1013.8000000000001,235.83333333333334,6.920833333333333,0.0,0.0,127.16666666666667,15.079166666666666,185.58333333333334,34.52916666666667,33.829166666666666,1418.375,44.02916666666667,24.170833333333334,70.0,0.9166666666666666,0.155,90.125,9.0,1.0,3.0,1.0,89.70833333333333,82.75,0.4166666666666667,89.15972222222223,86.7204861111111,85.32523148148148,2.2650755892625676,4.042224775868534,9.87371510330601,86.7292774836675,5.383943383664978,19.991666666666667,6.0249999999999995,43.083333333333336,1015.7583333333333,460.0,6.041666666666667,0.0,0.0,15.299999999999999,182.83333333333334,1454.0625,-0.041666666666671404,11.737499999999999,130.20833333333334
2025-01-10 00:00:00+05:00,19.941666666666666,6.958333333333333,38.583333333333336,1014.8041666666667,396.875,5.0375000000000005,0.0,11.666666666666666,97.375,18.075,176.91666666666666,46.35833333333333,45.6875,1071.2083333333333,53.05833333333334,24.416666666666668,63.625,1.125,0.5404166666666667,108.20833333333333,10.0,1.0,4.0,1.0,106.95833333333333,90.125,1.25,104.13194444444444,97.46875,87.14583333333333,2.5931371796160314,5.803337410058056,9.63629063160201,98.3449592796539,7.289283153073462,19.962500000000002,8.583333333333334,34.625,1017.8541666666666,450.625,2.904166666666667,0.0,0.16666666666666666,20.429166666666667,184.625,2618.0625,0.1374999999999981,14.904166666666667,122.16666666666667
2025-01-11 00:00:00+05:00,19.991666666666667,6.0249999999999995,43.083333333333336,1015.7583333333333,460.0,6.041666666666667,0.0,0.0,144.33333333333334,15.299999999999999,182.83333333333334,45.47083333333333,45.12916666666666,1102.5,41.833333333333336,28.900000000000002,74.83333333333333,0.5,0.3333333333333333,130.20833333333334,11.0,1.0,5.0,1.0,130.25,108.20833333333333,-0.041666666666666664,129.61111111111111,120.57465277777777,101.58796296296298,1.935262524949468,7.827250196345961,15.543012497288474,120.89309800052355,11.640892946312547,18.7625,12.799999999999999,41.375,1018.4166666666666,612.7083333333334,4.9624999999999995,0.0,2.4166666666666665,30.03333333333333,185.125,2273.5625,0.15416666666666856,13.950000000000001,133.54166666666666
2025-01-12 00:00:00+05:00,19.962500000000002,8.583333333333334,34.625,1017.8541666666666,450.625,2.904166666666667,0.0,0.16666666666666666,58.416666666666664,20.429166666666667,184.625,41.75416666666667,41.62083333333333,1100.9583333333333,35.40833333333333,22.983333333333334,87.375,0.16666666666666666,0.22916666666666666,122.16666666666667,12.0,1.0,6.0,1.0,122.45833333333333,130.20833333333334,-0.2916666666666667,122.65277777777777,126.74305555555556,114.92881944444444,2.698451699103712,5.254494784031993,14.764753238090835,124.55144775009695,7.294568535228205,18.370833333333334,8.041666666666666,52.375,1017.275,453.125,8.0375,0.0,0.041666666666666664,19.837500000000002,182.29166666666666,4295.604166666667,0.25,17.058333333333334,142.33333333333334
2025-01-13 00:00:00+05:00,18.7625,12.799999999999999,41.375,1018.4166666666666,612.7083333333334,4.9624999999999995,0.0,2.4166666666666665,59.291666666666664,30.03333333333333,185.125,53.9375,53.12083333333334,893.7083333333334,13.700000000000001,16.433333333333334,104.375,1.625,0.30375,133.54166666666666,13.0,1.0,0.0,1.0,132.41666666666666,122.16666666666667,1.125,130.52083333333334,124.4392361111111,123.91898148148148,3.7958650737948596,8.371458760596385,8.941225652597586,126.3477745737731,8.808840255821433,19.433333333333334,7.170833333333333,52.541666666666664,1018.0500000000001,442.0833333333333,8.904166666666667,0.0,1.6666666666666667,17.995833333333334,179.54166666666666,7831.020833333333,-0.11250000000000189,13.799999999999999,148.29166666666666
2025-01-14 00:00:00+05:00,18.370833333333334,8.041666666666666,52.375,1017.275,453.125,8.0375,0.0,0.041666666666666664,124.33333333333333,19.837500000000002,182.29166666666666,57.770833333333336,55.854166666666664,951.75,30.587500000000002,19.358333333333334,85.875,3.25,0.3958333333333333,142.33333333333334,14.0,1.0,1.0,1.0,142.08333333333334,133.54166666666666,0.25,142.05555555555557,141.11458333333334,130.765625,1.1598795288552488,4.874497100840521,10.550362473710624,139.8536939165456,7.771501919011865,18.904166666666665,6.295833333333333,54.166666666666664,1019.0749999999999,291.6666666666667,9.245833333333334,0.0,0.2916666666666667,17.150000000000002,185.375,2875.7916666666665,-0.03333333333333144,10.333333333333334,154.75
2025-01-15 00:00:00+05:00,19.433333333333334,7.170833333333333,52.541666666666664,1018.0500000000001,442.0833333333333,8.904166666666667,0.0,1.6666666666666667,127.125,17.995833333333334,179.54166666666666,61.24166666666667,55.60833333333333,1064.6666666666667,37.358333333333334,21.054166666666667,74.41666666666667,10.0,0.38166666666666665,148.29166666666666,15.0,1.0,2.0,1.0,148.33333333333334,142.33333333333334,-0.041666666666666664,148.0,145.48090277777777,137.01157407407408,1.413580916973072,4.329482742426701,11.362927230751167,145.6291307912329,5.31802187624498,19.404166666666665,11.737499999999999,39.25,1018.0375,665.625,3.9166666666666665,0.0,0.5833333333333334,27.483333333333334,189.54166666666666,2687.9791666666665,0.08750000000000095,10.529166666666667,143.66666666666666
2025-01-16 00:00:00+05:00,18.904166666666665,6.295833333333333,54.166666666666664,1019.0749999999999,291.6666666666667,9.245833333333334,0.0,0.2916666666666667,120.70833333333333,17.150000000000002,185.375,78.47500000000001,69.3,1367.6666666666667,45.82916666666667,34.137499999999996,80.95833333333333,16.291666666666668,0.37875,154.75,16.0,1.0,3.0,1.0,154.33333333333334,148.29166666666666,0.4166666666666667,153.14583333333334,150.03125,145.54224537037035,1.0035841441418778,2.9688759621900105,5.811762709697779,150.39993609985592,3.853244245539829,19.8,11.4375,35.083333333333336,1014.8833333333333,610.8333333333334,3.25,0.0,3.9166666666666665,26.995833333333334,189.375,2112.1458333333335,0.22083333333333144,9.658333333333333,110.75
2025-01-17 00:00:00+05:00,19.404166666666665,11.737499999999999,39.25,1018.0375,665.625,3.9166666666666665,0.0,0.5833333333333334,45.875,27.483333333333334,189.54166666666666,42.329166666666666,37.275,769.4583333333334,22.52916666666667,17.275000000000002,90.08333333333333,9.541666666666666,0.21125000000000002,143.66666666666666,17.0,1.0,4.0,1.0,145.75,154.75,-2.0833333333333335,149.79166666666666,154.57291666666666,150.0283564814815,2.9766003165083816,5.099359975628758,6.399247806379134,152.70210842525717,6.2258962799243625,19.858333333333334,7.5375000000000005,33.583333333333336,1014.8708333333334,392.5,2.470833333333333,0.0,0.0,18.666666666666668,188.08333333333334,8993.4375,-0.4416666666666629,15.487499999999999,121.33333333333333
2025-01-18 00:00:00+05:00,19.8,11.4375,35.083333333333336,1014.8833333333333,610.8333333333334,3.25,0.0,3.9166666666666665,62.833333333333336,26.995833333333334,189.375,45.75,43.68333333333334,782.7916666666666,19.833333333333332,17.95,102.0,3.8333333333333335,0.25875,110.75,18.0,1.0,5.0,1.0,110.29166666666667,143.66666666666666,0.4583333333333333,110.44444444444444,121.91319444444444,142.1724537037037,2.9872077729057787,14.216066891155284,17.979894339637454,121.44192819193074,17.938586051138625,20.379166666666666,8.633333333333333,39.291666666666664,1014.8083333333334,381.0416666666667,5.429166666666667,0.0,0.0,21.245833333333334,188.91666666666666,6514.0,-0.28749999999999903,16.55,140.29166666666666
2025-01-19 00:00:00+05:00,19.858333333333334,7.5375000000000005,33.583333333333336,1014.8708333333334,392.5,2.470833333333333,0.0,0.0,72.29166666666667,18.666666666666668,188.08333333333334,47.62916666666666,46.44583333333333,1000.9166666666666,25.979166666666668,19.412499999999998,97.125,2.25,0.2970833333333333,121.33333333333333,19.0,1.0,6.0,1.0,121.04166666666667,110.75,0.2916666666666667,120.34722222222223,117.0138888888889,131.16666666666666,0.8370939486918682,3.4593327572692796,20.21659894124075,118.93144224004857,7.7445279720205376,19.720833333333335,7.3374999999999995,50.416666666666664,1014.0124999999999,302.2916666666667,8.549999999999999,0.0,0.25,18.412499999999998,189.91666666666666,2356.6458333333335,0.0958333333333267,17.3875,142.91666666666666
2025-01-20 00:00:00+05:00,20.379166666666666,8.633333333333333,39.291666666666664,1014.8083333333334,381.0416666666667,5.429166666666667,0.0,0.0,109.91666666666667,21.245833333333334,188.91666666666666,57.62916666666666,56.425000000000004,1320.125,29.395833333333332,24.2375,98.125,2.25,0.32,140.29166666666666,20.0,1.0,0.0,1.0,139.29166666666666,121.33333333333333,1.0,136.86805555555557,128.96527777777777,122.63078703703702,1.8389603394590772,6.024155498454657,12.9355091761062,130.35451437390404,7.846918652471644,20.6375,7.7749999999999995,60.083333333333336,1013.5500000000001,546.0416666666666,11.854166666666666,0.0,3.9166666666666665,19.295833333333334,190.25,2734.2708333333335,-0.04166666666666193,14.950000000000001,115.95833333333333
2025-01-21 00:00:00+05:00,19.720833333333335,7.3374999999999995,50.416666666666664,1014.0124999999999,302.2916666666667,8.549999999999999,0.0,0.25,135.875,18.412499999999998,189.91666666666666,53.025,49.11666666666667,1226.2083333333333,27.354166666666668,24.329166666666666,101.83333333333333,7.208333333333333,0.3658333333333333,142.91666666666666,21.0,1.0,1.0,1.0,143.58333333333334,140.29166666666666,-0.6666666666666666,144.42361111111111,144.63715277777777,130.2054398148148,1.9951921633035912,4.82222675251126,12.644907239216485,142.8481372441523,7.493035441420759,20.625,8.358333333333333,36.125,1016.2375000000001,765.4166666666666,2.8333333333333335,0.0,0.16666666666666666,20.554166666666667,195.66666666666666,2022.1875,-0.14166666666667047,11.170833333333334,99.75
2025-01-22 00:00:00+05:00,20.6375,7.7749999999999995,60.083333333333336,1013.5500000000001,546.0416666666666,11.854166666666666,0.0,3.9166666666666665,235.45833333333334,19.295833333333334,190.25,41.12916666666667,30.96666666666667,728.875,27.65833333333333,17.6375,79.33333333333333,17.166666666666668,0.21166666666666667,115.95833333333333,22.0,1.0,2.0,1.0,117.79166666666667,142.91666666666666,-1.8333333333333333,122.52083333333333,132.81423611111111,135.47222222222223,3.735051768996898,8.04138848180425,10.795448816022256,130.7207694126933,9.549032487846736,20.520833333333332,11.295833333333334,25.125,1015.9791666666666,705.4166666666666,-0.6,0.0,0.0,26.175,199.5,4478.791666666667,0.15833333333333618,8.783333333333333,70.79166666666667
2025-01-23 00:00:00+05:00,20.625,8.358333333333333,36.125,1016.2375000000001,765.4166666666666,2.8333333333333335,0.0,0.16666666666666666,85.79166666666667,20.554166666666667,195.66666666666666,38.175000000000004,31.825,657.25,30.104166666666668,15.1,70.04166666666667,12.041666666666666,0.22208333333333333,99.75,23.0,1.0,3.0,1.0,99.54166666666667,115.95833333333333,0.20833333333333334,99.16666666666667,103.7482638888889,127.06655092592592,1.9885256681518175,9.119021010065952,19.336979318977633,105.34929629747323,13.352109787307237,20.445833333333333,8.445833333333333,27.875,1015.2624999999999,397.0833333333333,0.6208333333333332,0.0,0.0,20.462500000000002,202.125,6643.958333333333,0.2708333333333333,17.791666666666668,69.0
2025-01-24 00:00:00+05:00,20.520833333333332,11.295833333333334,25.125,1015.9791666666666,705.4166666666666,-0.6,0.0,0.0,38.208333333333336,26.175,199.5,19.645833333333332,16.204166666666666,640.8333333333334,17.0125,11.549999999999999,89.79166666666667,6.25,0.11958333333333333,70.79166666666667,24.0,1.0,4.0,1.0,72.16666666666667,99.75,-1.375,75.27777777777779,88.1892361111111,108.2505787037037,5.562981020967727,11.73472690533558,21.402560608758296,85.99264457194606,14.483888775818599,19.625,6.920833333333333,40.416666666666664,1014.1208333333334,218.33333333333334,5.195833333333334,0.0,0.0,17.420833333333334,202.33333333333334,8522.25,-0.07499999999999811,21.120833333333334,90.33333333333333
2025-01-25 00:00:00+05:00,20.445833333333333,8.445833333333333,27.875,1015.2624999999999,397.0833333333333,0.6208333333333332,0.0,0.0,104.66666666666667,20.462500000000002,202.125,26.008333333333336,22.575,1166.7083333333333,29.991666666666664,17.345833333333335,79.5,5.75,0.11958333333333333,69.0,25.0,1.0,5.0,1.0,68.54166666666667,70.79166666666667,0.4583333333333333,68.09722222222221,67.27777777777779,86.4050925925926,2.8969111867295507,6.585141677539379,18.38863226181149,69.94854699947108,10.502225027228365,19.866666666666667,6.391666666666667,62.916666666666664,1012.2416666666667,170.83333333333334,11.254166666666668,0.0,0.0,16.170833333333334,202.45833333333334,2667.6666666666665,-0.14583333333333334,19.825,105.875
2025-01-26 00:00:00+05:00,19.625,6.920833333333333,40.416666666666664,1014.1208333333334,218.33333333333334,5.195833333333334,0.0,0.0,139.41666666666666,17.420833333333334,202.33333333333334,39.075,34.09583333333333,967.8333333333334,46.458333333333336,27.608333333333334,61.0,9.666666666666666,0.13083333333333333,90.33333333333333,26.0,1.0,6.0,1.0,89.375,69.0,0.9583333333333334,86.72916666666667,77.92708333333333,77.7980324074074,2.7592560458647646,7.314357155640013,14.179378523406394,79.89561835428745,8.980834641487453,19.866666666666667,6.704166666666667,75.29166666666667,1011.0875,206.66666666666666,14.549999999999999,0.0,20.375,17.2375,199.29166666666666,1333.7708333333333,-0.16666666666666666,14.429166666666667,100.41666666666667
2025-01-27 00:00:00+05:00,19.866666666666667,6.391666666666667,62.916666666666664,1012.2416666666667,170.83333333333334,11.254166666666668,0.0,0.0,211.625,16.170833333333334,202.45833333333334,44.62083333333334,38.50833333333333,970.5833333333334,46.9625,28.03333333333333,53.833333333333336,10.625,0.12041666666666667,105.875,27.0,1.0,0.0,1.0,105.41666666666667,90.33333333333333,0.4583333333333333,104.28472222222223,98.94791666666667,81.38425925925925,1.2941881394908823,5.02806758637674,14.96352948637774,98.41263087295984,9.1662218765849,21.46666666666667,8.683333333333334,80.5,1011.9499999999999,293.75,17.608333333333334,0.0,6.625,20.941666666666666,195.91666666666666,973.4791666666666,-0.2708333333333333,8.6125,80.0
2025-01-28 00:00:00+05:00,19.866666666666667,6.704166666666667,75.29166666666667,1011.0875,206.66666666666666,14.549999999999999,0.0,20.375,287.9166666666667,17.2375,199.29166666666666,33.583333333333336,31.016666666666666,803.0,42.391666666666666,25.516666666666666,53.25,3.2916666666666665,0.11,100.41666666666667,28.0,1.0,1.0,1.0,101.04166666666667,105.875,-0.625,102.52777777777777,105.5798611111111,94.15162037037037,1.161681050088819,3.4375253849412046,13.409686652292878,103.70549182325628,5.692500031604048,21.479166666666668,8.404166666666667,51.583333333333336,1011.9041666666667,391.4583333333333,9.670833333333333,0.0,1.0,20.541666666666668,203.625,1610.0833333333333,-0.04999999999999716,5.316666666666666,83.29166666666667
2025-01-29 00:00:00+05:00,21.46666666666667,8.683333333333334,80.5,1011.9499999999999,293.75,17.608333333333334,0.0,6.625,283.7083333333333,20.941666666666666,195.91666666666666,40.12083333333333,22.116666666666664,543.3333333333334,24.34166666666667,12.879166666666668,68.875,28.125,0.14458333333333334,80.0,29.0,1.0,2.0,1.0,80.75,100.41666666666667,-0.75,82.84722222222221,90.68402777777777,98.40393518518518,1.6554308920076195,6.342892925332024,8.988399629927988,89.62654194427228,8.186723647147797,19.425,11.4625,29.0,1010.8416666666667,435.0,-0.5125000000000001,0.0,0.0,27.379166666666666,210.33333333333334,3006.625,0.10416666666665719,3.858333333333333,101.08333333333333
2025-01-30 00:00:00+05:00,21.479166666666668,8.404166666666667,51.583333333333336,1011.9041666666667,391.4583333333333,9.670833333333333,0.0,1.0,199.79166666666666,20.541666666666668,203.625,74.84166666666667,33.324999999999996,591.0833333333334,22.166666666666668,14.408333333333333,78.45833333333333,74.25,0.2504166666666667,83.29166666666667,30.0,1.0,3.0,1.0,82.45833333333333,80.0,0.8333333333333334,80.63888888888889,78.46354166666667,91.57581018518518,1.3449061858126752,3.4910677826077947,12.458552642012371,80.5063460766973,6.39418518714271,18.845833333333335,7.4125000000000005,43.916666666666664,1012.6750000000001,375.4166666666667,5.3875,0.0,0.0,18.8875,209.33333333333334,3282.4375,-0.10833333333332955,11.808333333333332,105.25
2025-01-31 00:00:00+05:00,19.425,11.4625,29.0,1010.8416666666667,435.0,-0.5125000000000001,0.0,0.0,300.2916666666667,27.379166666666666,210.33333333333334,91.175,34.170833333333334,429.1666666666667,18.3875,14.916666666666666,75.16666666666667,103.875,0.17166666666666666,101.08333333333333,31.0,1.0,4.0,1.0,101.0,83.29166666666667,0.08333333333333333,100.4375,93.4861111111111,87.54456018518518,1.69510833670621,6.24465797441298,9.908607541243425,94.35707706422862,8.178135991325744,20.804166666666667,9.054166666666667,26.75,1014.4125,783.3333333333334,0.4791666666666667,0.0,0.0,22.004166666666666,208.25,4911.3125,0.012500000000002842,19.9375,98.125
2025-02-01 00:00:00+05:00,18.845833333333335,7.4125000000000005,43.916666666666664,1012.6750000000001,375.4166666666667,5.3875,0.0,0.0,248.25,18.8875,209.33333333333334,102.58333333333333,43.708333333333336,666.75,35.99583333333333,17.708333333333332,65.5,105.79166666666667,0.21666666666666667,105.25,1.0,2.0,5.0,1.0,104.33333333333333,101.08333333333333,0.9166666666666666,102.78472222222223,101.9079861111111,91.28587962962963,1.4447750640316872,3.341373139891354,11.095148572343646,101.1830255956516,5.131501557718553,20.695833333333333,9.570833333333333,33.416666666666664,1013.5500000000001,622.5,3.25,0.0,0.25,23.775000000000002,209.16666666666666,2632.0,0.42916666666666475,13.458333333333334,84.375
2025-02-02 00:00:00+05:00,20.804166666666667,9.054166666666667,26.75,1014.4125,783.3333333333334,0.4791666666666667,0.0,0.0,40.458333333333336,22.004166666666666,208.25,30.962500000000002,24.616666666666664,678.0416666666666,25.099999999999998,13.041666666666666,80.45833333333333,12.458333333333334,0.285,98.125,2.0,2.0,6.0,1.0,99.70833333333333,105.25,-1.5833333333333333,102.36805555555556,106.22395833333333,100.53935185185185,3.265817436049612,8.346722932135133,8.889719297178276,104.41367449357296,8.585622199321763,20.816666666666666,10.095833333333333,49.458333333333336,1014.8916666666668,672.0833333333334,9.058333333333334,0.0,3.2083333333333335,24.116666666666664,207.16666666666666,8172.1875,-0.04583333333332954,20.325,79.83333333333333
2025-02-03 00:00:00+05:00,20.695833333333333,9.570833333333333,33.416666666666664,1013.5500000000001,622.5,3.25,0.0,0.25,154.91666666666666,23.775000000000002,209.16666666666666,35.42916666666667,27.349999999999998,648.4166666666666,15.295833333333334,17.904166666666665,105.25,14.583333333333334,0.30416666666666664,84.375,3.0,2.0,0.0,1.0,84.25,98.125,0.125,83.34722222222221,86.69618055555556,98.27604166666667,3.4936322886855766,7.435261297915106,11.103881854317324,87.4637630247726,10.29619182883259,20.170833333333334,7.7625,43.541666666666664,1015.3791666666666,327.0833333333333,5.583333333333333,0.0,0.0,19.0625,217.66666666666666,6343.979166666667,-0.008333333333335228,17.445833333333333,69.04166666666667
2025-02-04 00:00:00+05:00,20.816666666666666,10.095833333333333,49.458333333333336,1014.8916666666668,672.0833333333334,9.058333333333334,0.0,3.2083333333333335,275.6666666666667,24.116666666666664,207.16666666666666,34.520833333333336,18.3125,481.5833333333333,16.379166666666666,11.025,93.375,27.375,0.1525,79.83333333333333,4.0,2.0,1.0,1.0,80.5,84.375,-0.6666666666666666,82.89583333333333,85.21701388888889,92.71238425925925,2.958472413345128,7.798301369591491,12.747512524759097,84.97265978566152,7.715571980372988,21.125,9.4125,29.166666666666668,1015.9375,619.1666666666666,0.24583333333333324,0.0,22.291666666666668,22.337500000000002,215.58333333333334,7608.666666666667,0.11249999999999716,11.758333333333333,83.66666666666667
2025-02-05 00:00:00+05:00,20.170833333333334,7.7625,43.541666666666664,1015.3791666666666,327.0833333333333,5.583333333333333,0.0,0.0,209.04166666666666,19.0625,217.66666666666666,37.583333333333336,22.370833333333334,731.8333333333334,29.34583333333333,16.95,73.125,27.208333333333332,0.12791666666666665,69.04166666666667,5.0,2.0,2.0,1.0,68.79166666666667,79.83333333333333,0.25,68.88194444444444,72.671875,81.52835648148148,1.488825310742049,5.229799662391391,9.674335810735847,72.80551245066934,7.249602526616325,22.808333333333334,10.504166666666666,18.333333333333332,1015.9166666666666,576.4583333333334,-3.4166666666666665,0.0,48.333333333333336,24.633333333333336,216.70833333333334,2267.6458333333335,0.0833333333333286,14.5875,67.16666666666667
2025-02-06 00:00:00+05:00,21.125,9.4125,29.166666666666668,1015.9375,619.1666666666666,0.24583333333333324,0.0,22.291666666666668,96.625,22.337500000000002,215.58333333333334,31.71666666666667,24.441666666666666,746.4583333333334,34.00416666666667,14.679166666666667,64.25,13.416666666666666,0.125,83.66666666666667,6.0,2.0,3.0,1.0,83.375,69.04166666666667,0.2916666666666667,82.11111111111111,76.24305555555556,78.04398148148148,1.3045611377639235,5.088250007576614,8.895204052930879,77.92701879477123,6.064270469597262,21.97083333333333,8.5375,26.958333333333332,1014.0375,309.375,1.1375,0.0,64.83333333333333,20.295833333333334,211.83333333333334,5994.541666666667,0.05000000000000663,20.879166666666666,77.25
2025-02-07 00:00:00+05:00,22.808333333333334,10.504166666666666,18.333333333333332,1015.9166666666666,576.4583333333334,-3.4166666666666665,0.0,48.333333333333336,63.333333333333336,24.633333333333336,216.70833333333334,25.275000000000002,18.008333333333333,563.375,21.116666666666667,12.0375,83.58333333333333,13.166666666666666,0.15041666666666667,67.16666666666667,7.0,2.0,4.0,1.0,67.79166666666667,83.66666666666667,-0.625,69.77777777777779,77.28819444444444,75.40104166666667,2.4079829782344224,6.543339127895703,7.552996941891153,74.7868933454304,7.292682542018259,21.145833333333332,7.429166666666667,39.041666666666664,1012.7375000000001,196.66666666666666,5.504166666666666,0.0,22.791666666666668,18.104166666666668,219.125,6474.270833333333,-0.09166666666666856,26.224999999999998,99.41666666666667
2025-02-08 00:00:00+05:00,21.97083333333333,8.5375,26.958333333333332,1014.0375,309.375,1.1375,0.0,64.83333333333333,140.45833333333334,20.295833333333334,211.83333333333334,37.5375,29.712500000000002,801.9583333333334,27.27916666666667,18.379166666666666,86.41666666666667,14.708333333333334,0.1875,77.25,8.0,2.0,5.0,1.0,76.375,67.16666666666667,0.875,73.97916666666667,68.92013888888889,74.15046296296296,2.5585133246871887,4.7670664569712,8.167662881245569,71.28125216730982,6.348671924541183,21.5125,9.191666666666666,71.25,1013.1833333333334,378.5416666666667,15.729166666666666,0.0,30.083333333333332,22.15416666666667,215.29166666666666,2442.5,-0.21249999999999622,20.833333333333332,93.70833333333333
2025-02-09 00:00:00+05:00,21.145833333333332,7.429166666666667,39.041666666666664,1012.7375000000001,196.66666666666666,5.504166666666666,0.0,22.791666666666668,198.125,18.104166666666668,219.125,38.233333333333334,35.71666666666667,864.3333333333334,35.0,24.083333333333332,80.375,4.5,0.21083333333333334,99.41666666666667,9.0,2.0,6.0,1.0,98.83333333333333,77.25,0.5833333333333334,96.79166666666667,88.24131944444444,78.14988425925925,3.0865867535327065,7.441238776178525,11.314891769139697,89.01745380854898,9.961415937157758,23.041666666666668,10.454166666666667,75.95833333333333,1013.5625,428.9583333333333,18.116666666666667,0.0,26.125,25.0625,213.25,1483.4375,-0.12083333333333239,15.641666666666667,79.33333333333333
2025-02-10 00:00:00+05:00,21.5125,9.191666666666666,71.25,1013.1833333333334,378.5416666666667,15.729166666666666,0.0,30.083333333333332,281.6666666666667,22.15416666666667,215.29166666666666,28.829166666666666,26.229166666666668,551.5416666666666,23.858333333333334,16.095833333333335,87.08333333333333,1.875,0.23416666666666666,93.70833333333333,10.0,2.0,0.0,1.0,94.41666666666667,99.41666666666667,-0.7083333333333334,96.61805555555556,99.70833333333333,85.6232638888889,2.012237932625124,6.218297564637063,14.615836358212666,97.4360165960518,7.758743641090287,23.287499999999998,7.020833333333333,58.75,1015.1875,173.95833333333334,13.5625,0.0,0.0,17.641666666666666,217.75,4041.0416666666665,0.12916666666666762,5.783333333333334,113.5
2025-02-11 00:00:00+05:00,23.041666666666668,10.454166666666667,75.95833333333333,1013.5625,428.9583333333333,18.116666666666667,0.0,26.125,278.125,25.0625,213.25,79.67916666666666,29.516666666666666,447.9166666666667,18.0375,12.541666666666666,79.125,91.41666666666667,0.28208333333333335,79.33333333333333,11.0,2.0,1.0,1.0,79.20833333333333,93.70833333333333,0.125,79.40972222222221,85.06770833333333,91.00578703703702,1.8396302756810254,5.546934533717432,10.24728174370743,84.56924708725326,7.700400562892262,23.170833333333334,6.554166666666667,47.833333333333336,1015.2916666666666,197.5,10.520833333333334,0.0,0.0,16.754166666666666,220.16666666666666,4693.125,0.07083333333332575,4.925,146.29166666666666
2025-02-12 00:00:00+05:00,23.287499999999998,7.020833333333333,58.75,1015.1875,173.95833333333334,13.5625,0.0,0.0,186.66666666666666,17.641666666666666,217.75,114.40416666666665,50.79583333333333,853.2083333333334,34.93333333333333,22.65833333333333,70.875,114.45833333333333,0.33125,113.5,12.0,2.0,2.0,1.0,111.5,79.33333333333333,2.0,106.72916666666667,91.9357638888889,92.23726851851852,3.561363035917461,11.048180084927047,12.03180416889142,95.95315868514496,12.322517767780448,24.0125,10.375,65.25,1013.3375,301.0416666666667,16.245833333333334,0.0,21.833333333333332,24.09166666666667,217.08333333333334,1233.8541666666667,0.19166666666666762,9.725,105.45833333333333
2025-02-13 00:00:00+05:00,23.170833333333334,6.554166666666667,47.833333333333336,1015.2916666666666,197.5,10.520833333333334,0.0,0.0,138.25,16.754166666666666,220.16666666666666,85.99583333333334,49.95416666666667,989.7083333333334,42.07083333333333,29.358333333333334,68.66666666666667,67.16666666666667,0.29625,146.29166666666666,13.0,2.0,3.0,1.0,146.125,113.5,0.16666666666666666,144.88194444444443,133.66145833333334,103.55497685185185,2.235935938025948,11.121431552979404,24.584167813209515,132.99950507459496,18.20888263336169,24.754166666666666,12.775,66.875,1010.7833333333333,415.2083333333333,17.900000000000002,0.0,17.916666666666668,30.304166666666664,218.91666666666666,1545.4791666666667,-0.16666666666666666,12.65,83.58333333333333
2025-02-14 00:00:00+05:00,24.0125,10.375,65.25,1013.3375,301.0416666666667,16.245833333333334,0.0,21.833333333333332,278.6666666666667,24.09166666666667,217.08333333333334,57.6,27.462500000000002,428.8333333333333,22.55,12.700000000000001,72.875,52.458333333333336,0.20166666666666666,105.45833333333333,14.0,2.0,4.0,1.0,107.66666666666667,146.29166666666666,-2.2083333333333335,113.1388888888889,130.49305555555557,118.69675925925925,4.113233251463929,13.39077253249062,25.106444244012902,124.84663822099976,16.353903595750577,24.787499999999998,10.466666666666667,67.75,1010.65,370.4166666666667,17.958333333333332,0.0,5.916666666666667,25.016666666666666,206.95833333333334,3279.2708333333335,-0.28749999999999903,7.766666666666667,85.79166666666667
2025-02-15 00:00:00+05:00,24.754166666666666,12.775,66.875,1010.7833333333333,415.2083333333333,17.900000000000002,0.0,17.916666666666668,267.1666666666667,30.304166666666664,218.91666666666666,67.01666666666667,29.412499999999998,359.7083333333333,16.983333333333334,11.008333333333333,81.625,67.58333333333333,0.19833333333333333,83.58333333333333,15.0,2.0,5.0,1.0,83.5,105.45833333333333,0.08333333333333333,83.76388888888889,90.41840277777777,118.19097222222223,1.2759890143013872,7.441029228779219,24.791695153296285,92.30239567150524,15.81790870670801,25.254166666666666,7.254166666666666,60.375,1012.8166666666666,246.25,15.9,0.0,37.875,19.195833333333333,209.33333333333334,5262.354166666667,-0.18750000000000475,6.854166666666667,81.45833333333333
2025-02-16 00:00:00+05:00,24.787499999999998,10.466666666666667,67.75,1010.65,370.4166666666667,17.958333333333332,0.0,5.916666666666667,268.8333333333333,25.016666666666666,206.95833333333334,57.375,24.620833333333334,424.6666666666667,17.275000000000002,10.566666666666666,78.70833333333333,58.75,0.26458333333333334,85.79166666666667,16.0,2.0,6.0,1.0,86.125,83.58333333333333,-0.3333333333333333,86.65972222222223,85.90277777777777,102.27141203703702,0.7211581736843264,2.400095278134635,22.656550837758328,87.16216663611094,6.68170974907775,25.3625,8.9625,61.125,1013.4458333333333,390.4166666666667,16.329166666666666,0.0,41.291666666666664,22.241666666666664,221.29166666666666,3957.2916666666665,0.12916666666666762,6.829166666666666,88.45833333333333
2025-02-17 00:00:00+05:00,25.254166666666666,7.254166666666666,60.375,1012.8166666666666,246.25,15.9,0.0,37.875,193.75,19.195833333333333,209.33333333333334,50.85,27.395833333333332,774.4583333333334,28.320833333333336,17.370833333333334,83.375,43.041666666666664,0.36000000000000004,81.45833333333333,17.0,2.0,0.0,1.0,81.33333333333333,85.79166666666667,0.125,80.59027777777779,81.86631944444444,86.0625,3.2348888329611856,3.9817341636505668,6.894552880148795,81.9294942807088,5.533898073956473,25.537499999999998,14.212499999999999,61.25,1011.375,614.5833333333334,16.98333333333333,0.0,32.958333333333336,33.762499999999996,225.29166666666666,1804.0625,0.2208333333333409,9.354166666666666,67.20833333333333
2025-02-18 00:00:00+05:00,25.3625,8.9625,61.125,1013.4458333333333,390.4166666666667,16.329166666666666,0.0,41.291666666666664,280.6666666666667,22.241666666666664,221.29166666666666,50.9375,22.308333333333334,603.6666666666666,24.245833333333334,12.5,67.125,50.541666666666664,0.30875,88.45833333333333,18.0,2.0,1.0,1.0,88.70833333333333,81.45833333333333,-0.25,89.34722222222223,86.44618055555556,84.73842592592592,2.605229982117843,7.261638152616675,5.914991022195931,87.04277794002536,6.898546808617753,25.912499999999998,8.0625,46.791666666666664,1011.6374999999999,547.2916666666666,10.608333333333334,0.0,0.08333333333333333,21.129166666666666,232.0,3972.5416666666665,-0.016666666666670455,9.033333333333333,79.5
2025-02-19 00:00:00+05:00,25.537499999999998,14.212499999999999,61.25,1011.375,614.5833333333334,16.98333333333333,0.0,32.958333333333336,271.0833333333333,33.762499999999996,225.29166666666666,49.00416666666666,18.708333333333332,343.0,13.424999999999999,9.220833333333333,79.33333333333333,54.416666666666664,0.32583333333333336,67.20833333333333,19.0,2.0,2.0,1.0,67.58333333333333,88.45833333333333,-0.375,69.22916666666667,78.09375,82.13541666666667,1.7437205096856214,7.87437267608484,8.542355037662775,76.09326502787036,9.040870027262434,24.745833333333334,5.6375,46.5,1014.7166666666667,187.5,11.604166666666666,0.0,58.791666666666664,14.770833333333334,136.75,9750.104166666666,-0.4208333333333343,8.554166666666667,115.83333333333333
2025-02-20 00:00:00+05:00,25.912499999999998,8.0625,46.791666666666664,1011.6374999999999,547.2916666666666,10.608333333333334,0.0,0.08333333333333333,258.1666666666667,21.129166666666666,232.0,120.53750000000001,35.96666666666667,641.4166666666666,24.379166666666666,16.916666666666668,83.0,159.54166666666666,0.40875,79.5,20.0,2.0,3.0,1.0,78.20833333333333,67.20833333333333,1.2916666666666667,75.58333333333333,70.19444444444444,78.24479166666667,1.8948659270722052,3.9880385513041414,10.70172779124123,72.71254705010959,6.539119154507101,23.733333333333334,7.325,44.125,1015.8625000000001,288.125,10.033333333333333,0.0,1.5833333333333333,18.708333333333332,235.04166666666666,4626.625,0.34166666666666856,15.304166666666667,128.66666666666666
2025-02-21 00:00:00+05:00,24.745833333333334,5.6375,46.5,1014.7166666666667,187.5,11.604166666666666,0.0,58.791666666666664,214.45833333333334,14.770833333333334,136.75,128.275,48.15,1043.125,35.71666666666667,24.166666666666668,56.75,145.66666666666666,0.41791666666666666,115.83333333333333,21.0,2.0,4.0,1.0,114.66666666666667,79.5,1.1666666666666667,112.0138888888889,98.3142361111111,82.20081018518518,3.07003870638599,11.991835667595161,16.229063822183736,99.97956763525076,15.359094440762098,23.004166666666666,7.133333333333333,74.79166666666667,1015.3791666666666,306.0416666666667,17.979166666666668,0.0,41.458333333333336,19.3625,229.0,956.6041666666666,0.3249999999999981,13.141666666666666,99.58333333333333
2025-02-22 00:00:00+05:00,23.733333333333334,7.325,44.125,1015.8625000000001,288.125,10.033333333333333,0.0,1.5833333333333333,135.83333333333334,18.708333333333332,235.04166666666666,55.10833333333333,36.55416666666667,883.4583333333334,35.125,26.195833333333336,84.58333333333333,33.625,0.24958333333333335,128.66666666666666,22.0,2.0,5.0,1.0,129.5,115.83333333333333,-0.8333333333333334,129.46527777777777,125.50694444444444,98.00520833333333,3.7509103754241058,8.695927726731616,24.700014267513055,123.71551962662845,13.748107114885011,23.370833333333334,6.75,79.58333333333333,1015.1999999999999,225.0,19.1875,0.0,81.29166666666667,18.654166666666665,208.29166666666666,2150.7291666666665,0.1000000000000038,13.700000000000001,76.58333333333333
2025-02-23 00:00:00+05:00,23.004166666666666,7.133333333333333,74.79166666666667,1015.3791666666666,306.0416666666667,17.979166666666668,0.0,41.458333333333336,284.7916666666667,19.3625,229.0,42.69166666666666,30.3,655.4583333333334,31.15833333333333,20.816666666666666,77.375,20.75,0.25708333333333333,99.58333333333333,23.0,2.0,6.0,1.0,100.20833333333333,128.66666666666666,-0.625,102.6388888888889,112.5798611111111,112.13368055555556,3.3101581027753366,10.548800613607467,17.23058644896781,110.26511269563304,12.351191038827588,24.2625,5.670833333333333,65.83333333333333,1015.4125,189.375,16.3875,0.0,97.875,15.254166666666668,164.29166666666666,2363.2708333333335,-0.12083333333333239,5.0249999999999995,85.875
2025-02-24 00:00:00+05:00,23.370833333333334,6.75,79.58333333333333,1015.1999999999999,225.0,19.1875,0.0,81.29166666666667,244.625,18.654166666666665,208.29166666666666,47.979166666666664,22.808333333333334,627.9166666666666,34.074999999999996,24.27916666666667,58.125,45.416666666666664,0.34625,76.58333333333333,24.0,2.0,0.0,1.0,77.25,99.58333333333333,-0.6666666666666666,79.25694444444444,89.47222222222223,109.1863425925926,2.5105781616721443,8.681945987283592,18.451798883534796,88.71351349508281,12.519801804786825,24.1875,6.808333333333334,69.70833333333333,1015.3791666666666,256.0416666666667,17.4375,0.0,98.83333333333333,18.220833333333335,213.83333333333334,1540.2083333333333,0.04999999999999716,4.183333333333334,88.33333333333333
2025-02-25 00:00:00+05:00,24.2625,5.670833333333333,65.83333333333333,1015.4125,189.375,16.3875,0.0,97.875,253.75,15.254166666666668,164.29166666666666,79.82916666666667,34.00833333333333,881.5833333333334,47.02916666666667,33.329166666666666,40.333333333333336,83.5,0.33416666666666667,85.875,25.0,2.0,1.0,1.0,85.04166666666667,76.58333333333333,0.8333333333333334,83.28472222222221,78.31423611111111,93.45543981481482,1.3328101824194933,4.8544011028500975,17.191512372042038,81.30688599426225,7.98911448471812,23.53333333333333,9.616666666666667,80.08333333333333,1013.1416666666668,456.875,19.7,0.0,95.33333333333333,24.004166666666666,168.25,1097.4166666666667,0.12083333333333239,7.875,67.45833333333333
2025-02-26 00:00:00+05:00,24.1875,6.808333333333334,69.70833333333333,1015.3791666666666,256.0416666666667,17.4375,0.0,98.83333333333333,288.9166666666667,18.220833333333335,213.83333333333334,51.52916666666667,21.833333333333332,555.75,37.77916666666667,21.525000000000002,41.291666666666664,53.458333333333336,0.285,88.33333333333333,26.0,2.0,2.0,1.0,89.16666666666667,85.875,-0.8333333333333334,90.5625,90.52604166666667,86.10416666666667,1.7645347625007692,4.600044165455582,9.700747689122112,89.56556016396213,6.242595749420829,24.28333333333333,14.954166666666666,74.41666666666667,1010.8041666666667,645.2083333333334,19.170833333333334,0.0,87.625,34.96666666666667,209.75,2002.5208333333333,-0.1791666666666695,6.75,74.91666666666667
2025-02-27 00:00:00+05:00,23.53333333333333,9.616666666666667,80.08333333333333,1013.1416666666668,456.875,19.7,0.0,95.33333333333333,273.625,24.004166666666666,168.25,28.075,16.570833333333333,365.6666666666667,23.65833333333333,14.870833333333332,52.958333333333336,17.083333333333332,0.29958333333333337,67.45833333333333,27.0,2.0,3.0,1.0,67.95833333333333,88.33333333333333,-0.5,69.4375,77.21006944444444,82.0167824074074,1.229005021318865,6.562648645404306,9.158558837306645,75.98602698786546,8.313897153616109,24.03333333333333,10.858333333333334,70.875,1011.6125000000001,602.9166666666666,18.116666666666667,0.0,15.958333333333334,27.9375,241.79166666666666,4834.875,-0.3874999999999981,3.8333333333333335,88.41666666666667
2025-02-28 00:00:00+05:00,24.28333333333333,14.954166666666666,74.41666666666667,1010.8041666666667,645.2083333333334,19.170833333333334,0.0,87.625,254.54166666666666,34.96666666666667,209.75,59.40833333333333,28.020833333333332,299.5416666666667,12.950000000000001,10.55,89.79166666666667,52.666666666666664,0.49500000000000005,74.91666666666667,28.0,2.0,4.0,1.0,74.0,67.45833333333333,0.9166666666666666,71.88888888888889,68.00173611111111,78.5792824074074,1.7557786561895083,3.7595323111002465,11.409322063867803,70.19670085845759,6.422035807976989,22.71666666666667,8.525,69.0,1011.8625000000001,305.0,16.229166666666668,0.0,6.875,22.09583333333333,237.91666666666666,9941.479166666666,-0.15000000000000094,5.1125,93.875
2025-03-01 00:00:00+05:00,24.03333333333333,10.858333333333334,70.875,1011.6125000000001,602.9166666666666,18.116666666666667,0.0,15.958333333333334,263.7916666666667,27.9375,241.79166666666666,56.57916666666667,29.229166666666668,427.3333333333333,17.608333333333334,14.025,97.83333333333333,44.791666666666664,0.32416666666666666,88.41666666666667,1.0,3.0,5.0,1.0,88.33333333333333,74.91666666666667,0.08333333333333333,87.88194444444444,83.25868055555556,76.15682870370371,1.2025574702484823,4.625866756066457,9.52296527857507,83.33293188984551,7.072132549611504,24.212500000000002,12.075000000000001,71.625,1012.025,607.0833333333334,18.162499999999998,0.0,3.625,29.787499999999998,240.54166666666666,6856.5625,0.2291666666666714,5.916666666666667,79.08333333333333
2025-03-02 00:00:00+05:00,22.71666666666667,8.525,69.0,1011.8625000000001,305.0,16.229166666666668,0.0,6.875,238.08333333333334,22.09583333333333,237.91666666666666,43.050000000000004,27.391666666666666,608.1666666666666,22.079166666666666,16.720833333333335,92.25,25.291666666666668,0.405,93.875,2.0,3.0,6.0,1.0,94.0,88.41666666666667,-0.125,91.75694444444444,89.56944444444444,80.27662037037037,3.994723652875047,4.031066104158595,10.471743387323576,89.36654828965287,5.974806677156732,24.270833333333332,7.954166666666667,31.208333333333332,1016.0666666666666,431.25,2.1374999999999997,0.0,1.7083333333333333,20.775000000000002,264.625,2876.6666666666665,-0.06666666666666761,6.4875,104.91666666666667
2025-03-03 00:00:00+05:00,24.212500000000002,12.075000000000001,71.625,1012.025,607.0833333333334,18.162499999999998,0.0,3.625,275.3333333333333,29.787499999999998,240.54166666666666,74.97500000000001,27.916666666666668,363.625,14.929166666666667,11.620833333333332,86.04166666666667,83.625,0.44250000000000006,79.08333333333333,3.0,3.0,0.0,1.0,79.125,93.875,-0.041666666666666664,82.31944444444444,88.90104166666667,87.24305555555556,4.046139836442727,13.236211935008,9.96551611731285,86.8188211613289,12.212107690715072,23.120833333333334,8.379166666666666,23.166666666666668,1017.2208333333333,374.1666666666667,-1.7625,0.0,0.375,21.712500000000002,261.5416666666667,8052.354166666667,0.1458333333333286,6.050000000000001,88.375
2025-03-04 00:00:00+05:00,24.270833333333332,7.954166666666667,31.208333333333332,1016.0666666666666,431.25,2.1374999999999997,0.0,1.7083333333333333,175.91666666666666,20.775000000000002,264.625,102.96249999999999,36.358333333333334,582.5416666666666,25.941666666666666,14.058333333333332,79.125,118.875,0.24458333333333335,104.91666666666667,4.0,3.0,1.0,1.0,104.08333333333333,79.08333333333333,0.8333333333333334,101.375,89.51215277777777,89.3275462962963,3.544701548332677,9.875654182162128,11.52330537080775,93.23936129253899,11.628019375249826,24.78333333333333,9.029166666666667,57.125,1013.8375,271.25,13.775,0.0,0.0,22.474999999999998,254.29166666666666,3142.75,0.4333333333333324,22.133333333333336,74.33333333333333
2025-03-05 00:00:00+05:00,23.120833333333334,8.379166666666666,23.166666666666668,1017.2208333333333,374.1666666666667,-1.7625,0.0,0.375,139.83333333333334,21.712500000000002,261.5416666666667,36.375,21.120833333333334,600.0416666666666,23.4875,15.237499999999999,90.5,27.166666666666668,0.12291666666666667,88.375,5.0,3.0,2.0,1.0,89.66666666666667,104.91666666666667,-1.2916666666666667,91.19444444444444,99.7517361111111,92.72164351851852,5.387161271391438,9.664863435980081,14.040113130056064,95.99773513596317,11.281713604469077,26.133333333333336,7.541666666666667,54.833333333333336,1010.9250000000001,169.16666666666666,14.8375,0.0,0.08333333333333333,18.904166666666665,253.70833333333334,2725.8958333333335,-0.020833333333328596,24.883333333333336,76.41666666666667
2025-03-06 00:00:00+05:00,24.78333333333333,9.029166666666667,57.125,1013.8375,271.25,13.775,0.0,0.0,287.125,22.474999999999998,254.29166666666666,33.46666666666667,20.3625,547.4583333333334,25.054166666666664,17.1375,88.04166666666667,22.083333333333332,0.18583333333333332,74.33333333333333,6.0,3.0,3.0,1.0,74.375,88.375,-0.041666666666666664,75.86111111111111,80.02604166666667,89.76331018518518,3.9444512278929973,10.172775191445274,14.517047143554587,80.52754767737433,11.563537353746428,28.05,9.820833333333333,41.541666666666664,1007.9416666666666,488.125,11.420833333333334,0.0,0.5,23.645833333333332,252.29166666666666,2590.0,-0.46250000000000097,11.008333333333333,79.125
2025-03-07 00:00:00+05:00,26.133333333333336,7.541666666666667,54.833333333333336,1010.9250000000001,169.16666666666666,14.8375,0.0,0.08333333333333333,217.41666666666666,18.904166666666665,253.70833333333334,46.30416666666667,22.666666666666668,753.875,25.474999999999998,16.229166666666668,88.70833333333333,43.541666666666664,0.18833333333333335,76.41666666666667,7.0,3.0,4.0,1.0,76.29166666666667,74.33333333333333,0.125,75.125,73.86631944444444,84.5480324074074,4.896339431527381,6.592018687572627,14.587614890112059,75.02064789829352,8.544727402903188,28.704166666666666,8.008333333333333,41.75,1008.8249999999999,186.45833333333334,12.495833333333332,0.0,59.833333333333336,20.087500000000002,242.625,1512.8125,-0.3916666666666657,11.295833333333334,86.91666666666667
2025-03-08 00:00:00+05:00,28.05,9.820833333333333,41.541666666666664,1007.9416666666666,488.125,11.420833333333334,0.0,0.5,306.25,23.645833333333332,252.29166666666666,69.52083333333333,22.820833333333336,524.5,20.354166666666668,12.154166666666667,74.25,91.875,0.2608333333333333,79.125,8.0,3.0,5.0,1.0,79.04166666666667,76.41666666666667,0.08333333333333333,80.14583333333333,79.62847222222221,77.84027777777779,2.5037254616861486,9.752214705991156,9.956434908953497,79.48181359945133,8.967574624025156,28.53333333333333,8.0,42.666666666666664,1011.2291666666666,266.25,12.316666666666668,0.0,61.583333333333336,19.32916666666667,258.75,5931.770833333333,-0.2749999999999962,16.629166666666666,84.25
2025-03-09 00:00:00+05:00,28.704166666666666,8.008333333333333,41.75,1008.8249999999999,186.45833333333334,12.495833333333332,0.0,59.833333333333336,220.58333333333334,20.087500000000002,242.625,59.275,27.7375,619.2916666666666,28.662499999999998,18.370833333333334,84.79166666666667,57.0,0.21291666666666667,86.91666666666667,9.0,3.0,6.0,1.0,86.625,79.125,0.2916666666666667,83.20138888888889,79.29861111111111,77.59780092592592,6.508533888665748,5.971854536585965,9.117809885442275,80.23555168845122,8.507423421030436,27.483333333333334,8.095833333333333,48.5,1011.875,157.91666666666666,14.375,0.0,11.0,19.8875,264.1666666666667,1463.1041666666667,0.3999999999999962,16.208333333333332,80.16666666666667
2025-03-10 00:00:00+05:00,28.53333333333333,8.0,42.666666666666664,1011.2291666666666,266.25,12.316666666666668,0.0,61.583333333333336,290.1666666666667,19.32916666666667,258.75,45.24583333333334,25.429166666666664,697.9583333333334,34.199999999999996,17.775000000000002,60.416666666666664,34.958333333333336,0.14291666666666666,84.25,10.0,3.0,0.0,1.0,84.41666666666667,86.91666666666667,-0.16666666666666666,87.69444444444444,90.10416666666667,83.01041666666667,4.363174808458155,17.270753824914845,14.16258437182635,88.49655386967555,15.572821052298494,26.891666666666666,9.141666666666667,62.375,1009.8958333333334,275.8333333333333,18.308333333333334,0.0,24.083333333333332,22.758333333333336,258.5,2564.2083333333335,0.13333333333333522,16.216666666666665,72.0
2025-03-11 00:00:00+05:00,27.483333333333334,8.095833333333333,48.5,1011.875,157.91666666666666,14.375,0.0,11.0,261.5,19.8875,264.1666666666667,32.1,22.558333333333334,680.5,36.829166666666666,17.516666666666666,60.625,15.833333333333334,0.10375000000000001,80.16666666666667,11.0,3.0,1.0,1.0,80.29166666666667,84.25,-0.125,80.39583333333333,81.78298611111111,83.72858796296296,0.6010187798981539,1.9729314791571808,12.83430416511596,82.11218688737345,6.487332809206728,27.829166666666666,11.85,62.541666666666664,1007.8416666666667,402.0833333333333,19.566666666666666,0.0,2.625,28.079166666666666,256.625,1308.7708333333333,-0.03750000000000379,13.108333333333334,63.166666666666664
2025-03-12 00:00:00+05:00,26.891666666666666,9.141666666666667,62.375,1009.8958333333334,275.8333333333333,18.308333333333334,0.0,24.083333333333332,276.2083333333333,22.758333333333336,258.5,26.891666666666666,18.25,524.0416666666666,25.204166666666666,13.645833333333334,63.291666666666664,13.083333333333334,0.12708333333333335,72.0,12.0,3.0,2.0,1.0,72.375,80.16666666666667,-0.375,73.25694444444444,76.40277777777779,82.76331018518518,0.8525120141701286,2.7277275317083025,11.83425018191219,76.05450953215596,4.246769747161792,27.579166666666666,14.433333333333332,60.958333333333336,1007.7041666666668,496.25,18.958333333333332,0.0,33.833333333333336,34.24583333333333,253.83333333333334,2886.1041666666665,-0.30833333333332763,8.583333333333334,68.125
2025-03-13 00:00:00+05:00,27.829166666666666,11.85,62.541666666666664,1007.8416666666667,402.0833333333333,19.566666666666666,0.0,2.625,264.5833333333333,28.079166666666666,256.625,30.537499999999998,15.5875,412.25,16.537499999999998,10.516666666666667,81.95833333333333,25.583333333333332,0.22875,63.166666666666664,13.0,3.0,3.0,1.0,63.416666666666664,72.0,-0.25,64.25694444444444,67.74131944444444,75.30902777777779,0.7008997434356402,2.8819555122558023,6.408345869336977,67.61409382874098,4.514860213635093,27.025000000000002,9.716666666666667,49.25,1009.6750000000001,788.5416666666666,13.454166666666667,0.0,22.0,24.78333333333333,265.0416666666667,4935.75,-0.24166666666667425,8.262500000000001,94.25
2025-03-14 00:00:00+05:00,27.579166666666666,14.433333333333332,60.958333333333336,1007.7041666666668,496.25,18.958333333333332,0.0,33.833333333333336,253.5,34.24583333333333,253.83333333333334,66.83749999999999,24.5625,344.6666666666667,12.870833333333332,10.200000000000001,89.33333333333333,77.58333333333333,0.3491666666666667,68.125,14.0,3.0,4.0,1.0,67.45833333333333,63.166666666666664,0.6666666666666666,66.01388888888889,63.68055555555555,69.27488425925925,1.1085602640356367,1.9876708741562041,6.212301337759752,64.88968020345287,3.453584040053226,26.816666666666666,9.741666666666667,43.166666666666664,1011.6833333333334,735.0,11.791666666666666,0.0,0.0,25.59583333333333,270.5833333333333,7307.0,0.10833333333333901,8.620833333333334,89.58333333333333
2025-03-15 00:00:00+05:00,27.025000000000002,9.716666666666667,49.25,1009.6750000000001,788.5416666666666,13.454166666666667,0.0,22.0,259.625,24.78333333333333,265.0416666666667,66.58749999999999,28.854166666666668,450.9583333333333,16.570833333333333,14.783333333333333,103.66666666666667,68.95833333333333,0.24583333333333335,94.25,15.0,3.0,5.0,1.0,93.875,68.125,0.375,89.7986111111111,79.07465277777779,70.16550925925925,5.147721681424353,8.399057593532152,8.926475681507009,80.83554081938516,10.396761553307087,26.379166666666666,8.9625,43.791666666666664,1012.3000000000001,494.1666666666667,11.883333333333333,0.0,20.833333333333332,22.083333333333332,269.1666666666667,8310.208333333334,0.4541666666666657,13.570833333333333,90.83333333333333
2025-03-16 00:00:00+05:00,26.816666666666666,9.741666666666667,43.166666666666664,1011.6833333333334,735.0,11.791666666666666,0.0,0.0,233.625,25.59583333333333,270.5833333333333,64.0,26.395833333333332,509.25,20.941666666666666,14.987499999999999,99.125,64.04166666666667,0.235,89.58333333333333,16.0,3.0,6.0,1.0,89.79166666666667,94.25,-0.20833333333333334,91.41666666666667,93.86631944444444,78.8738425925926,6.670266738173467,14.387175723294874,16.278093326271136,91.34546268356347,14.296907591126036,25.47083333333333,8.229166666666666,62.416666666666664,1011.3375,380.2083333333333,16.891666666666666,0.0,8.875,22.09583333333333,267.4583333333333,5697.25,0.029166666666663826,15.025,75.08333333333333
2025-03-17 00:00:00+05:00,26.379166666666666,8.9625,43.791666666666664,1012.3000000000001,494.1666666666667,11.883333333333333,0.0,20.833333333333332,285.375,22.083333333333332,269.1666666666667,58.99166666666667,29.108333333333334,574.875,35.00833333333333,19.070833333333333,70.95833333333333,52.666666666666664,0.225,90.83333333333333,17.0,3.0,0.0,1.0,90.54166666666667,89.58333333333333,0.2916666666666667,91.38194444444444,90.96875,87.9699074074074,3.2984891839126447,9.369508289833933,13.389245721530314,91.34390287817278,9.419260332304834,25.691666666666666,11.083333333333334,65.20833333333333,1011.6125000000001,606.6666666666666,17.591666666666665,0.0,0.0,27.058333333333334,269.625,5062.229166666667,-0.008333333333325754,14.495833333333332,60.958333333333336
2025-03-18 00:00:00+05:00,25.47083333333333,8.229166666666666,62.416666666666664,1011.3375,380.2083333333333,16.891666666666666,0.0,8.875,284.5416666666667,22.09583333333333,267.4583333333333,37.199999999999996,16.533333333333335,644.0833333333334,21.308333333333334,13.770833333333334,82.45833333333333,35.291666666666664,0.15333333333333335,75.08333333333333,18.0,3.0,1.0,1.0,76.08333333333333,90.83333333333333,-1.0,78.29861111111111,84.96180555555556,89.93229166666667,3.2585526033992687,6.121228023964492,11.435269885708452,83.48898232563377,7.711534535269077,26.254166666666666,9.9625,69.75,1013.1291666666666,531.25,19.474999999999998,0.0,8.958333333333334,25.608333333333334,256.1666666666667,4079.9166666666665,-0.03750000000000379,8.579166666666667,67.54166666666667
2025-03-19 00:00:00+05:00,25.691666666666666,11.083333333333334,65.20833333333333,1011.6125000000001,606.6666666666666,17.591666666666665,0.0,0.0,270.7916666666667,27.058333333333334,269.625,26.8,14.370833333333332,442.25,17.658333333333335,11.604166666666666,81.66666666666667,19.541666666666668,0.14791666666666667,60.958333333333336,19.0,3.0,2.0,1.0,61.166666666666664,75.08333333333333,-0.20833333333333334,62.104166666666664,67.22569444444444,81.05208333333333,1.7612552661298224,5.819669068224343,12.81713117027526,67.53595473692364,8.651635600269469,26.791666666666668,9.520833333333334,64.5,1014.275,378.9583333333333,18.087500000000002,0.0,0.5,24.675,271.25,7518.145833333333,0.10833333333332955,8.1,71.58333333333333
2025-03-20 00:00:00+05:00,26.254166666666666,9.9625,69.75,1013.1291666666666,531.25,19.474999999999998,0.0,8.958333333333334,273.7916666666667,25.608333333333334,256.1666666666667,28.849999999999998,15.920833333333334,445.0,17.7,13.733333333333334,85.79166666666667,21.041666666666668,0.19958333333333333,67.54166666666667,20.0,3.0,3.0,1.0,67.41666666666667,60.958333333333336,0.125,65.70833333333333,61.927083333333336,71.37152777777779,3.880084427845811,3.68269565641911,11.928580589014699,63.719497552345636,6.672473479928492,26.77916666666667,9.737499999999999,64.41666666666667,1012.3916666666668,332.0833333333333,18.970833333333335,0.0,0.0,24.34583333333333,274.75,5829.270833333333,0.19583333333333522,6.779166666666666,71.08333333333333
2025-03-21 00:00:00+05:00,26.791666666666668,9.520833333333334,64.5,1014.275,378.9583333333333,18.087500000000002,0.0,0.5,254.0,24.675,271.25,34.7875,18.316666666666666,540.0,18.6125,13.954166666666666,91.33333333333333,28.75,0.20666666666666667,71.58333333333333,21.0,3.0,4.0,1.0,71.375,67.54166666666667,0.20833333333333334,70.54861111111111,69.22395833333333,66.12557870370371,6.009692150519823,11.622463790163094,9.036980958107282,68.97359148143674,10.889678545890703,27.820833333333336,9.9375,52.916666666666664,1012.2833333333333,393.75,15.775,0.0,0.0,23.9875,280.2083333333333,3571.9791666666665,-0.03750000000000379,8.704166666666667,70.0
2025-03-22 00:00:00+05:00,26.77916666666667,9.737499999999999,64.41666666666667,1012.3916666666668,332.0833333333333,18.970833333333335,0.0,0.0,267.7916666666667,24.34583333333333,274.75,42.42916666666667,20.875,501.2916666666667,19.816666666666666,12.958333333333334,90.20833333333333,37.083333333333336,0.17833333333333334,71.08333333333333,22.0,3.0,5.0,1.0,70.875,71.58333333333333,0.20833333333333334,71.90277777777779,72.62152777777779,67.92418981481482,4.1388136158691085,11.594018706450695,10.99980697186622,72.03517032254412,10.714159810658842,27.575,11.791666666666666,45.833333333333336,1012.125,525.8333333333334,12.391666666666666,0.0,0.0,28.329166666666666,284.1666666666667,3508.2291666666665,-0.19583333333332575,7.808333333333334,58.916666666666664
2025-03-23 00:00:00+05:00,27.820833333333336,9.9375,52.916666666666664,1012.2833333333333,393.75,15.775,0.0,0.0,276.4166666666667,23.9875,280.2083333333333,18.599999999999998,13.85,468.5416666666667,22.545833333333334,13.870833333333332,84.79166666666667,6.541666666666667,0.09166666666666667,70.0,23.0,3.0,6.0,1.0,70.58333333333333,71.08333333333333,-0.5833333333333334,71.34722222222221,71.68229166666667,71.17592592592592,3.9317757285831587,5.471008077461499,10.086746993365633,71.64974173790765,6.552532954255384,25.675,11.929166666666667,71.95833333333333,1009.1125000000001,533.125,19.979166666666668,0.0,12.375,29.8125,262.9583333333333,4548.0625,0.11249999999999716,12.045833333333334,56.041666666666664
2025-03-24 00:00:00+05:00,27.575,11.791666666666666,45.833333333333336,1012.125,525.8333333333334,12.391666666666666,0.0,0.0,284.5833333333333,28.329166666666666,284.1666666666667,12.154166666666667,9.916666666666666,394.7083333333333,19.766666666666666,12.0625,84.45833333333333,2.75,0.11416666666666668,58.916666666666664,24.0,3.0,0.0,1.0,59.208333333333336,70.0,-0.2916666666666667,59.9375,64.18402777777779,69.49594907407408,4.584597462458309,9.020654326679546,9.937967910933182,63.639289610373964,9.18453015824855,26.037499999999998,12.929166666666667,70.0,1006.5208333333334,560.8333333333334,19.7625,0.0,0.125,31.2625,276.0833333333333,6868.770833333333,-0.15000000000000094,15.183333333333332,74.20833333333333
2025-03-25 00:00:00+05:00,25.675,11.929166666666667,71.95833333333333,1009.1125000000001,533.125,19.979166666666668,0.0,12.375,266.75,29.8125,262.9583333333333,19.575,13.979166666666666,329.4583333333333,17.2625,12.970833333333333,82.375,5.083333333333333,0.15208333333333332,56.041666666666664,25.0,3.0,1.0,1.0,55.75,58.916666666666664,0.2916666666666667,55.84027777777778,56.84375,64.23668981481482,3.0777670650251245,7.709688220964104,9.765236163568359,57.38227819548711,7.9067571471741305,27.170833333333334,11.441666666666668,42.208333333333336,1008.9625,878.3333333333334,8.575000000000001,0.0,0.0,28.808333333333334,290.1666666666667,6778.041666666667,-0.5500000000000019,5.695833333333334,76.125
2025-03-26 00:00:00+05:00,26.037499999999998,12.929166666666667,70.0,1006.5208333333334,560.8333333333334,19.7625,0.0,0.125,248.08333333333334,31.2625,276.0833333333333,28.179166666666664,15.883333333333333,349.8333333333333,14.945833333333333,11.604166666666666,105.04166666666667,18.083333333333332,0.26916666666666667,74.20833333333333,26.0,3.0,2.0,1.0,73.875,56.041666666666664,0.3333333333333333,70.45138888888889,62.098958333333336,61.042245370370374,5.712790870328495,7.713206462979811,9.742067257633975,64.039909437519,9.087825812837307,26.208333333333332,9.820833333333333,23.625,1011.2666666666668,524.7916666666666,0.8666666666666667,0.0,47.833333333333336,25.379166666666666,292.9583333333333,7679.625,-0.03333333333333144,6.2749999999999995,97.875
2025-03-27 00:00:00+05:00,27.170833333333334,11.441666666666668,42.208333333333336,1008.9625,878.3333333333334,8.575000000000001,0.0,0.0,256.4583333333333,28.808333333333334,290.1666666666667,82.35833333333333,27.170833333333334,414.9583333333333,14.679166666666667,11.095833333333333,110.91666666666667,94.29166666666667,0.24875,76.125,27.0,3.0,3.0,1.0,75.45833333333333,74.20833333333333,0.6666666666666666,75.33333333333333,75.40798611111111,64.78356481481482,7.344473456427728,17.19052857461434,14.641231396706885,74.02040033430337,15.979394216652437,26.97083333333333,7.654166666666666,22.458333333333332,1010.6541666666667,520.625,1.0166666666666664,0.0,52.0,19.962500000000002,263.2083333333333,8754.604166666666,0.36666666666666475,18.595833333333335,98.875
2025-03-28 00:00:00+05:00,26.208333333333332,9.820833333333333,23.625,1011.2666666666668,524.7916666666666,0.8666666666666667,0.0,47.833333333333336,266.375,25.379166666666666,292.9583333333333,93.35833333333333,27.454166666666666,549.2916666666666,22.608333333333334,16.412499999999998,108.95833333333333,120.95833333333333,0.23291666666666666,97.875,28.0,3.0,4.0,1.0,97.75,76.125,0.125,93.21527777777777,85.27604166666667,74.26099537037037,9.116640505080904,14.355650319942113,17.141752999981072,86.42838729054147,15.703721135508962,26.516666666666666,9.549999999999999,39.875,1010.4041666666667,396.25,8.825000000000001,0.0,0.0,24.295833333333334,294.0833333333333,4828.125,0.1750000000000019,25.34166666666667,98.33333333333333
2025-03-29 00:00:00+05:00,26.97083333333333,7.654166666666666,22.458333333333332,1010.6541666666667,520.625,1.0166666666666664,0.0,52.0,207.58333333333334,19.962500000000002,263.2083333333333,55.916666666666664,28.587500000000002,776.4166666666666,34.61666666666667,15.804166666666667,88.79166666666667,47.833333333333336,0.17041666666666666,98.875,29.0,3.0,5.0,1.0,98.70833333333333,97.875,0.16666666666666666,101.5,101.50694444444444,87.39699074074075,8.89985509320209,22.622673431058242,21.703616426071225,99.96698107593271,20.73784547842833,26.075,8.108333333333333,65.54166666666667,1009.9208333333332,223.54166666666666,18.341666666666665,0.0,0.08333333333333333,21.395833333333332,288.0,3645.6041666666665,-0.07083333333333049,25.954166666666666,76.79166666666667
2025-03-30 00:00:00+05:00,26.516666666666666,9.549999999999999,39.875,1010.4041666666667,396.25,8.825000000000001,0.0,0.0,292.5416666666667,24.295833333333334,294.0833333333333,38.6,21.579166666666666,530.7083333333334,23.03333333333333,18.866666666666667,117.54166666666667,28.375,0.15083333333333335,98.33333333333333,30.0,3.0,6.0,1.0,98.91666666666667,98.875,-0.5833333333333334,97.25694444444444,95.15625,93.97974537037038,10.950445140736251,15.845901949358286,20.054282769680736,95.73599382986804,18.5924013784002,27.183333333333334,7.9875,62.375,1008.2291666666666,277.0833333333333,17.962500000000002,0.0,0.0,21.77916666666667,288.4583333333333,3862.2083333333335,-0.016666666666670455,17.691666666666666,82.5
2025-03-31 00:00:00+05:00,26.075,8.108333333333333,65.54166666666667,1009.9208333333332,223.54166666666666,18.341666666666665,0.0,0.08333333333333333,269.25,21.395833333333332,288.0,38.50833333333333,19.0,627.3333333333334,22.583333333333332,15.954166666666667,93.54166666666667,33.833333333333336,0.13458333333333333,76.79166666666667,31.0,3.0,0.0,1.0,77.08333333333333,98.33333333333333,-0.2916666666666667,80.90277777777779,90.67534722222223,95.7795138888889,11.528216225346311,29.587476179487012,24.43946374749812,88.29484194909867,27.03271863842758,27.141666666666666,6.879166666666666,60.541666666666664,1007.7291666666666,158.95833333333334,18.016666666666666,0.0,0.125,18.616666666666667,290.125,1928.2708333333333,-0.22083333333333618,7.733333333333333,92.375
2025-04-01 00:00:00+05:00,27.183333333333334,7.9875,62.375,1008.2291666666666,277.0833333333333,17.962500000000002,0.0,0.0,270.8333333333333,21.77916666666667,288.4583333333333,62.512499999999996,25.320833333333336,588.625,27.433333333333334,18.483333333333334,89.66666666666667,66.0,0.22416666666666665,82.5,1.0,4.0,1.0,2.0,82.04166666666667,76.79166666666667,0.4583333333333333,80.64583333333333,77.93923611111111,87.9236111111111,8.921293977392402,17.954322571279203,23.675105558440524,80.18590115321602,19.551142873707644,27.349999999999998,8.979166666666666,65.95833333333333,1009.125,241.66666666666666,19.925,0.0,0.0,23.579166666666666,290.0,2285.0416666666665,-0.12499999999999527,9.220833333333333,83.70833333333333
2025-04-02 00:00:00+05:00,27.141666666666666,6.879166666666666,60.541666666666664,1007.7291666666666,158.95833333333334,18.016666666666666,0.0,0.125,261.8333333333333,18.616666666666667,290.125,44.02916666666667,25.825,689.0,34.99583333333333,21.745833333333334,80.70833333333333,30.708333333333332,0.18083333333333332,92.375,2.0,4.0,2.0,2.0,92.29166666666667,82.5,0.08333333333333333,92.625,89.11979166666667,85.91145833333333,8.697161365966336,17.92714674796731,23.444461551946674,89.42692411726851,17.35552544984991,27.983333333333334,8.708333333333334,61.208333333333336,1010.7416666666667,221.45833333333334,19.245833333333334,0.0,0.0,22.40416666666667,288.2083333333333,1185.0208333333333,0.008333333333330492,9.125,88.375
2025-04-03 00:00:00+05:00,27.349999999999998,8.979166666666666,65.95833333333333,1009.125,241.66666666666666,19.925,0.0,0.0,271.8333333333333,23.579166666666666,290.0,37.3,22.545833333333334,571.5,29.1375,16.508333333333333,83.125,22.916666666666668,0.19375,83.70833333333333,3.0,4.0,3.0,2.0,83.95833333333333,92.375,-0.25,85.14583333333333,89.26041666666667,85.43981481481482,6.845118359871062,14.751429040104108,17.834875193464956,87.9058489589125,14.691362789796017,28.495833333333334,11.008333333333333,60.666666666666664,1010.0291666666667,324.375,19.491666666666667,0.0,0.0,26.6375,289.625,2391.0,0.2708333333333381,7.425,66.875
2025-04-04 00:00:00+05:00,27.983333333333334,8.708333333333334,61.208333333333336,1010.7416666666667,221.45833333333334,19.245833333333334,0.0,0.0,263.0,22.40416666666667,288.2083333333333,29.087500000000002,18.879166666666666,646.0833333333334,26.40416666666667,16.266666666666666,99.375,16.75,0.2354166666666667,88.375,4.0,4.0,4.0,2.0,88.66666666666667,83.70833333333333,-0.2916666666666667,85.38194444444444,81.98958333333333,86.78993055555556,11.190541740726777,16.405514032416907,17.253569341029735,83.38889775228918,17.590150836239726,30.28333333333333,15.275,42.166666666666664,1007.9583333333334,470.625,14.870833333333332,0.0,0.0,35.854166666666664,294.2083333333333,2032.0,0.07916666666666572,8.737499999999999,56.416666666666664
2025-04-05 00:00:00+05:00,28.495833333333334,11.008333333333333,60.666666666666664,1010.0291666666667,324.375,19.491666666666667,0.0,0.0,278.9166666666667,26.6375,289.625,14.7125,11.245833333333332,402.2916666666667,18.0625,11.4,90.375,3.9583333333333335,0.19166666666666665,66.875,5.0,4.0,5.0,2.0,67.45833333333333,88.375,-0.5833333333333334,73.11111111111111,82.99479166666667,84.74826388888889,8.99854610534169,28.2487333853182,21.73101165566254,80.20586059948324,25.440394707714606,29.166666666666668,14.058333333333332,54.291666666666664,1007.7166666666667,473.125,18.724999999999998,0.0,0.875,34.38333333333333,289.5833333333333,3705.3541666666665,-0.25833333333333525,9.004166666666666,59.5
2025-04-06 00:00:00+05:00,30.28333333333333,15.275,42.166666666666664,1007.9583333333334,470.625,14.870833333333332,0.0,0.0,279.6666666666667,35.854166666666664,294.2083333333333,28.695833333333336,12.245833333333332,348.625,13.516666666666666,8.983333333333333,96.0,29.375,0.2041666666666667,56.416666666666664,6.0,4.0,6.0,2.0,56.375,66.875,0.041666666666666664,56.916666666666664,60.84375,75.27604166666667,3.979929805843985,9.480815439761717,22.934438433719155,61.992932052113105,14.601107577204324,28.025000000000002,9.5375,71.5,1008.9875000000001,380.4166666666667,22.079166666666666,0.0,24.916666666666668,25.079166666666666,288.375,7452.4375,-0.10416666666666667,15.412500000000001,68.83333333333333
2025-04-07 00:00:00+05:00,29.166666666666668,14.058333333333332,54.291666666666664,1007.7166666666667,473.125,18.724999999999998,0.0,0.875,261.4583333333333,34.38333333333333,289.5833333333333,21.34583333333333,13.295833333333334,390.5,14.65,9.612499999999999,96.0,10.458333333333334,0.22791666666666666,59.5,7.0,4.0,0.0,2.0,59.458333333333336,56.416666666666664,0.041666666666666664,59.291666666666664,58.010416666666664,67.28298611111111,3.801901801000694,6.339823777821773,20.85205093780792,59.006980380319504,8.151585583660989,27.683333333333334,9.85,76.58333333333333,1008.5583333333334,364.375,22.8625,0.0,44.0,25.02916666666667,285.0833333333333,6919.5,0.041666666666666664,10.441666666666666,75.875
2025-04-08 00:00:00+05:00,28.025000000000002,9.5375,71.5,1008.9875000000001,380.4166666666667,22.079166666666666,0.0,24.916666666666668,238.25,25.079166666666666,288.375,37.69166666666667,22.745833333333334,450.5833333333333,20.5625,13.458333333333334,82.83333333333333,21.083333333333332,0.22166666666666668,68.83333333333333,8.0,4.0,1.0,2.0,68.08333333333333,59.5,0.75,66.78472222222221,63.24652777777778,60.70023148148149,3.0015485704428833,7.186723606124757,8.417258811604166,63.97789007045417,7.1776936780299545,27.708333333333332,11.887500000000001,77.375,1005.0375,457.0833333333333,23.05,0.0,34.333333333333336,30.258333333333336,281.9166666666667,4027.5416666666665,0.16249999999999906,5.945833333333333,67.66666666666667
2025-04-09 00:00:00+05:00,27.683333333333334,9.85,76.58333333333333,1008.5583333333334,364.375,22.8625,0.0,44.0,247.0,25.02916666666667,285.0833333333333,41.84166666666667,21.045833333333334,449.9583333333333,21.412499999999998,13.758333333333333,74.95833333333333,33.458333333333336,0.23416666666666666,75.875,9.0,4.0,2.0,2.0,75.95833333333333,68.83333333333333,-0.08333333333333333,76.05555555555556,74.17013888888889,65.14236111111111,0.7445412019014824,3.2110809293557705,8.993217160741578,73.66462728648212,5.421406490957402,28.037499999999998,11.733333333333334,76.95833333333333,1002.0708333333333,461.6666666666667,23.291666666666668,0.0,7.75,29.954166666666666,288.5,4127.916666666667,-0.28749999999999903,4.820833333333334,70.375
2025-04-10 00:00:00+05:00,27.708333333333332,11.887500000000001,77.375,1005.0375,457.0833333333333,23.05,0.0,34.333333333333336,258.2916666666667,30.258333333333336,281.9166666666667,35.22083333333333,17.1625,308.375,15.816666666666668,12.120833333333332,80.375,27.833333333333332,0.31625,67.66666666666667,10.0,4.0,3.0,2.0,68.0,75.875,-0.3333333333333333,68.92361111111111,72.11979166666667,69.84548611111111,0.7946554748855413,2.7278757350434524,7.139416034627293,71.16529204503534,3.5708867537843134,29.46666666666667,10.737499999999999,65.54166666666667,1004.6,454.7916666666667,21.304166666666667,0.0,0.0,26.604166666666668,295.375,5561.916666666667,-0.5208333333333334,4.658333333333333,77.25
2025-04-11 00:00:00+05:00,28.037499999999998,11.733333333333334,76.95833333333333,1002.0708333333333,461.6666666666667,23.291666666666668,0.0,7.75,246.875,29.954166666666666,288.5,47.68333333333334,22.391666666666666,347.2083333333333,14.529166666666667,11.020833333333334,82.58333333333333,42.041666666666664,0.3545833333333333,70.375,11.0,4.0,4.0,2.0,69.95833333333333,67.66666666666667,0.4166666666666667,69.04166666666667,67.58159722222221,71.29050925925925,0.8430417199272173,1.8338599435331202,4.448144473634522,68.49053080516445,2.778510814558033,28.625,13.683333333333332,72.70833333333333,1008.0666666666666,530.4166666666666,22.933333333333334,0.0,0.5833333333333334,33.645833333333336,293.3333333333333,5690.729166666667,-0.13333333333333522,4.745833333333334,65.58333333333333
2025-04-12 00:00:00+05:00,29.46666666666667,10.737499999999999,65.54166666666667,1004.6,454.7916666666667,21.304166666666667,0.0,0.0,253.16666666666666,26.604166666666668,295.375,48.38333333333333,21.641666666666666,379.5416666666667,15.112499999999999,10.75,87.83333333333333,45.0,0.2704166666666667,77.25,12.0,4.0,5.0,2.0,77.25,70.375,0.0,77.09027777777779,74.60243055555556,71.43460648148148,0.6460620048287239,2.4266256941871585,4.295355834538476,74.7554801369276,3.4183794632726463,28.304166666666664,16.291666666666668,76.29166666666667,1007.8416666666667,526.25,23.525000000000002,0.0,1.875,39.329166666666666,292.0,5315.25,0.5958333333333314,8.1625,62.458333333333336
2025-04-13 00:00:00+05:00,28.625,13.683333333333332,72.70833333333333,1008.0666666666666,530.4166666666666,22.933333333333334,0.0,0.5833333333333334,263.7083333333333,33.645833333333336,293.3333333333333,32.270833333333336,15.762500000000001,294.4166666666667,10.575000000000001,9.8125,78.58333333333333,25.958333333333332,0.24625,65.58333333333333,13.0,4.0,6.0,2.0,66.08333333333333,77.25,-0.5,67.49305555555556,72.57465277777779,71.58622685185186,1.1753457438426562,4.003786384819507,4.935868027955964,71.11605535615772,4.501924008491712,28.724999999999998,14.804166666666667,77.08333333333333,1006.4708333333333,493.75,24.079166666666666,0.0,1.9166666666666667,36.40833333333333,291.6666666666667,7410.229166666667,0.2708333333333381,5.691666666666667,65.625
2025-04-14 00:00:00+05:00,28.304166666666664,16.291666666666668,76.29166666666667,1007.8416666666667,526.25,23.525000000000002,0.0,1.875,271.4166666666667,39.329166666666666,292.0,29.429166666666664,15.954166666666666,287.1666666666667,10.450000000000001,9.195833333333333,76.16666666666667,20.125,0.2975,62.458333333333336,14.0,4.0,0.0,2.0,62.458333333333336,65.58333333333333,0.0,62.458333333333336,63.197916666666664,70.125,0.1997512247892406,1.1847592579596509,6.27758946127486,63.931542459921125,3.581829947939378,29.03333333333333,14.549999999999999,71.875,1005.7416666666667,543.3333333333334,23.0625,0.0,0.7916666666666666,35.68333333333333,293.6666666666667,8666.25,-0.17083333333332953,4.779166666666667,67.875
2025-04-15 00:00:00+05:00,28.724999999999998,14.804166666666667,77.08333333333333,1006.4708333333333,493.75,24.079166666666666,0.0,1.9166666666666667,266.5,36.40833333333333,291.6666666666667,37.0,17.745833333333334,279.7083333333333,10.483333333333333,9.954166666666667,76.95833333333333,31.166666666666668,0.32458333333333333,65.625,15.0,4.0,1.0,2.0,65.45833333333333,62.458333333333336,0.16666666666666666,64.93055555555556,63.421875,66.39814814814814,0.5701518153932611,1.1825609839377438,5.366204393567038,63.968093382924415,1.9516805910248056,29.375,16.783333333333335,67.29166666666667,1004.8083333333334,517.5,22.316666666666666,0.0,0.0,39.78333333333333,296.25,7362.104166666667,-0.12083333333333712,4.645833333333333,64.41666666666667
2025-04-16 00:00:00+05:00,29.03333333333333,14.549999999999999,71.875,1005.7416666666667,543.3333333333334,23.0625,0.0,0.7916666666666666,265.625,35.68333333333333,293.6666666666667,41.791666666666664,18.662499999999998,281.8333333333333,9.9125,9.354166666666666,75.20833333333333,39.083333333333336,0.34041666666666665,67.875,16.0,4.0,2.0,2.0,67.83333333333333,65.625,0.041666666666666664,67.74305555555556,66.99479166666667,64.53819444444444,0.5021045039389705,1.1192391225931047,2.3321914023019743,66.8942436178297,1.6718227801754157,28.804166666666664,14.975000000000001,71.375,1004.5541666666667,596.25,22.754166666666666,0.0,0.0,36.28333333333333,297.75,8032.5625,-0.12083333333333239,5.970833333333334,63.916666666666664
2025-04-17 00:00:00+05:00,29.375,16.783333333333335,67.29166666666667,1004.8083333333334,517.5,22.316666666666666,0.0,0.0,266.7916666666667,39.78333333333333,296.25,31.425,14.716666666666667,276.5416666666667,9.816666666666666,8.570833333333333,73.20833333333333,26.75,0.28250000000000003,64.41666666666667,17.0,4.0,3.0,2.0,64.70833333333333,67.875,-0.2916666666666667,65.45833333333333,67.13541666666667,65.85069444444444,0.6519888763127596,1.429728555600813,2.3740977168832953,66.58401771730126,1.6772683219424833,29.974999999999998,13.904166666666667,60.125,1003.4791666666666,573.75,20.654166666666665,0.0,0.041666666666666664,33.666666666666664,299.2083333333333,8855.895833333334,-0.11666666666666951,7.058333333333334,84.70833333333333
2025-04-18 00:00:00+05:00,28.804166666666664,14.975000000000001,71.375,1004.5541666666667,596.25,22.754166666666666,0.0,0.0,256.9583333333333,36.28333333333333,297.75,37.516666666666666,17.254166666666666,269.9166666666667,9.375,9.674999999999999,92.91666666666667,31.958333333333332,0.22708333333333333,63.916666666666664,18.0,4.0,4.0,2.0,63.75,64.41666666666667,0.16666666666666666,63.24305555555555,62.94618055555555,65.69212962962963,1.1074218084248022,1.8820408214854147,2.651608291673607,63.41697467044815,2.3646363868231153,31.270833333333332,11.629166666666668,40.333333333333336,1005.2958333333332,835.4166666666666,11.454166666666666,0.0,0.0,28.708333333333332,307.9583333333333,9090.229166666666,-0.1374999999999981,6.050000000000001,154.29166666666666
2025-04-19 00:00:00+05:00,29.974999999999998,13.904166666666667,60.125,1003.4791666666666,573.75,20.654166666666665,0.0,0.041666666666666664,255.29166666666666,33.666666666666664,299.2083333333333,209.775,52.29583333333333,314.2083333333333,9.866666666666665,10.983333333333334,105.5,299.3333333333333,0.47750000000000004,84.70833333333333,19.0,4.0,5.0,2.0,81.75,63.916666666666664,2.9583333333333335,76.23611111111111,68.48263888888889,66.18807870370371,4.177335856871295,5.981686268877877,4.967625227800645,70.14714241302298,6.8990760307255306,30.266666666666666,9.970833333333333,44.541666666666664,1008.1958333333333,511.25,13.708333333333334,0.0,0.0,25.745833333333334,307.9166666666667,8041.75,0.020833333333328596,9.320833333333333,127.375
2025-04-20 00:00:00+05:00,31.270833333333332,11.629166666666668,40.333333333333336,1005.2958333333332,835.4166666666666,11.454166666666666,0.0,0.0,284.125,28.708333333333332,307.9583333333333,183.67499999999998,51.387499999999996,454.0,14.799999999999999,11.745833333333332,99.625,254.5,0.38375000000000004,154.29166666666666,20.0,4.0,6.0,2.0,154.0,84.70833333333333,0.2916666666666667,150.66666666666666,123.8923611111111,85.10706018518518,4.270304087495382,24.489647127519188,32.40805808561736,126.77534683495561,31.765792346540184,29.349999999999998,7.879166666666666,59.291666666666664,1009.7916666666666,249.58333333333334,19.345833333333335,0.0,0.0,21.40416666666667,304.4166666666667,10440.291666666666,0.38333333333333525,19.816666666666666,117.66666666666667
2025-04-21 00:00:00+05:00,30.266666666666666,9.970833333333333,44.541666666666664,1008.1958333333333,511.25,13.708333333333334,0.0,0.0,277.2083333333333,25.745833333333334,307.9166666666667,135.11249999999998,45.1,471.9166666666667,18.116666666666667,15.545833333333334,100.91666666666667,166.08333333333334,0.32458333333333333,127.375,21.0,4.0,0.0,2.0,128.16666666666666,154.29166666666666,-0.7916666666666666,130.61805555555557,142.01041666666666,111.46180555555556,4.14744419839949,10.819944455341036,37.875997418747744,135.8148063385104,17.798634809603815,28.96666666666667,9.404166666666667,66.375,1007.4375,323.5416666666667,21.125,0.0,0.0,24.004166666666666,305.9166666666667,5092.166666666667,0.34166666666666856,16.558333333333334,91.79166666666667
2025-04-22 00:00:00+05:00,29.349999999999998,7.879166666666666,59.291666666666664,1009.7916666666666,249.58333333333334,19.345833333333335,0.0,0.0,231.25,21.40416666666667,304.4166666666667,89.41666666666667,34.65,532.8333333333334,19.945833333333333,16.170833333333334,97.08333333333333,101.625,0.2654166666666667,117.66666666666667,22.0,4.0,1.0,2.0,118.70833333333333,127.375,-1.0416666666666667,120.4375,123.37152777777777,129.75810185185185,4.567830795406034,5.98386484191576,22.33533650266273,124.00350523805253,10.091619065469425,29.099999999999998,11.516666666666666,69.5,1004.9916666666667,422.5,22.354166666666668,0.0,0.041666666666666664,28.837500000000002,301.2083333333333,2000.9791666666667,-0.004166666666667614,10.004166666666666,83.25
2025-04-23 00:00:00+05:00,28.96666666666667,9.404166666666667,66.375,1007.4375,323.5416666666667,21.125,0.0,0.0,271.7916666666667,24.004166666666666,305.9166666666667,81.21249999999999,28.833333333333332,440.0416666666667,17.129166666666666,12.283333333333333,88.29166666666667,95.79166666666667,0.1925,91.79166666666667,23.0,4.0,2.0,2.0,92.25,117.66666666666667,-0.4583333333333333,94.5,104.77777777777777,123.38657407407408,3.345460105358694,11.222566746897629,18.434516324927475,103.74126697551463,13.47259322897086,28.875,9.3,75.70833333333333,1004.9625,323.3333333333333,23.84166666666667,0.0,0.6666666666666666,24.704166666666666,300.75,3549.875,-0.46666666666666856,7.841666666666668,74.0
2025-04-24 00:00:00+05:00,29.099999999999998,11.516666666666666,69.5,1004.9916666666667,422.5,22.354166666666668,0.0,0.041666666666666664,251.04166666666666,28.837500000000002,301.2083333333333,44.59583333333333,20.900000000000002,383.5833333333333,14.533333333333333,11.075000000000001,96.0,40.208333333333336,0.23458333333333334,83.25,24.0,4.0,3.0,2.0,83.875,91.79166666666667,-0.625,84.97222222222221,87.515625,105.22164351851852,3.076493470883151,3.89783688855948,16.90194521660622,88.67492670237692,8.902526894234917,31.1125,11.625,56.416666666666664,1004.2083333333334,321.4583333333333,20.8625,0.0,1.0,28.25,304.0833333333333,5327.958333333333,-0.12916666666666762,6.745833333333334,83.0
2025-04-25 00:00:00+05:00,28.875,9.3,75.70833333333333,1004.9625,323.3333333333333,23.84166666666667,0.0,0.6666666666666666,249.16666666666666,24.704166666666666,300.75,54.17083333333333,22.504166666666666,405.2083333333333,14.720833333333333,11.479166666666666,86.33333333333333,55.041666666666664,0.25625000000000003,74.0,25.0,4.0,4.0,2.0,73.91666666666667,83.25,0.08333333333333333,74.17361111111111,77.72743055555556,90.00694444444444,2.043134571558238,6.502227399750104,13.832666940541207,77.91455068890608,7.852135869381154,30.391666666666666,10.408333333333333,62.625,1005.3208333333333,348.3333333333333,21.97083333333333,0.0,1.5833333333333333,26.287499999999998,302.5,3271.8125,-0.020833333333333332,5.033333333333334,86.625
2025-04-26 00:00:00+05:00,31.1125,11.625,56.416666666666664,1004.2083333333334,321.4583333333333,20.8625,0.0,1.0,267.4583333333333,28.25,304.0833333333333,69.31666666666666,25.849999999999998,369.7083333333333,18.104166666666668,12.700000000000001,96.16666666666667,78.33333333333333,0.33,83.0,26.0,4.0,5.0,2.0,82.75,74.0,0.25,81.07638888888889,76.45486111111111,80.56597222222221,5.314637268058562,5.6450364103792525,8.218677567742711,77.94427425612862,7.383936400517295,30.974999999999998,11.929166666666667,59.791666666666664,1003.6541666666667,442.2916666666667,21.5625,0.0,0.041666666666666664,29.120833333333334,302.7916666666667,3866.8541666666665,0.025000000000005684,10.25,81.5
2025-04-27 00:00:00+05:00,30.391666666666666,10.408333333333333,62.625,1005.3208333333333,348.3333333333333,21.97083333333333,0.0,1.5833333333333333,248.16666666666666,26.287499999999998,302.5,71.2625,28.212500000000002,409.0416666666667,18.658333333333335,11.758333333333333,79.54166666666667,76.45833333333333,0.30041666666666667,86.625,27.0,4.0,6.0,2.0,86.41666666666667,83.0,0.20833333333333334,87.05555555555556,86.89930555555556,80.3605324074074,2.6452275068131406,11.522855905013953,10.528315736454323,86.19941240064328,10.66035946580154,31.608333333333334,14.725,51.666666666666664,1002.8874999999999,552.7083333333334,20.150000000000002,0.0,31.416666666666668,35.22083333333333,302.5,4347.895833333333,0.09166666666666856,8.420833333333333,66.54166666666667
2025-04-28 00:00:00+05:00,30.974999999999998,11.929166666666667,59.791666666666664,1003.6541666666667,442.2916666666667,21.5625,0.0,0.041666666666666664,255.5,29.120833333333334,302.7916666666667,47.9,22.233333333333334,367.8333333333333,15.362499999999999,10.283333333333333,83.0,44.541666666666664,0.26,81.5,28.0,4.0,0.0,2.0,81.91666666666667,86.625,-0.4166666666666667,82.84722222222221,85.27777777777779,82.87731481481482,0.7202992236299223,2.0858591768875305,9.728890765531682,84.59744232749216,4.569833793694663,31.05,14.704166666666666,56.791666666666664,1004.4416666666666,545.2083333333334,21.095833333333335,0.0,38.708333333333336,35.425000000000004,302.5,6098.104166666667,-0.2791666666666733,9.4125,60.25
2025-04-29 00:00:00+05:00,31.608333333333334,14.725,51.666666666666664,1002.8874999999999,552.7083333333334,20.150000000000002,0.0,31.416666666666668,262.7083333333333,35.22083333333333,302.5,20.395833333333332,13.508333333333333,322.3333333333333,12.870833333333332,8.758333333333333,90.45833333333333,8.25,0.23291666666666666,66.54166666666667,29.0,4.0,1.0,2.0,67.25,81.5,-0.7083333333333334,69.04861111111111,74.82638888888889,82.33449074074075,1.9810656675450806,4.558715375409849,9.597596000972532,74.0861985473738,6.121917502926891,30.22083333333333,14.695833333333333,65.16666666666667,1005.3416666666667,572.5,22.8,0.0,0.2916666666666667,35.854166666666664,299.25,8656.479166666666,0.004166666666672351,11.458333333333334,61.166666666666664
2025-04-30 00:00:00+05:00,31.05,14.704166666666666,56.791666666666664,1004.4416666666666,545.2083333333334,21.095833333333335,0.0,38.708333333333336,265.7916666666667,35.425000000000004,302.5,24.425,14.645833333333334,294.75,11.112499999999999,8.870833333333334,82.08333333333333,14.0,0.26625000000000004,60.25,30.0,4.0,2.0,2.0,60.166666666666664,66.54166666666667,0.08333333333333333,60.02777777777778,61.857638888888886,73.98726851851852,0.658797486973385,3.138324699687642,10.339065400128435,62.72916922312086,5.784559221240741,29.97083333333333,14.608333333333334,70.66666666666667,1004.9625,574.5833333333334,23.895833333333332,0.0,15.375,36.175000000000004,296.5,8321.979166666666,0.23749999999999716,9.954166666666667,63.458333333333336
2025-05-01 00:00:00+05:00,30.22083333333333,14.695833333333333,65.16666666666667,1005.3416666666667,572.5,22.8,0.0,0.2916666666666667,259.0,35.854166666666664,299.25,25.241666666666664,15.679166666666667,282.0833333333333,10.008333333333335,9.066666666666666,81.79166666666667,12.125,0.37333333333333335,61.166666666666664,1.0,5.0,3.0,2.0,61.125,60.25,0.041666666666666664,61.0625,60.932291666666664,65.87210648148148,0.09987561239909924,0.5706679798759201,7.271343726762754,61.25815116150698,2.2809696642581763,30.129166666666666,12.279166666666667,71.41666666666667,1003.2541666666666,473.5416666666667,24.020833333333332,0.0,6.25,31.474999999999998,296.5,8741.541666666666,0.11249999999999716,7.420833333333333,65.5
2025-05-02 00:00:00+05:00,29.97083333333333,14.608333333333334,70.66666666666667,1004.9625,574.5833333333334,23.895833333333332,0.0,15.375,256.625,36.175000000000004,296.5,27.354166666666668,16.495833333333334,271.1666666666667,10.395833333333334,9.570833333333333,77.54166666666667,13.958333333333334,0.5095833333333334,63.458333333333336,2.0,5.0,4.0,2.0,63.375,61.166666666666664,0.08333333333333333,63.145833333333336,62.21006944444445,61.666666666666664,0.23060976734350827,0.7919352800362147,2.2762074195299173,62.404867557547384,1.2398637181965804,30.020833333333332,11.279166666666667,71.0,1001.6416666666668,481.6666666666667,23.933333333333334,0.0,8.75,29.245833333333334,292.75,8732.3125,-0.22499999999999906,6.075,66.58333333333333
2025-05-03 00:00:00+05:00,30.129166666666666,12.279166666666667,71.41666666666667,1003.2541666666666,473.5416666666667,24.020833333333332,0.0,6.25,247.33333333333334,31.474999999999998,296.5,31.308333333333334,17.333333333333332,305.0833333333333,14.924999999999999,11.845833333333333,80.95833333333333,20.5,0.51375,65.5,3.0,5.0,5.0,2.0,65.41666666666667,63.458333333333336,0.08333333333333333,65.20138888888889,64.17013888888889,62.4375,1.2216712597135542,1.0055905262450415,1.6500905905441945,64.23405479406877,1.5221991312809349,29.75,7.445833333333333,68.91666666666667,1001.8125,373.125,23.054166666666664,0.0,9.916666666666666,21.762500000000003,295.9166666666667,6072.875,-0.24166666666666478,6.108333333333334,71.95833333333333
2025-05-04 00:00:00+05:00,30.020833333333332,11.279166666666667,71.0,1001.6416666666668,481.6666666666667,23.933333333333334,0.0,8.75,240.16666666666666,29.245833333333334,292.75,30.883333333333336,18.741666666666667,351.4583333333333,14.0625,11.095833333333333,82.45833333333333,15.5,0.4770833333333333,66.58333333333333,4.0,5.0,6.0,2.0,66.5,65.5,0.08333333333333333,66.31944444444444,66.26041666666667,64.21354166666667,0.6050074649861343,2.2458006203862673,2.3662366970696125,66.09010508459356,2.1327614676277644,29.670833333333334,8.591666666666667,74.66666666666667,1003.4625,345.0,24.3875,0.0,6.791666666666667,23.954166666666666,291.6666666666667,6283.041666666667,-0.18333333333333238,6.0874999999999995,101.58333333333333
2025-05-05 00:00:00+05:00,29.75,7.445833333333333,68.91666666666667,1001.8125,373.125,23.054166666666664,0.0,9.916666666666666,188.41666666666666,21.762500000000003,295.9166666666667,69.09166666666667,25.96666666666667,525.5,17.5125,14.516666666666666,84.375,73.04166666666667,0.7433333333333333,71.95833333333333,5.0,5.0,0.0,2.0,71.41666666666667,66.58333333333333,0.5416666666666666,70.33333333333333,68.35069444444444,66.26041666666667,1.0010910638913102,1.5597042458451396,2.555860875980249,68.6976272406687,2.0550484842603303,29.770833333333332,7.695833333333333,75.75,1002.5458333333332,365.4166666666667,24.770833333333332,0.0,11.666666666666666,23.170833333333334,282.9583333333333,3295.8541666666665,0.25833333333333525,6.695833333333333,89.83333333333333
2025-05-06 00:00:00+05:00,29.670833333333334,8.591666666666667,74.66666666666667,1003.4625,345.0,24.3875,0.0,6.791666666666667,176.83333333333334,23.954166666666666,291.6666666666667,93.61666666666667,36.06666666666667,492.625,25.5625,21.879166666666666,83.16666666666667,103.625,0.6204166666666667,101.58333333333333,6.0,5.0,1.0,2.0,100.66666666666667,71.95833333333333,0.9166666666666666,97.21527777777777,83.58159722222221,72.73090277777779,6.204248339139741,9.907584402540184,9.800869393103724,86.0076243467635,11.840578411637374,29.616666666666664,7.191666666666666,75.66666666666667,1003.4625,503.9583333333333,24.670833333333334,0.0,9.666666666666666,22.079166666666666,291.0,3472.6041666666665,-0.03750000000000379,5.283333333333334,74.375
2025-05-07 00:00:00+05:00,29.770833333333332,7.695833333333333,75.75,1002.5458333333332,365.4166666666667,24.770833333333332,0.0,11.666666666666666,220.41666666666666,23.170833333333334,282.9583333333333,53.84166666666667,21.8875,397.125,15.641666666666666,21.220833333333335,74.66666666666667,55.083333333333336,0.4695833333333333,89.83333333333333,7.0,5.0,2.0,2.0,91.04166666666667,101.58333333333333,-1.2083333333333333,94.15972222222223,100.85590277777777,84.26273148148148,6.025502550203778,13.910716632615262,17.704225676022045,96.91448994928625,14.511156016659234,29.866666666666664,8.275,72.0,1005.7291666666666,544.375,24.066666666666666,0.0,8.625,24.45,289.7916666666667,3026.1458333333335,-0.0500000000000019,5.0,79.58333333333333
2025-05-08 00:00:00+05:00,29.616666666666664,7.191666666666666,75.66666666666667,1003.4625,503.9583333333333,24.670833333333334,0.0,9.666666666666666,222.58333333333334,22.079166666666666,291.0,47.04583333333333,21.325,313.5416666666667,18.995833333333334,17.208333333333332,53.791666666666664,42.333333333333336,0.4504166666666667,74.375,8.0,5.0,3.0,2.0,74.41666666666667,89.83333333333333,-0.041666666666666664,75.41666666666667,81.54861111111111,88.66203703703702,2.0411473912168434,8.396137332331483,15.699614172349143,81.55857204549584,10.933719904050252,30.05,11.066666666666668,70.16666666666667,1006.2208333333333,512.9166666666666,23.683333333333334,0.0,8.125,29.420833333333334,295.25,4067.7708333333335,0.2958333333333343,4.945833333333334,87.41666666666667
2025-05-09 00:00:00+05:00,29.866666666666664,8.275,72.0,1005.7291666666666,544.375,24.066666666666666,0.0,8.625,224.25,24.45,289.7916666666667,70.41250000000001,28.429166666666664,341.0,16.466666666666665,18.016666666666666,63.166666666666664,75.83333333333333,0.67625,79.58333333333333,9.0,5.0,4.0,2.0,79.04166666666667,74.375,0.5416666666666666,77.58333333333333,75.01736111111111,85.80729166666667,1.1347833800744667,3.099197765796125,14.785152709287415,76.61565791509891,5.781725396345652,29.712500000000002,12.924999999999999,76.04166666666667,1005.0500000000001,580.2083333333334,24.90833333333333,0.0,16.166666666666668,33.737500000000004,294.2916666666667,4683.020833333333,0.26666666666667044,5.8,89.58333333333333
2025-05-10 00:00:00+05:00,30.05,11.066666666666668,70.16666666666667,1006.2208333333333,512.9166666666666,23.683333333333334,0.0,8.125,267.0416666666667,29.420833333333334,295.25,69.45,29.583333333333332,275.8333333333333,13.6,16.879166666666666,70.54166666666667,71.04166666666667,0.6008333333333333,87.41666666666667,10.0,5.0,5.0,2.0,87.29166666666667,79.58333333333333,0.125,87.0625,84.54861111111111,80.37152777777779,0.32500346293612004,2.5577907914224376,7.519749372698897,84.4949646073591,4.429950857353547,29.491666666666664,13.775,76.41666666666667,1003.5791666666668,692.7083333333334,24.787499999999998,0.004166666666666667,43.166666666666664,34.6625,216.79166666666666,5901.416666666667,-0.05833333333333712,6.366666666666666,102.70833333333333
2025-05-11 00:00:00+05:00,29.712500000000002,12.924999999999999,76.04166666666667,1005.0500000000001,580.2083333333334,24.90833333333333,0.0,16.166666666666668,255.875,33.737500000000004,294.2916666666667,77.57083333333334,33.90833333333333,259.2916666666667,10.458333333333334,13.245833333333332,77.08333333333333,77.83333333333333,0.52125,89.58333333333333,11.0,5.0,6.0,2.0,89.29166666666667,87.41666666666667,0.2916666666666667,88.77777777777777,88.24305555555556,82.60300925925925,0.5368122022136256,0.7777386958133055,6.242661103768388,87.94477736196029,2.31593395388992,29.566666666666666,12.604166666666666,77.0,1003.6,615.4166666666666,24.90416666666667,0.0,18.791666666666668,32.15,277.0,7736.458333333333,-0.20833333333333334,4.804166666666667,75.58333333333333
2025-05-12 00:00:00+05:00,29.491666666666664,13.775,76.41666666666667,1003.5791666666668,692.7083333333334,24.787499999999998,0.004166666666666667,43.166666666666664,240.04166666666666,34.6625,216.79166666666666,75.21249999999999,30.666666666666668,240.25,9.25,12.079166666666666,86.66666666666667,78.66666666666667,0.4879166666666667,102.70833333333333,12.0,5.0,0.0,2.0,102.83333333333333,89.58333333333333,-0.125,102.33333333333333,96.3732638888889,89.72164351851852,1.8408568716434488,5.372154567293162,6.341154304919876,97.36555340125699,6.2729779646160635,30.4875,10.737499999999999,75.66666666666667,1003.3541666666666,447.7083333333333,25.395833333333332,0.0,0.4166666666666667,28.712500000000002,298.9583333333333,10077.625,-0.15416666666666856,4.704166666666667,72.45833333333333
2025-05-13 00:00:00+05:00,29.566666666666666,12.604166666666666,77.0,1003.6,615.4166666666666,24.90416666666667,0.0,18.791666666666668,237.375,32.15,277.0,37.4375,19.645833333333332,244.75,9.6875,12.200000000000001,85.41666666666667,27.666666666666668,0.4608333333333334,75.58333333333333,13.0,5.0,1.0,2.0,76.54166666666667,102.70833333333333,-0.9583333333333334,79.5,91.421875,92.01273148148148,2.3961518898203384,9.573105710918759,9.035881960988425,88.10608728798051,10.457701591846867,30.504166666666666,10.345833333333333,75.70833333333333,1003.2833333333333,415.625,25.537499999999998,0.0,0.0,27.5125,301.0416666666667,8308.729166666666,0.01250000000000758,4.6625000000000005,75.95833333333333
2025-05-14 00:00:00+05:00,30.4875,10.737499999999999,75.66666666666667,1003.3541666666666,447.7083333333333,25.395833333333332,0.0,0.4166666666666667,234.83333333333334,28.712500000000002,298.9583333333333,45.25833333333333,22.504166666666666,294.3333333333333,12.629166666666668,13.304166666666667,83.0,36.458333333333336,0.44083333333333335,72.45833333333333,14.0,5.0,2.0,2.0,72.25,75.58333333333333,0.20833333333333334,71.67361111111111,71.78645833333333,86.52719907407408,0.5504340605966738,2.4950727349278643,13.743720854543382,73.75552075275597,7.559627641055344,30.15833333333333,11.179166666666667,79.29166666666667,1002.7833333333333,478.125,26.037499999999998,0.0,5.458333333333333,29.02916666666667,298.25,4933.583333333333,0.008333333333330492,5.091666666666666,72.5
2025-05-15 00:00:00+05:00,30.504166666666666,10.345833333333333,75.70833333333333,1003.2833333333333,415.625,25.537499999999998,0.0,0.0,214.04166666666666,27.5125,301.0416666666667,44.94166666666666,21.754166666666666,314.8333333333333,15.566666666666668,13.670833333333334,80.66666666666667,37.708333333333336,0.36000000000000004,75.95833333333333,15.0,5.0,3.0,2.0,76.0,72.45833333333333,-0.041666666666666664,76.0,74.59375,79.2673611111111,1.1012309504479454,1.5607041182512191,10.993749803001128,74.99259580038996,3.311634404480561,30.15416666666667,11.991666666666667,74.75,1002.6041666666666,667.0833333333334,25.066666666666666,0.0,22.458333333333332,31.7,291.625,4580.270833333333,-0.0625,4.966666666666667,68.70833333333333
2025-05-16 00:00:00+05:00,30.15833333333333,11.179166666666667,79.29166666666667,1002.7833333333333,478.125,26.037499999999998,0.0,5.458333333333333,189.75,29.02916666666667,298.25,37.31666666666667,19.516666666666666,289.0,14.470833333333333,12.35,72.83333333333333,26.708333333333332,0.29625,72.5,16.0,5.0,4.0,2.0,72.66666666666667,75.95833333333333,-0.16666666666666666,73.15277777777779,74.71701388888889,73.69907407407408,0.5056554301007802,2.071729947621298,2.8545845094935456,74.26351040523944,2.2745203855754585,30.1875,10.216666666666667,73.33333333333333,1003.0041666666666,595.0,24.78333333333333,0.0,12.458333333333334,28.2,297.6666666666667,5772.145833333333,-0.07083333333333523,4.120833333333334,67.25
2025-05-17 00:00:00+05:00,30.15416666666667,11.991666666666667,74.75,1002.6041666666666,667.0833333333334,25.066666666666666,0.0,22.458333333333332,190.95833333333334,31.7,291.625,37.87083333333333,18.412499999999998,250.20833333333334,12.541666666666666,13.095833333333333,66.04166666666667,30.375,0.24958333333333335,68.70833333333333,17.0,5.0,5.0,2.0,68.79166666666667,72.5,-0.08333333333333333,68.97916666666667,70.32118055555556,73.21064814814814,0.35929247210871035,1.3880424971128695,2.870966295638388,70.3201945887944,2.1474375795570184,30.025000000000002,12.129166666666668,72.625,1002.6416666666668,662.0833333333334,24.474999999999998,0.0,20.083333333333332,31.46666666666667,289.5,8209.083333333334,-0.004166666666667614,5.0874999999999995,64.83333333333333
2025-05-18 00:00:00+05:00,30.1875,10.216666666666667,73.33333333333333,1003.0041666666666,595.0,24.78333333333333,0.0,12.458333333333334,212.33333333333334,28.2,297.6666666666667,33.737500000000004,16.883333333333333,256.0833333333333,11.8125,14.391666666666666,62.083333333333336,26.0,0.23083333333333333,67.25,18.0,5.0,6.0,2.0,67.375,68.70833333333333,-0.125,67.6875,68.20833333333333,71.08217592592592,0.2709812676488322,0.5698107537128886,3.125071013121424,68.33359712983558,1.263842265256587,30.400000000000002,13.720833333333333,70.875,1002.0791666666668,768.125,24.375,0.0,22.916666666666668,34.770833333333336,283.5833333333333,6389.166666666667,0.03750000000000379,5.404166666666666,72.33333333333333
2025-05-19 00:00:00+05:00,30.025000000000002,12.129166666666668,72.625,1002.6416666666668,662.0833333333334,24.474999999999998,0.0,20.083333333333332,247.04166666666666,31.46666666666667,289.5,40.045833333333334,18.474999999999998,222.625,11.391666666666666,13.004166666666668,58.125,35.041666666666664,0.5116666666666666,64.83333333333333,19.0,5.0,0.0,2.0,64.70833333333333,67.25,0.125,64.60416666666667,65.68229166666667,68.07060185185186,0.3329429713426845,1.117632841536553,2.2349774729205416,65.63094174619278,1.549428349364013,30.229166666666668,13.975,72.66666666666667,1001.8791666666666,710.0,24.650000000000002,0.0,31.291666666666668,35.53333333333333,285.75,8286.6875,-0.004166666666672351,5.55,79.5
2025-05-20 00:00:00+05:00,30.400000000000002,13.720833333333333,70.875,1002.0791666666668,768.125,24.375,0.0,22.916666666666668,250.58333333333334,34.770833333333336,283.5833333333333,69.88333333333334,23.045833333333334,208.41666666666666,8.483333333333333,12.091666666666667,62.625,83.20833333333333,0.5654166666666667,72.33333333333333,20.0,5.0,1.0,2.0,72.0,64.83333333333333,0.3333333333333333,71.00694444444444,67.79861111111111,67.22974537037037,0.8238307840723594,2.438474015523448,2.336136438587959,68.59432446620126,2.71988443046423,29.974999999999998,13.737499999999999,74.70833333333333,1000.9375,639.375,24.866666666666664,0.008333333333333333,20.291666666666668,34.82083333333333,289.625,10786.208333333334,-0.17916666666666478,6.0249999999999995,82.66666666666667
2025-05-21 00:00:00+05:00,30.229166666666668,13.975,72.66666666666667,1001.8791666666666,710.0,24.650000000000002,0.0,31.291666666666668,248.5,35.53333333333333,285.75,105.09583333333335,27.40833333333333,218.95833333333334,8.9125,13.270833333333334,70.20833333333333,145.875,0.45208333333333334,79.5,21.0,5.0,2.0,2.0,79.16666666666667,72.33333333333333,0.3333333333333333,78.375,75.77777777777779,69.75289351851852,0.7541500640314706,2.1589264732174454,4.962549356019937,75.73980449987226,3.5931201677496047,30.233333333333334,14.970833333333333,73.95833333333333,998.6083333333332,616.0416666666666,24.84166666666667,0.0,17.458333333333332,36.99166666666667,297.9166666666667,10043.375,0.03750000000000379,5.579166666666666,72.16666666666667
2025-05-22 00:00:00+05:00,29.974999999999998,13.737499999999999,74.70833333333333,1000.9375,639.375,24.866666666666664,0.008333333333333333,20.291666666666668,253.45833333333334,34.82083333333333,289.625,83.22500000000001,22.941666666666666,221.79166666666666,10.112499999999999,12.887500000000001,65.29166666666667,110.29166666666667,0.32083333333333336,82.66666666666667,22.0,5.0,3.0,2.0,82.95833333333333,79.5,-0.2916666666666667,83.52083333333333,82.51736111111111,75.36458333333333,0.6803170485112023,2.2491503437039957,6.495695417955635,82.09675516081514,3.547560703949483,30.570833333333336,15.445833333333333,72.66666666666667,998.2458333333334,710.4166666666666,24.929166666666664,0.0,28.125,38.44166666666667,288.9583333333333,8964.4375,-0.20416666666667047,5.108333333333333,69.29166666666667
2025-05-23 00:00:00+05:00,30.233333333333334,14.970833333333333,73.95833333333333,998.6083333333332,616.0416666666666,24.84166666666667,0.0,17.458333333333332,257.4583333333333,36.99166666666667,297.9166666666667,54.175000000000004,18.754166666666666,211.66666666666666,10.4625,11.433333333333332,64.83333333333333,63.875,0.2454166666666667,72.16666666666667,23.0,5.0,4.0,2.0,72.5,82.66666666666667,-0.3333333333333333,73.45138888888889,77.63194444444444,78.64236111111111,0.8108843090162124,3.3289594980808523,4.523472865821939,76.73712245801532,3.9983920328335416,30.9375,14.529166666666667,75.0,999.6125000000001,614.1666666666666,25.8125,0.0,14.125,37.00833333333333,293.5,9233.75,-0.24166666666666478,5.391666666666667,79.75
2025-05-24 00:00:00+05:00,30.570833333333336,15.445833333333333,72.66666666666667,998.2458333333334,710.4166666666666,24.929166666666664,0.0,28.125,259.375,38.44166666666667,288.9583333333333,57.24583333333334,21.72083333333333,209.125,8.737499999999999,11.541666666666666,67.70833333333333,62.5,0.32666666666666666,69.29166666666667,24.0,5.0,5.0,2.0,69.125,72.16666666666667,0.16666666666666666,68.79861111111111,69.59027777777779,76.57986111111111,0.5661006080167231,1.6438564116955483,6.213753426684073,70.16126103293338,3.3994485326389214,31.266666666666666,14.245833333333332,74.0,1000.4333333333334,549.7916666666666,25.787499999999998,0.0,16.25,35.8125,294.2916666666667,11042.0,-0.004166666666662877,5.641666666666667,86.75
2025-05-25 00:00:00+05:00,30.9375,14.529166666666667,75.0,999.6125000000001,614.1666666666666,25.8125,0.0,14.125,261.125,37.00833333333333,293.5,68.5625,27.670833333333334,213.08333333333334,8.670833333333333,11.591666666666667,67.08333333333333,71.83333333333333,0.43083333333333335,79.75,25.0,5.0,6.0,2.0,79.25,69.29166666666667,0.5,78.0625,73.89930555555556,73.70717592592592,0.9435365673877046,3.237781189772287,5.071414756380054,74.8692608801558,3.8291615356004667,30.8125,16.008333333333333,74.625,998.5541666666667,617.5,25.6125,0.0,25.0,39.987500000000004,297.2916666666667,9024.479166666666,0.2874999999999943,5.125,81.375
2025-05-26 00:00:00+05:00,31.266666666666666,14.245833333333332,74.0,1000.4333333333334,549.7916666666666,25.787499999999998,0.0,16.25,273.0833333333333,35.8125,294.2916666666667,62.32083333333333,28.395833333333332,222.375,10.029166666666667,12.158333333333333,67.33333333333333,58.416666666666664,0.50375,86.75,26.0,5.0,0.0,2.0,86.66666666666667,79.75,0.08333333333333333,86.30555555555556,83.86979166666667,75.78645833333333,0.32669118241900164,2.2282603210466223,6.720138035416281,83.59053601620793,4.2313512160827385,30.854166666666668,13.1,78.5,997.3375,533.125,26.52916666666667,0.0,20.5,34.05416666666667,279.375,7858.791666666667,-0.10833333333333428,5.479166666666667,79.20833333333333
2025-05-27 00:00:00+05:00,30.8125,16.008333333333333,74.625,998.5541666666667,617.5,25.6125,0.0,25.0,265.625,39.987500000000004,297.2916666666667,47.43333333333334,22.8625,211.83333333333334,8.291666666666666,10.674999999999999,66.54166666666667,40.541666666666664,0.5308333333333334,81.375,27.0,5.0,1.0,2.0,81.83333333333333,86.75,-0.4583333333333333,82.82638888888889,85.16319444444444,80.97743055555556,0.7703190633862903,1.802024553866528,5.925909176044777,84.18257682724102,2.802390291463261,32.37083333333333,11.045833333333334,66.25,995.475,358.5416666666667,24.545833333333334,0.0,3.0,27.575,303.8333333333333,9919.0,-0.21249999999999622,5.2,90.04166666666667
2025-05-28 00:00:00+05:00,30.854166666666668,13.1,78.5,997.3375,533.125,26.52916666666667,0.0,20.5,245.625,34.05416666666667,279.375,67.37916666666666,26.77916666666667,275.0833333333333,11.329166666666666,12.9125,75.5,73.33333333333333,0.62625,79.20833333333333,28.0,5.0,2.0,2.0,78.91666666666667,81.375,0.2916666666666667,78.34027777777779,78.67881944444444,82.57060185185186,0.7490248602622317,2.2510362005130062,3.954657418106628,79.15475647309867,3.107677127461367,32.608333333333334,18.041666666666668,58.791666666666664,994.6333333333333,562.7083333333334,22.791666666666668,0.0,0.0,43.8125,310.2916666666667,7274.5625,-0.09166666666666856,4.325,104.58333333333333
2025-05-29 00:00:00+05:00,32.37083333333333,11.045833333333334,66.25,995.475,358.5416666666667,24.545833333333334,0.0,3.0,230.16666666666666,27.575,303.8333333333333,126.78750000000001,33.958333333333336,386.5,12.829166666666666,12.762500000000001,94.66666666666667,186.0,0.6141666666666666,90.04166666666667,29.0,5.0,3.0,2.0,89.45833333333333,79.20833333333333,0.5833333333333334,87.75694444444444,83.08506944444444,82.30902777777777,3.43396970592704,3.9820191867517836,4.57526017791698,84.00185108949704,4.79542482536565,31.354166666666668,18.183333333333334,72.70833333333333,997.1166666666667,603.9583333333334,25.212500000000002,0.0,2.9166666666666665,43.7875,307.4583333333333,4212.895833333333,-0.34166666666666856,7.825,101.66666666666667
2025-05-30 00:00:00+05:00,32.608333333333334,18.041666666666668,58.791666666666664,994.6333333333333,562.7083333333334,22.791666666666668,0.0,0.0,265.375,43.8125,310.2916666666667,149.11666666666667,38.17916666666667,256.9166666666667,9.083333333333334,7.695833333333333,97.95833333333333,210.29166666666666,0.6241666666666666,104.58333333333333,30.0,5.0,4.0,2.0,104.16666666666667,90.04166666666667,0.4166666666666667,103.1736111111111,97.77604166666667,86.51331018518518,2.078355903078647,7.667529315403978,10.051226556558683,98.00956464161176,8.775457249794144,31.954166666666666,15.258333333333333,64.75,997.1583333333333,485.0,23.52916666666667,0.0,36.125,37.5,309.9583333333333,10353.3125,0.10833333333333901,9.816666666666666,98.41666666666667
2025-05-31 00:00:00+05:00,31.354166666666668,18.183333333333334,72.70833333333333,997.1166666666667,603.9583333333334,25.212500000000002,0.0,2.9166666666666665,241.20833333333334,43.7875,307.4583333333333,136.88333333333333,35.00416666666667,234.41666666666666,7.0625,8.3375,87.79166666666667,195.04166666666666,0.60875,101.66666666666667,31.0,5.0,5.0,2.0,102.0,104.58333333333333,-0.3333333333333333,102.88194444444444,105.05208333333333,95.30439814814815,1.2326968343760514,3.919180356293712,11.1126970284403,103.50808120378372,5.42083119480758,30.695833333333336,15.549999999999999,75.20833333333333,996.5,555.625,25.616666666666664,0.0,50.666666666666664,38.2875,305.5,11031.4375,0.2708333333333286,6.141666666666667,110.66666666666667
2025-06-01 00:00:00+05:00,31.954166666666666,15.258333333333333,64.75,997.1583333333333,485.0,23.52916666666667,0.0,36.125,225.125,37.5,309.9583333333333,141.975,36.333333333333336,289.375,9.583333333333334,9.345833333333333,83.0,201.91666666666666,0.54625,98.41666666666667,1.0,6.0,6.0,2.0,98.29166666666667,101.66666666666667,0.125,98.29166666666667,99.38715277777777,100.73842592592592,0.6862928610190545,1.5521559387190287,6.3676091740854055,99.51832450586168,2.8657553971515974,29.879166666666666,15.933333333333332,79.04166666666667,998.2666666666668,650.2083333333334,25.729166666666668,0.0,33.958333333333336,39.670833333333334,294.875,7497.895833333333,-0.07500000000000284,8.425,107.0
2025-06-02 00:00:00+05:00,30.695833333333336,15.549999999999999,75.20833333333333,996.5,555.625,25.616666666666664,0.0,50.666666666666664,209.5,38.2875,305.5,188.15833333333333,43.34166666666667,253.58333333333334,8.979166666666666,10.191666666666666,82.91666666666667,276.5,0.6379166666666667,110.66666666666667,2.0,6.0,0.0,2.0,109.95833333333333,98.41666666666667,0.7083333333333334,108.11805555555556,102.71527777777777,102.38483796296298,1.4581333745724327,3.989766834280988,4.751663720937548,104.07681904546756,4.522408937323608,30.125,15.283333333333333,73.875,1001.0333333333333,812.7083333333334,24.754166666666666,0.004166666666666667,39.291666666666664,37.85,264.1666666666667,8702.1875,0.09166666666666856,5.079166666666667,92.08333333333333
2025-06-03 00:00:00+05:00,29.879166666666666,15.933333333333332,79.04166666666667,998.2666666666668,650.2083333333334,25.729166666666668,0.0,33.958333333333336,206.5,39.670833333333334,294.875,90.02083333333333,29.6125,245.875,8.170833333333333,9.275,82.83333333333333,109.33333333333333,0.5525,107.0,3.0,6.0,1.0,2.0,108.29166666666667,110.66666666666667,-1.2916666666666667,111.4375,114.52430555555556,105.54224537037037,3.0982467324983065,6.921890108184308,8.668054181944209,112.5881629537876,8.71390785052786,30.287499999999998,12.716666666666667,69.625,1004.9875000000001,910.4166666666666,23.929166666666664,0.0,25.5,32.5375,276.2083333333333,10480.6875,0.22083333333333618,4.15,81.70833333333333
2025-06-04 00:00:00+05:00,30.125,15.283333333333333,73.875,1001.0333333333333,812.7083333333334,24.754166666666666,0.004166666666666667,39.291666666666664,230.58333333333334,37.85,264.1666666666667,84.20416666666667,29.2,217.625,8.666666666666666,11.15,77.0,97.125,0.4975,92.08333333333333,4.0,6.0,2.0,2.0,92.04166666666667,107.0,0.041666666666666664,91.75,95.88368055555556,104.3744212962963,0.9048136857029312,7.677220594940908,11.384045643739137,96.19645703006722,9.995297124278169,30.420833333333334,14.262500000000001,68.0,1006.9666666666667,872.0833333333334,23.679166666666664,0.0,25.75,35.38333333333333,268.5,12922.1875,0.4541666666666657,5.370833333333334,80.45833333333333
2025-06-05 00:00:00+05:00,30.287499999999998,12.716666666666667,69.625,1004.9875000000001,910.4166666666666,23.929166666666664,0.0,25.5,239.29166666666666,32.5375,276.2083333333333,72.89583333333333,24.416666666666668,211.5,8.991666666666667,11.854166666666666,67.16666666666667,83.20833333333333,0.43583333333333335,81.70833333333333,5.0,6.0,3.0,2.0,82.125,92.08333333333333,-0.4166666666666667,83.34027777777779,88.02777777777777,99.47858796296298,0.9836450417620447,3.80176894344477,13.581204956477661,87.53929797883194,6.208596271046844,29.958333333333332,16.9875,70.625,1006.3541666666666,756.875,23.900000000000002,0.0,9.916666666666666,41.262499999999996,296.3333333333333,11745.583333333334,0.4375,6.358333333333334,80.45833333333333
2025-06-06 00:00:00+05:00,30.420833333333334,14.262500000000001,68.0,1006.9666666666667,872.0833333333334,23.679166666666664,0.0,25.75,255.95833333333334,35.38333333333333,268.5,65.8125,25.3875,197.25,8.575000000000001,11.825000000000001,68.875,68.75,0.3941666666666666,80.45833333333333,6.0,6.0,4.0,2.0,80.375,81.70833333333333,0.08333333333333333,80.16666666666667,80.08333333333333,87.9982638888889,0.341354786410529,1.2824819159404637,8.467961306090134,81.02436532730651,3.7469294740899297,30.025000000000002,16.466666666666665,70.66666666666667,1005.8000000000001,798.125,24.008333333333336,0.0,14.0,40.32083333333333,295.125,12538.895833333334,0.07083333333333523,6.741666666666667,75.5
2025-06-07 00:00:00+05:00,29.958333333333332,16.9875,70.625,1006.3541666666666,756.875,23.900000000000002,0.0,9.916666666666666,261.5833333333333,41.262499999999996,296.3333333333333,67.27083333333333,24.308333333333334,187.375,7.904166666666666,10.4,70.29166666666667,75.45833333333333,0.3129166666666667,80.45833333333333,7.0,6.0,5.0,2.0,80.54166666666667,80.45833333333333,-0.08333333333333333,80.70833333333333,80.84548611111111,82.9855324074074,0.13840253198478333,0.49412044311390124,4.464507715293894,80.85957290397668,1.4573304083199146,30.045833333333334,16.945833333333333,69.58333333333333,1004.9333333333334,846.4583333333334,23.787499999999998,0.0,14.958333333333334,41.30416666666667,292.0416666666667,12991.791666666666,-0.14166666666667047,6.058333333333334,76.41666666666667
2025-06-08 00:00:00+05:00,30.025000000000002,16.466666666666665,70.66666666666667,1005.8000000000001,798.125,24.008333333333336,0.0,14.0,256.75,40.32083333333333,295.125,53.30416666666667,21.95,194.0,7.708333333333333,10.495833333333334,75.75,53.75,0.28708333333333336,75.5,8.0,6.0,6.0,2.0,75.70833333333333,80.45833333333333,-0.20833333333333334,76.27083333333333,78.35590277777779,79.76157407407408,0.5116275615214535,1.6215581065336628,1.790841564205488,77.96637855750565,1.975247454746467,30.379166666666666,17.829166666666666,67.91666666666667,1002.7458333333334,952.5,23.675,0.0,25.583333333333332,43.375,275.6666666666667,13225.1875,0.008333333333335228,6.016666666666667,72.375
2025-06-09 00:00:00+05:00,30.045833333333334,16.945833333333333,69.58333333333333,1004.9333333333334,846.4583333333334,23.787499999999998,0.0,14.958333333333334,256.8333333333333,41.30416666666667,292.0416666666667,50.145833333333336,22.554166666666664,191.08333333333334,8.104166666666666,10.4375,71.125,45.791666666666664,0.2833333333333333,76.41666666666667,9.0,6.0,0.0,2.0,76.33333333333333,75.5,0.08333333333333333,76.05555555555556,75.296875,78.16608796296296,0.42858120539310995,1.1874042274383696,2.7298773578552225,75.87059457479148,1.6897565390054432,30.40416666666667,16.6375,71.29166666666667,1001.8249999999999,872.5,24.5,0.0,39.666666666666664,40.94583333333333,237.25,14462.854166666666,-0.22916666666666194,6.258333333333334,73.5
2025-06-10 00:00:00+05:00,30.379166666666666,17.829166666666666,67.91666666666667,1002.7458333333334,952.5,23.675,0.0,25.583333333333332,251.5,43.375,275.6666666666667,48.1875,20.770833333333332,196.45833333333334,7.070833333333333,9.775,71.29166666666667,46.291666666666664,0.4254166666666667,72.375,10.0,6.0,1.0,2.0,72.54166666666667,76.41666666666667,-0.16666666666666666,73.09722222222221,75.05381944444444,76.2355324074074,0.6179540573213604,1.6889829795268814,2.347805232412068,74.51991773172595,1.8553704345805195,30.329166666666666,15.754166666666668,76.45833333333333,1000.3000000000001,668.125,25.604166666666668,0.0,40.708333333333336,39.237500000000004,281.2916666666667,17215.479166666668,-0.18750000000000475,6.704166666666667,71.58333333333333
2025-06-11 00:00:00+05:00,30.40416666666667,16.6375,71.29166666666667,1001.8249999999999,872.5,24.5,0.0,39.666666666666664,253.875,40.94583333333333,237.25,48.083333333333336,21.537499999999998,199.83333333333334,7.541666666666667,10.495833333333334,70.04166666666667,44.541666666666664,0.4495833333333333,73.5,11.0,6.0,2.0,2.0,73.41666666666667,72.375,0.08333333333333333,73.18055555555556,72.49305555555556,74.28125,0.3990278619307707,1.153434518286306,2.072773633677867,72.98387444383685,1.4818618776634136,30.77916666666667,13.316666666666668,79.625,998.6041666666666,488.9583333333333,26.620833333333334,0.0,25.333333333333332,33.69166666666667,295.5833333333333,14921.458333333334,-0.125,5.904166666666666,66.08333333333333
2025-06-12 00:00:00+05:00,30.329166666666666,15.754166666666668,76.45833333333333,1000.3000000000001,668.125,25.604166666666668,0.0,40.708333333333336,257.0,39.237500000000004,281.2916666666667,35.604166666666664,17.558333333333334,197.125,8.095833333333333,10.933333333333332,67.625,28.333333333333332,0.42625,71.58333333333333,12.0,6.0,3.0,2.0,71.875,73.5,-0.2916666666666667,72.38888888888889,73.08333333333333,73.54340277777779,0.5017584886501489,0.7631223760624547,1.8432537500896655,72.83087994211056,0.9948284989580296,30.420833333333334,11.1,82.33333333333333,996.7791666666667,444.1666666666667,26.9375,0.0,22.666666666666668,29.579166666666666,291.7083333333333,10866.104166666666,-0.24583333333333238,4.7250000000000005,79.70833333333333
2025-06-13 00:00:00+05:00,30.77916666666667,13.316666666666668,79.625,998.6041666666666,488.9583333333333,26.620833333333334,0.0,25.333333333333332,236.95833333333334,33.69166666666667,295.5833333333333,52.88333333333333,20.1625,242.125,10.700000000000001,12.420833333333334,71.625,57.25,0.56125,66.08333333333333,13.0,6.0,4.0,2.0,65.95833333333333,71.58333333333333,0.125,65.86805555555556,68.00520833333333,71.19386574074075,0.8562309698464606,2.625224351193269,2.9614921265335377,67.82078528695334,3.1298342206603222,30.329166666666666,8.670833333333333,79.79166666666667,995.5541666666667,398.75,26.245833333333334,0.0,16.916666666666668,25.354166666666668,288.3333333333333,6484.541666666667,-0.20416666666667047,4.158333333333333,95.79166666666667
2025-06-14 00:00:00+05:00,30.420833333333334,11.1,82.33333333333333,996.7791666666667,444.1666666666667,26.9375,0.0,22.666666666666668,194.5,29.579166666666666,291.7083333333333,105.69583333333333,31.058333333333334,308.8333333333333,13.820833333333333,14.579166666666666,77.125,136.875,0.7279166666666667,79.70833333333333,14.0,6.0,5.0,2.0,78.83333333333333,66.08333333333333,0.875,76.84027777777779,71.34375,70.8107638888889,1.4946330565158135,4.053408128337755,4.256485717230556,72.74949639212578,4.598675852805803,31.879166666666666,7.5625,74.16666666666667,995.4250000000001,381.0416666666667,26.15833333333333,0.09999999999999999,62.916666666666664,22.675,252.29166666666666,4914.916666666667,-0.20416666666666572,3.483333333333334,106.45833333333333
2025-06-15 00:00:00+05:00,30.329166666666666,8.670833333333333,79.79166666666667,995.5541666666667,398.75,26.245833333333334,0.0,16.916666666666668,180.04166666666666,25.354166666666668,288.3333333333333,126.3625,34.050000000000004,339.3333333333333,15.8125,14.825000000000001,70.83333333333333,171.875,0.78375,95.79166666666667,15.0,6.0,6.0,2.0,95.54166666666667,79.70833333333333,0.25,94.6736111111111,88.66319444444444,76.00405092592592,0.9177694376979991,5.19696785448965,10.320713345322554,88.78009020834118,8.018053605458496,31.90833333333333,11.095833333333333,74.54166666666667,996.3000000000001,397.2916666666667,26.3875,0.0,80.45833333333333,28.212500000000002,243.0,3766.3125,-0.10416666666666193,4.083333333333333,107.04166666666667
2025-06-16 00:00:00+05:00,31.879166666666666,7.5625,74.16666666666667,995.4250000000001,381.0416666666667,26.15833333333333,0.09999999999999999,62.916666666666664,261.8333333333333,22.675,252.29166666666666,117.09583333333335,40.545833333333334,339.5,27.645833333333332,27.733333333333334,74.91666666666667,145.875,0.8224999999999999,106.45833333333333,16.0,6.0,0.0,2.0,105.83333333333333,95.79166666666667,0.625,104.2638888888889,99.68402777777777,86.5636574074074,2.726141376639395,3.6073669544227784,12.652971361926967,99.68445718731982,6.673256633869859,30.575,17.691666666666666,77.33333333333333,997.4791666666666,680.625,26.020833333333332,0.008333333333333333,77.91666666666667,42.87083333333334,276.4583333333333,2855.125,0.008333333333330492,5.720833333333332,83.54166666666667
2025-06-17 00:00:00+05:00,31.90833333333333,11.095833333333333,74.54166666666667,996.3000000000001,397.2916666666667,26.3875,0.0,80.45833333333333,276.1666666666667,28.212500000000002,243.0,100.62083333333334,33.025,289.4583333333333,16.291666666666668,14.987499999999999,70.875,128.875,0.7200000000000001,107.04166666666667,17.0,6.0,1.0,2.0,107.70833333333333,106.45833333333333,-0.6666666666666666,109.0486111111111,109.93229166666667,99.42650462962963,1.5284305542259575,5.104700423500227,10.131112864703296,108.57368125648473,6.331160793994706,30.333333333333332,21.337500000000002,75.83333333333333,996.1791666666667,939.7916666666666,25.491666666666664,0.016666666666666666,69.29166666666667,50.25416666666666,204.41666666666666,4749.979166666667,0.20000000000000284,5.520833333333333,72.95833333333333
2025-06-18 00:00:00+05:00,30.575,17.691666666666666,77.33333333333333,997.4791666666666,680.625,26.020833333333332,0.008333333333333333,77.91666666666667,264.0833333333333,42.87083333333334,276.4583333333333,47.85833333333333,22.0,214.45833333333334,7.2749999999999995,10.433333333333334,73.20833333333333,42.125,0.5287499999999999,83.54166666666667,18.0,6.0,2.0,2.0,84.41666666666667,107.04166666666667,-0.875,86.93055555555556,96.33159722222223,101.9826388888889,1.9850990096447367,7.198194483593457,9.046205600249728,94.66996194855182,8.904271850332474,30.041666666666668,18.629166666666666,81.79166666666667,997.0041666666666,778.75,26.53333333333333,0.14166666666666666,76.70833333333333,44.21666666666667,180.0,12269.979166666666,0.037499999999999055,4.554166666666666,70.95833333333333
2025-06-19 00:00:00+05:00,30.333333333333332,21.337500000000002,75.83333333333333,996.1791666666667,939.7916666666666,25.491666666666664,0.016666666666666666,69.29166666666667,255.04166666666666,50.25416666666666,204.41666666666666,48.395833333333336,20.3625,197.91666666666666,6.083333333333333,8.154166666666667,65.625,46.75,0.5170833333333333,72.95833333333333,19.0,6.0,3.0,2.0,73.08333333333333,83.54166666666667,-0.125,73.40277777777779,76.70659722222221,94.32349537037038,0.30896880559763906,3.4095670592979945,15.141733222057711,77.77436941967562,8.16582543262108,30.087500000000002,17.129166666666666,82.91666666666667,998.3708333333334,698.125,26.816666666666666,0.16666666666666666,94.875,40.487500000000004,192.29166666666666,20511.25,-0.12083333333333712,4.841666666666667,72.79166666666667
2025-06-20 00:00:00+05:00,30.041666666666668,18.629166666666666,81.79166666666667,997.0041666666666,778.75,26.53333333333333,0.14166666666666666,76.70833333333333,235.95833333333334,44.21666666666667,180.0,50.9625,21.158333333333335,224.66666666666666,7.508333333333333,8.612499999999999,63.333333333333336,47.625,0.7079166666666666,70.95833333333333,20.0,6.0,4.0,2.0,70.91666666666667,72.95833333333333,0.041666666666666664,70.88888888888889,71.60416666666667,81.54745370370371,0.38467268017170503,0.8764176487812309,11.785121701951761,72.14450117873939,3.8535602560808755,29.941666666666666,14.670833333333334,81.0,997.1833333333334,715.4166666666666,26.25,0.04583333333333334,99.91666666666667,35.36666666666667,159.16666666666666,14617.895833333334,0.22083333333333618,3.508333333333333,73.29166666666667
2025-06-21 00:00:00+05:00,30.087500000000002,17.129166666666666,82.91666666666667,998.3708333333334,698.125,26.816666666666666,0.16666666666666666,94.875,238.29166666666666,40.487500000000004,192.29166666666666,43.6,20.054166666666667,226.25,8.362499999999999,9.966666666666667,61.916666666666664,37.208333333333336,0.8091666666666667,72.79166666666667,21.0,6.0,5.0,2.0,72.875,70.95833333333333,-0.08333333333333333,72.96527777777779,72.11979166666667,73.47685185185185,0.39637269825351495,1.0142267834182623,3.249422211360532,72.4451349743882,1.7542642989851565,30.254166666666666,13.35,79.625,995.7833333333333,712.5,26.2625,0.02916666666666667,84.33333333333333,32.80416666666667,215.29166666666666,12148.895833333334,0.08333333333333333,3.270833333333334,78.5
2025-06-22 00:00:00+05:00,29.941666666666666,14.670833333333334,81.0,997.1833333333334,715.4166666666666,26.25,0.04583333333333334,99.91666666666667,246.70833333333334,35.36666666666667,159.16666666666666,57.23333333333333,23.133333333333336,245.125,10.458333333333334,11.758333333333333,64.91666666666667,58.416666666666664,0.82,73.29166666666667,22.0,6.0,6.0,2.0,73.08333333333333,72.79166666666667,0.20833333333333334,72.60416666666667,72.3125,72.01215277777779,0.4957855369057607,1.2659492434342203,1.2605944077916498,72.3686156689824,1.3915550766109284,30.3125,12.275,79.29166666666667,994.5458333333332,709.1666666666666,26.195833333333336,0.016666666666666666,64.83333333333333,30.8,246.04166666666666,10709.208333333334,-0.26666666666667044,3.691666666666667,88.25
2025-06-23 00:00:00+05:00,30.254166666666666,13.35,79.625,995.7833333333333,712.5,26.2625,0.02916666666666667,84.33333333333333,231.70833333333334,32.80416666666667,215.29166666666666,64.375,26.604166666666668,241.33333333333334,11.012500000000001,13.112499999999999,66.0,63.166666666666664,1.0366666666666666,78.5,23.0,6.0,0.0,2.0,78.20833333333333,73.29166666666667,0.2916666666666667,77.70138888888889,75.98611111111111,73.47280092592592,0.4019751456905461,1.5698927629089214,2.3090920727525512,76.16006545767004,2.114263083091422,29.995833333333334,9.408333333333333,78.58333333333333,995.2166666666667,552.9166666666666,25.775000000000002,0.0,82.33333333333333,25.458333333333332,214.54166666666666,10016.625,-0.16666666666666666,3.9916666666666667,92.70833333333333
2025-06-24 00:00:00+05:00,30.3125,12.275,79.29166666666667,994.5458333333332,709.1666666666666,26.195833333333336,0.016666666666666666,64.83333333333333,217.66666666666666,30.8,246.04166666666666,85.29583333333333,30.3125,260.9166666666667,10.979166666666666,14.112499999999999,68.25,97.5,0.9025,88.25,24.0,6.0,1.0,2.0,87.95833333333333,78.5,0.2916666666666667,86.88194444444444,82.70138888888889,77.0,1.0726320452209908,3.1507461586880887,4.874645482561609,83.23936643288917,4.1104539410728735,30.929166666666664,6.816666666666666,77.08333333333333,996.8333333333334,368.3333333333333,26.1125,0.0,84.25,20.95,231.875,9103.8125,-0.054166666666660035,4.116666666666666,92.83333333333333
2025-06-25 00:00:00+05:00,29.995833333333334,9.408333333333333,78.58333333333333,995.2166666666667,552.9166666666666,25.775000000000002,0.0,82.33333333333333,180.20833333333334,25.458333333333332,214.54166666666666,83.03333333333333,32.25,367.2083333333333,16.304166666666667,17.129166666666666,66.16666666666667,87.625,0.8429166666666666,92.70833333333333,25.0,6.0,2.0,2.0,92.54166666666667,88.25,0.16666666666666666,92.25694444444444,90.9392361111111,83.20891203703704,0.4610260490094354,1.7944676471151118,6.636071843887064,90.45874928021304,3.6239448740159705,29.78333333333333,8.0625,81.95833333333333,996.6958333333333,421.875,26.116666666666664,0.7125,99.125,22.150000000000002,135.83333333333334,5654.979166666667,0.14999999999999622,4.220833333333334,89.58333333333333
2025-06-26 00:00:00+05:00,30.929166666666664,6.816666666666666,77.08333333333333,996.8333333333334,368.3333333333333,26.1125,0.0,84.25,200.33333333333334,20.95,231.875,96.22500000000001,30.058333333333334,409.625,17.104166666666668,18.091666666666665,56.25,119.0,0.945,92.83333333333333,26.0,6.0,3.0,2.0,93.0,92.70833333333333,-0.16666666666666666,93.31944444444444,93.29166666666667,88.97743055555556,0.5249980156652952,0.7005441945027431,5.113855530997721,92.93929150745332,1.8410729481850883,27.983333333333334,11.279166666666667,88.58333333333333,996.3333333333334,415.625,25.870833333333334,1.5083333333333335,99.75,28.754166666666666,150.125,2695.3333333333335,0.14166666666667047,4.816666666666666,89.125
2025-06-27 00:00:00+05:00,29.78333333333333,8.0625,81.95833333333333,996.6958333333333,421.875,26.116666666666664,0.7125,99.125,295.875,22.150000000000002,135.83333333333334,71.84166666666667,34.27916666666667,502.0416666666667,26.825,20.9375,69.58333333333333,67.5,1.0216666666666667,89.58333333333333,27.0,6.0,4.0,2.0,89.25,92.83333333333333,0.3333333333333333,88.75694444444444,90.39756944444444,91.54282407407408,1.1722670172040588,2.2027453925304585,2.431537932484178,90.10545886228208,2.532421716445347,28.933333333333334,12.1,84.45833333333333,995.7166666666667,526.25,26.025000000000002,0.0625,66.54166666666667,28.991666666666664,250.20833333333334,3143.8541666666665,-0.02916666666666856,3.6666666666666665,71.33333333333333
2025-06-28 00:00:00+05:00,27.983333333333334,11.279166666666667,88.58333333333333,996.3333333333334,415.625,25.870833333333334,1.5083333333333335,99.75,279.875,28.754166666666666,150.125,46.74583333333334,23.020833333333332,436.8333333333333,16.845833333333335,14.379166666666668,79.58333333333333,43.833333333333336,0.6991666666666667,89.125,28.0,6.0,5.0,2.0,90.0,89.58333333333333,-0.875,91.7986111111111,92.03993055555556,91.90972222222223,1.758471149651638,4.625295649067556,3.3738751556963416,91.91203118177948,4.488646055088644,29.854166666666668,16.408333333333335,81.54166666666667,996.0458333333332,790.2083333333334,26.28333333333333,0.04583333333333334,77.625,37.916666666666664,226.95833333333334,4970.729166666667,-0.041666666666666664,2.1124999999999994,69.45833333333333
2025-06-29 00:00:00+05:00,28.933333333333334,12.1,84.45833333333333,995.7166666666667,526.25,26.025000000000002,0.0625,66.54166666666667,228.70833333333334,28.991666666666664,250.20833333333334,26.429166666666664,15.125,332.5416666666667,16.441666666666666,14.920833333333334,67.66666666666667,19.125,0.3229166666666667,71.33333333333333,29.0,6.0,6.0,2.0,71.95833333333333,89.125,-0.625,73.52083333333333,79.97222222222221,87.4699074074074,1.3643650616602427,5.59092265149222,7.293230741903449,79.1992707106257,7.315668789991566,29.866666666666664,14.333333333333334,81.54166666666667,997.1708333333332,720.2083333333334,26.275000000000002,0.03333333333333333,66.29166666666667,34.045833333333334,241.33333333333334,6681.125,-0.1374999999999981,2.908333333333333,76.66666666666667
2025-06-30 00:00:00+05:00,29.854166666666668,16.408333333333335,81.54166666666667,996.0458333333332,790.2083333333334,26.28333333333333,0.04583333333333334,77.625,248.66666666666666,37.916666666666664,226.95833333333334,61.583333333333336,24.412499999999998,257.3333333333333,12.254166666666668,11.012500000000001,57.125,64.125,0.73875,69.45833333333333,30.0,6.0,0.0,2.0,68.75,71.33333333333333,0.7083333333333334,67.25,67.22569444444444,79.74594907407408,1.5574582603755533,4.9323159812082595,11.715645944217963,68.56489209608539,6.935237906024408,29.820833333333336,13.570833333333333,81.125,997.0791666666668,682.7083333333334,26.179166666666664,0.05000000000000001,82.125,32.145833333333336,235.625,13676.104166666666,0.17499999999999716,3.5708333333333333,76.08333333333333
2025-07-01 00:00:00+05:00,29.866666666666664,14.333333333333334,81.54166666666667,997.1708333333332,720.2083333333334,26.275000000000002,0.03333333333333333,66.29166666666667,241.16666666666666,34.045833333333334,241.33333333333334,56.770833333333336,23.420833333333334,246.5,10.929166666666667,10.816666666666668,53.875,55.666666666666664,1.0133333333333334,76.66666666666667,1.0,7.0,1.0,3.0,76.75,69.45833333333333,-0.08333333333333333,76.82638888888889,74.86979166666667,74.02256944444444,0.7755519246851552,3.509437283091115,7.677098398570436,74.89329052025782,4.691234910411512,29.962500000000002,10.450000000000001,80.375,997.0708333333333,614.7916666666666,26.133333333333336,0.016666666666666666,99.75,26.020833333333332,162.58333333333334,10491.4375,0.06666666666666761,3.5916666666666663,81.16666666666667
2025-07-02 00:00:00+05:00,29.820833333333336,13.570833333333333,81.125,997.0791666666668,682.7083333333334,26.179166666666664,0.05000000000000001,82.125,240.83333333333334,32.145833333333336,235.625,68.82083333333334,23.075,250.08333333333334,11.520833333333334,11.950000000000001,53.458333333333336,79.79166666666667,0.9270833333333334,76.08333333333333,2.0,7.0,2.0,3.0,76.125,76.66666666666667,-0.041666666666666664,76.22916666666667,76.35069444444444,72.81539351851852,0.2919584601613549,0.9211369404512371,5.703203773548147,76.11532123828337,1.9608619994046854,30.412499999999998,9.987499999999999,78.41666666666667,997.775,590.2083333333334,26.145833333333332,0.008333333333333333,99.95833333333333,25.995833333333334,198.16666666666666,9379.041666666666,-0.06666666666666761,3.641666666666667,85.79166666666667
2025-07-03 00:00:00+05:00,29.962500000000002,10.450000000000001,80.375,997.0708333333333,614.7916666666666,26.133333333333336,0.016666666666666666,99.75,248.33333333333334,26.020833333333332,162.58333333333334,84.2375,27.691666666666666,322.25,16.370833333333334,16.462500000000002,48.791666666666664,101.625,0.9029166666666666,81.16666666666667,3.0,7.0,3.0,3.0,80.79166666666667,76.08333333333333,0.375,79.85416666666667,77.53819444444444,76.25289351851852,0.764101900146119,1.7716384948741908,2.860991971625769,78.08584593640562,2.1003209373225515,30.958333333333332,11.7875,75.625,997.1999999999999,722.2916666666666,26.0125,0.020833333333333332,79.58333333333333,29.770833333333332,253.20833333333334,6594.4375,0.0833333333333286,3.829166666666667,92.95833333333333
2025-07-04 00:00:00+05:00,30.412499999999998,9.987499999999999,78.41666666666667,997.775,590.2083333333334,26.145833333333332,0.008333333333333333,99.95833333333333,252.20833333333334,25.995833333333334,198.16666666666666,84.57916666666667,29.058333333333334,286.5416666666667,16.554166666666667,15.9,50.625,96.91666666666667,0.6895833333333333,85.79166666666667,4.0,7.0,4.0,3.0,85.66666666666667,81.16666666666667,0.125,85.40277777777777,84.02777777777779,79.30555555555556,0.3637091698030643,1.5611980407168031,3.8348453818464727,83.79445528608382,2.812458297245584,30.587500000000002,14.2125,76.25,996.1999999999999,742.0833333333334,25.8625,0.03333333333333333,64.29166666666667,35.15,217.33333333333334,6067.791666666667,0.012500000000002842,4.266666666666667,90.0
2025-07-05 00:00:00+05:00,30.958333333333332,11.7875,75.625,997.1999999999999,722.2916666666666,26.0125,0.020833333333333332,79.58333333333333,239.25,29.770833333333332,253.20833333333334,93.98333333333333,33.27916666666667,242.29166666666666,11.195833333333333,12.741666666666667,68.16666666666667,108.20833333333333,0.7391666666666666,92.95833333333333,5.0,7.0,5.0,3.0,92.625,85.79166666666667,0.3333333333333333,91.74305555555556,88.56944444444444,83.37847222222221,0.7336566166739281,2.385682735693918,5.042199074674218,88.992826819781,3.245525392847585,30.429166666666664,8.945833333333333,76.375,996.3041666666667,590.625,25.691666666666666,0.0,86.54166666666667,24.47083333333333,208.875,8805.020833333334,-0.125,4.945833333333333,92.125
2025-07-06 00:00:00+05:00,30.587500000000002,14.2125,76.25,996.1999999999999,742.0833333333334,25.8625,0.03333333333333333,64.29166666666667,238.70833333333334,35.15,217.33333333333334,77.71249999999999,27.9875,228.54166666666666,11.658333333333333,12.558333333333332,69.58333333333333,86.125,0.74125,90.0,6.0,7.0,6.0,3.0,90.45833333333333,92.95833333333333,-0.4583333333333333,91.60416666666667,93.60243055555556,88.7332175925926,0.9039024841980762,2.750986162934366,4.8244584358307625,92.4618859740316,3.5647227665599766,30.724999999999998,9.2125,74.45833333333333,997.6833333333334,598.5416666666666,25.508333333333336,0.008333333333333333,48.291666666666664,25.233333333333334,257.4166666666667,10842.6875,-0.11249999999999716,4.7250000000000005,96.04166666666667
2025-07-07 00:00:00+05:00,30.429166666666664,8.945833333333333,76.375,996.3041666666667,590.625,25.691666666666666,0.0,86.54166666666667,216.75,24.47083333333333,208.875,92.66666666666667,33.829166666666666,313.7916666666667,19.412499999999998,19.599999999999998,60.5,105.41666666666667,0.6129166666666667,92.125,7.0,7.0,0.0,3.0,91.625,90.0,0.5,90.375,88.71875,90.296875,0.98852561453974,3.220188159217558,4.047077830410067,89.59921378055559,3.5535042257225733,30.504166666666666,11.025,77.58333333333333,997.9,622.2916666666666,26.054166666666664,0.025000000000000005,34.708333333333336,29.445833333333336,254.33333333333334,5590.729166666667,0.22499999999999906,4.7375,97.91666666666667
2025-07-08 00:00:00+05:00,30.724999999999998,9.2125,74.45833333333333,997.6833333333334,598.5416666666666,25.508333333333336,0.008333333333333333,48.291666666666664,198.79166666666666,25.233333333333334,257.4166666666667,100.04583333333333,34.800000000000004,312.8333333333333,16.554166666666667,17.958333333333332,70.5,116.83333333333333,0.6716666666666667,96.04166666666667,8.0,7.0,1.0,3.0,96.0,92.125,0.041666666666666664,96.02777777777777,95.13368055555556,92.4849537037037,0.4405224360476389,1.8659268662434094,4.1327072739657735,94.83322806173067,2.9612111315229677,30.245833333333334,10.445833333333333,76.875,998.7291666666666,614.1666666666666,25.6875,0.020833333333333332,76.29166666666667,28.520833333333332,215.0,5983.8125,0.16249999999999906,5.216666666666666,93.33333333333333
2025-07-09 00:00:00+05:00,30.504166666666666,11.025,77.58333333333333,997.9,622.2916666666666,26.054166666666664,0.025000000000000005,34.708333333333336,210.54166666666666,29.445833333333336,254.33333333333334,91.84583333333335,32.604166666666664,265.25,15.475,15.379166666666665,58.5,105.20833333333333,1.1754166666666668,97.91666666666667,9.0,7.0,2.0,3.0,98.04166666666667,96.04166666666667,-0.125,98.13194444444444,97.24479166666667,93.69907407407408,0.49341442720752965,1.4209644760680844,4.435698106119708,97.23870769717423,1.9373917272258663,30.412499999999998,11.070833333333333,75.79166666666667,1000.125,662.7083333333334,25.537499999999998,0.008333333333333333,97.66666666666667,28.962500000000002,240.58333333333334,7058.791666666667,-0.07083333333333523,4.45,92.58333333333333
2025-07-10 00:00:00+05:00,30.245833333333334,10.445833333333333,76.875,998.7291666666666,614.1666666666666,25.6875,0.020833333333333332,76.29166666666667,213.20833333333334,28.520833333333332,215.0,99.40416666666665,32.37916666666667,270.4166666666667,16.195833333333333,14.887500000000001,53.833333333333336,119.45833333333333,1.2983333333333333,93.33333333333333,10.0,7.0,3.0,3.0,93.375,97.91666666666667,-0.041666666666666664,93.64583333333333,95.53993055555556,95.97280092592592,0.48016530548772957,1.5854223366453837,2.256240029002711,95.09199692670279,1.8911642546874556,30.183333333333334,12.941666666666668,74.33333333333333,1001.3708333333334,730.2083333333334,24.9875,0.004166666666666667,51.958333333333336,33.32083333333333,195.83333333333334,6597.395833333333,0.16249999999999906,4.558333333333334,82.625
2025-07-11 00:00:00+05:00,30.412499999999998,11.070833333333333,75.79166666666667,1000.125,662.7083333333334,25.537499999999998,0.008333333333333333,97.66666666666667,235.58333333333334,28.962500000000002,240.58333333333334,76.96666666666667,27.9875,259.0416666666667,15.391666666666666,15.208333333333334,52.5,84.875,1.1541666666666666,92.58333333333333,11.0,7.0,4.0,3.0,92.875,93.33333333333333,-0.2916666666666667,93.28472222222223,93.32465277777777,95.36979166666667,0.4432207137383646,0.863713280982689,2.2822308816449914,93.55324350296915,1.280479728407564,29.9375,15.2125,74.95833333333333,1000.8708333333334,741.875,24.95,0.025000000000000005,61.375,37.69166666666667,176.58333333333334,7652.770833333333,0.16250000000000378,4.875,79.16666666666667
2025-07-12 00:00:00+05:00,30.183333333333334,12.941666666666668,74.33333333333333,1001.3708333333334,730.2083333333334,24.9875,0.004166666666666667,51.958333333333336,245.58333333333334,33.32083333333333,195.83333333333334,73.87083333333334,25.47083333333333,233.08333333333334,12.762500000000001,12.85,55.458333333333336,85.16666666666667,1.3254166666666667,82.625,12.0,7.0,5.0,3.0,82.875,92.58333333333333,-0.25,83.71527777777779,87.6545138888889,92.1730324074074,0.7693806777289628,3.352867530995388,4.1576717351669465,87.03182109399889,4.047313969027105,29.879166666666666,15.629166666666668,77.70833333333333,998.85,722.9166666666666,25.491666666666664,0.02916666666666667,60.875,38.87083333333333,187.625,9621.895833333334,0.11250000000000189,5.195833333333333,80.125
2025-07-13 00:00:00+05:00,29.9375,15.2125,74.95833333333333,1000.8708333333334,741.875,24.95,0.025000000000000005,61.375,251.41666666666666,37.69166666666667,176.58333333333334,79.7625,24.620833333333334,223.625,9.770833333333334,11.295833333333334,60.5,97.20833333333333,1.1312499999999999,79.16666666666667,13.0,7.0,6.0,3.0,79.25,82.625,-0.08333333333333333,79.49305555555556,80.82986111111111,87.26967592592592,0.4702313920181913,1.1855923639149186,5.7089923817211785,81.1762907843777,2.99923090432482,29.900000000000002,12.666666666666666,74.16666666666667,998.7166666666667,741.0416666666666,24.691666666666666,0.0,89.0,31.9375,210.16666666666666,11403.25,-0.24583333333333238,4.9875,83.91666666666667
2025-07-14 00:00:00+05:00,29.879166666666666,15.629166666666668,77.70833333333333,998.85,722.9166666666666,25.491666666666664,0.02916666666666667,60.875,251.95833333333334,38.87083333333333,187.625,85.36666666666667,25.212500000000002,220.0,9.0375,11.220833333333333,64.66666666666667,110.16666666666667,0.9829166666666667,80.125,14.0,7.0,0.0,3.0,80.04166666666667,79.16666666666667,0.08333333333333333,79.82638888888889,79.28993055555556,82.59143518518518,0.38968589353773364,0.7708204924771175,4.274667394596519,79.70280726604751,1.506223100027631,29.866666666666664,11.729166666666666,73.0,999.1916666666666,752.0833333333334,24.375,0.004166666666666667,70.79166666666667,29.90416666666667,208.58333333333334,11529.791666666666,-0.08750000000000095,4.3875,88.0
2025-07-15 00:00:00+05:00,29.900000000000002,12.666666666666666,74.16666666666667,998.7166666666667,741.0416666666666,24.691666666666666,0.0,89.0,247.66666666666666,31.9375,210.16666666666666,82.0625,29.287499999999998,234.16666666666666,11.591666666666667,13.304166666666667,59.916666666666664,92.33333333333333,1.0225000000000002,83.91666666666667,15.0,7.0,1.0,3.0,83.625,80.125,0.2916666666666667,83.04166666666667,81.42361111111111,80.5144675925926,0.5219554602629264,1.3086987243204093,1.6852703362546826,81.73094364754182,1.6125413357118834,29.704166666666666,12.025,76.0,1000.2875,668.9583333333334,24.974999999999998,0.04583333333333334,75.04166666666667,31.21666666666667,223.45833333333334,9482.4375,-4.736951571734001e-15,5.208333333333334,87.5
2025-07-16 00:00:00+05:00,29.866666666666664,11.729166666666666,73.0,999.1916666666666,752.0833333333334,24.375,0.004166666666666667,70.79166666666667,236.54166666666666,29.90416666666667,208.58333333333334,74.47083333333333,27.858333333333334,242.875,11.620833333333332,12.483333333333334,56.375,78.75,0.995,88.0,16.0,7.0,2.0,3.0,88.125,83.91666666666667,-0.125,88.29166666666667,87.0486111111111,82.58738425925925,0.870150084135668,2.2364838356829613,3.676290929530517,86.90272481900108,2.961999112204054,30.391666666666666,10.879166666666668,69.25,1000.9250000000001,745.8333333333334,23.991666666666664,0.0,93.83333333333333,29.445833333333336,262.4166666666667,9268.5,0.0625,5.491666666666667,83.0
2025-07-17 00:00:00+05:00,29.704166666666666,12.025,76.0,1000.2875,668.9583333333334,24.974999999999998,0.04583333333333334,75.04166666666667,225.41666666666666,31.21666666666667,223.45833333333334,76.37916666666666,28.15833333333333,254.875,11.320833333333333,13.8375,54.916666666666664,84.66666666666667,1.0433333333333332,87.5,17.0,7.0,3.0,3.0,87.41666666666667,88.0,0.08333333333333333,87.08333333333333,87.02604166666667,85.16608796296296,0.44067864865402284,1.6027021342204033,3.3115247674875756,86.93657861651228,1.7351005140068996,30.21666666666667,15.424999999999999,73.375,997.75,747.7083333333334,24.816666666666666,0.020833333333333332,88.0,38.770833333333336,227.58333333333334,8252.333333333334,0.125,4.729166666666667,80.75
2025-07-18 00:00:00+05:00,30.391666666666666,10.879166666666668,69.25,1000.9250000000001,745.8333333333334,23.991666666666664,0.0,93.83333333333333,241.125,29.445833333333336,262.4166666666667,68.875,26.008333333333336,248.54166666666666,10.5625,14.491666666666667,56.125,74.58333333333333,0.71875,83.0,18.0,7.0,4.0,3.0,83.20833333333333,87.5,-0.20833333333333334,83.78472222222221,85.77256944444444,86.61574074074075,0.6648560777463194,1.971865683142654,2.4010925064665196,85.25240464384707,2.103231052875132,29.745833333333334,13.229166666666666,76.04166666666667,996.4375,725.4166666666666,24.974999999999998,0.0,97.41666666666667,33.395833333333336,128.04166666666666,8328.375,-0.07499999999999336,6.400000000000001,80.66666666666667
2025-07-19 00:00:00+05:00,30.21666666666667,15.424999999999999,73.375,997.75,747.7083333333334,24.816666666666666,0.020833333333333332,88.0,259.3333333333333,38.770833333333336,227.58333333333334,66.14583333333333,25.041666666666668,206.91666666666666,8.566666666666666,12.645833333333334,56.833333333333336,72.375,0.8595833333333333,80.75,19.0,7.0,5.0,3.0,80.83333333333333,83.0,-0.08333333333333333,81.11111111111111,81.85763888888889,84.88541666666667,0.4621952227995667,0.8537892159896406,2.7831323082806954,82.04087732537745,1.7020892869887492,30.0125,11.6,76.41666666666667,998.1999999999999,704.375,25.27916666666667,0.075,84.70833333333333,29.016666666666666,219.16666666666666,11624.041666666666,-0.420833333333339,5.3999999999999995,82.375
2025-07-20 00:00:00+05:00,29.745833333333334,13.229166666666666,76.04166666666667,996.4375,725.4166666666666,24.974999999999998,0.0,97.41666666666667,253.0,33.395833333333336,128.04166666666666,65.22500000000001,25.316666666666666,250.625,10.904166666666667,13.908333333333333,50.916666666666664,69.08333333333333,0.7720833333333333,80.66666666666667,20.0,7.0,6.0,3.0,80.625,80.75,0.041666666666666664,80.52083333333333,80.55381944444444,82.72800925925925,0.2996268372037109,0.5325425346152708,2.613522113266074,80.74679950471204,0.9648780541327477,30.191666666666666,13.545833333333334,74.66666666666667,999.1125000000001,781.4583333333334,25.116666666666664,0.016666666666666666,82.70833333333333,33.25,240.29166666666666,9631.645833333334,0.0,4.770833333333334,87.66666666666667
2025-07-21 00:00:00+05:00,30.0125,11.6,76.41666666666667,998.1999999999999,704.375,25.27916666666667,0.075,84.70833333333333,241.58333333333334,29.016666666666666,219.16666666666666,67.70833333333333,28.558333333333334,264.4166666666667,13.316666666666668,14.475,54.333333333333336,68.125,0.7845833333333333,82.375,21.0,7.0,0.0,3.0,82.16666666666667,80.66666666666667,0.20833333333333334,81.73611111111111,81.05902777777779,81.15682870370371,0.38222844744378753,0.6378194529208803,0.9708241486133958,81.22016438892366,0.7752299484547956,29.429166666666664,18.445833333333333,77.625,996.4166666666666,764.1666666666666,25.066666666666666,0.075,83.0,43.77916666666667,141.70833333333334,8329.583333333334,0.3083333333333324,4.733333333333333,81.375
2025-07-22 00:00:00+05:00,30.191666666666666,13.545833333333334,74.66666666666667,999.1125000000001,781.4583333333334,25.116666666666664,0.016666666666666666,82.70833333333333,236.625,33.25,240.29166666666666,66.30416666666666,27.454166666666666,232.04166666666666,10.641666666666667,11.883333333333333,56.5,68.08333333333333,0.66625,87.66666666666667,22.0,7.0,1.0,3.0,87.70833333333333,82.375,-0.041666666666666664,87.6111111111111,85.5295138888889,82.38078703703704,0.6225328618179616,2.1207680485573865,2.671185725135523,85.74839577149409,2.6427754024004586,29.675,14.424999999999999,76.75,995.1833333333334,721.0416666666666,25.070833333333336,0.075,51.791666666666664,35.3375,220.54166666666666,10877.25,-0.11249999999999716,5.075,78.41666666666667
2025-07-23 00:00:00+05:00,29.429166666666664,18.445833333333333,77.625,996.4166666666666,764.1666666666666,25.066666666666666,0.075,83.0,242.5,43.77916666666667,141.70833333333334,60.1625,23.741666666666664,221.70833333333334,8.137500000000001,8.920833333333333,57.708333333333336,63.833333333333336,0.8675,81.375,23.0,7.0,2.0,3.0,81.66666666666667,87.66666666666667,-0.2916666666666667,82.41666666666667,84.97048611111111,83.85300925925925,0.6162020353516807,2.0599411586232725,3.086040556972821,84.17150019154464,2.4126286145448685,29.72083333333333,12.9375,76.83333333333333,995.7875,688.125,25.116666666666664,0.025000000000000005,36.583333333333336,32.729166666666664,216.58333333333334,14162.729166666666,-0.3500000000000038,4.362500000000001,81.33333333333333
2025-07-24 00:00:00+05:00,29.675,14.424999999999999,76.75,995.1833333333334,721.0416666666666,25.070833333333336,0.075,51.791666666666664,234.29166666666666,35.3375,220.54166666666666,63.44583333333333,25.8875,246.29166666666666,9.0875,10.7125,60.666666666666664,66.25,0.8341666666666666,78.41666666666667,24.0,7.0,3.0,3.0,78.25,81.375,0.16666666666666666,78.04861111111111,79.08333333333333,83.19444444444444,0.521567359208532,1.5349638157887442,3.854609928422539,79.32931452253798,2.546722325520265,29.712500000000002,15.154166666666667,75.58333333333333,996.6125000000001,751.4583333333334,24.866666666666664,0.041666666666666664,61.25,37.85,209.375,10487.1875,0.008333333333335228,4.604166666666667,80.125
2025-07-25 00:00:00+05:00,29.72083333333333,12.9375,76.83333333333333,995.7875,688.125,25.116666666666664,0.025000000000000005,36.583333333333336,238.58333333333334,32.729166666666664,216.58333333333334,65.19166666666666,24.270833333333332,249.625,10.270833333333334,11.829166666666666,60.375,70.41666666666667,0.8358333333333333,81.33333333333333,25.0,7.0,4.0,3.0,81.45833333333333,78.41666666666667,-0.125,81.625,80.55555555555556,81.53645833333333,0.540948566000582,1.7057431309520856,3.289255904215894,80.84885026364793,1.9528678395689687,29.40416666666667,15.395833333333334,75.41666666666667,997.0,767.0833333333334,24.55,0.025000000000000005,90.79166666666667,38.12083333333333,185.375,9210.5625,0.12083333333333239,4.604166666666667,84.45833333333333
2025-07-26 00:00:00+05:00,29.712500000000002,15.154166666666667,75.58333333333333,996.6125000000001,751.4583333333334,24.866666666666664,0.041666666666666664,61.25,250.08333333333334,37.85,209.375,72.40416666666667,26.391666666666666,233.20833333333334,9.4625,11.404166666666667,64.0,80.5,0.8825,80.125,26.0,7.0,5.0,3.0,80.0,81.33333333333333,0.125,79.75,80.08506944444444,79.90798611111111,0.2691366869329013,1.1290991250874811,1.8856065818332912,79.99991334602198,1.29065939103673,29.3625,17.333333333333332,75.0,997.5291666666667,866.6666666666666,24.379166666666666,0.008333333333333333,99.29166666666667,41.7875,183.95833333333334,11709.8125,0.06250000000000473,4.845833333333333,78.25
2025-07-27 00:00:00+05:00,29.40416666666667,15.395833333333334,75.41666666666667,997.0,767.0833333333334,24.55,0.025000000000000005,90.79166666666667,253.75,38.12083333333333,185.375,67.94583333333334,26.162499999999998,222.95833333333334,9.295833333333333,11.329166666666666,63.25,69.75,0.9308333333333333,84.45833333333333,27.0,7.0,6.0,3.0,84.41666666666667,80.125,0.041666666666666664,84.27083333333333,82.67708333333333,81.10590277777779,0.6661950075382405,1.8496069537019342,2.1633220914559295,82.94665158356018,2.100886342376674,29.25,19.758333333333333,76.33333333333333,997.6625,887.5,24.579166666666666,0.012500000000000002,98.16666666666667,46.975,196.0,12084.3125,0.07916666666666099,4.854166666666667,73.20833333333333
2025-07-28 00:00:00+05:00,29.3625,17.333333333333332,75.0,997.5291666666667,866.6666666666666,24.379166666666666,0.008333333333333333,99.29166666666667,250.91666666666666,41.7875,183.95833333333334,68.54583333333333,22.391666666666666,218.33333333333334,7.966666666666666,9.741666666666667,61.0,80.29166666666667,0.9329166666666667,78.25,28.0,7.0,0.0,3.0,78.54166666666667,84.45833333333333,-0.2916666666666667,79.25,81.78472222222221,81.515625,0.5968688728384692,2.079930593469018,2.4787747425620417,81.03417852719998,2.3371573494536415,28.9375,17.291666666666668,79.25,996.5791666666668,797.5,24.879166666666666,0.0625,85.875,41.204166666666666,179.875,15299.416666666666,0.04583333333333428,4.983333333333333,74.20833333333333
2025-07-29 00:00:00+05:00,29.25,19.758333333333333,76.33333333333333,997.6625,887.5,24.579166666666666,0.012500000000000002,98.16666666666667,250.29166666666666,46.975,196.0,53.97083333333333,20.337500000000002,202.20833333333334,7.175,8.362499999999999,59.375,55.458333333333336,0.8183333333333334,73.20833333333333,29.0,7.0,1.0,3.0,73.41666666666667,78.25,-0.20833333333333334,73.88194444444444,75.65625,80.03935185185185,0.4078628456813865,1.5061834444479265,3.8890328030794166,75.72502929813203,2.631578723723582,28.808333333333334,12.125,80.08333333333333,997.9375,625.0,24.929166666666664,0.05000000000000001,70.0,30.704166666666666,237.25,17908.604166666668,-0.04166666666666193,4.670833333333333,82.41666666666667
2025-07-30 00:00:00+05:00,28.9375,17.291666666666668,79.25,996.5791666666668,797.5,24.879166666666666,0.0625,85.875,238.125,41.204166666666666,179.875,65.79166666666667,24.4875,222.75,8.391666666666667,9.8375,59.166666666666664,70.66666666666667,0.8229166666666666,74.20833333333333,30.0,7.0,2.0,3.0,73.875,73.20833333333333,0.3333333333333333,73.21527777777779,72.67881944444444,76.70659722222221,0.6658291920260965,1.2474391643371783,4.2118948853394045,73.21416438384074,2.006715569933022,28.429166666666664,14.179166666666667,79.91666666666667,1000.1166666666667,698.5416666666666,24.508333333333336,0.08750000000000001,58.541666666666664,34.75,237.33333333333334,14067.25,-0.037499999999999055,4.058333333333334,79.79166666666667
2025-07-31 00:00:00+05:00,28.808333333333334,12.125,80.08333333333333,997.9375,625.0,24.929166666666664,0.05000000000000001,70.0,217.04166666666666,30.704166666666666,237.25,74.75416666666666,26.920833333333334,252.25,11.120833333333332,12.0625,56.25,81.625,1.01625,82.41666666666667,31.0,7.0,3.0,3.0,82.20833333333333,74.20833333333333,0.20833333333333334,81.59027777777779,78.38715277777779,75.57407407407408,0.5526109532738016,2.603399241220196,3.3742561623209433,78.85185775769733,3.3121167038972454,28.087500000000002,15.783333333333333,81.25,1000.8541666666666,689.1666666666666,24.525000000000002,0.08750000000000001,71.04166666666667,37.800000000000004,138.95833333333334,7861.229166666667,0.22916666666666666,3.879166666666667,76.25
2025-08-01 00:00:00+05:00,28.429166666666664,14.179166666666667,79.91666666666667,1000.1166666666667,698.5416666666666,24.508333333333336,0.08750000000000001,58.541666666666664,235.08333333333334,34.75,237.33333333333334,59.18333333333334,23.212500000000002,244.04166666666666,11.012500000000001,11.120833333333332,52.958333333333336,58.75,0.9474999999999999,79.79166666666667,1.0,8.0,4.0,3.0,80.125,82.41666666666667,-0.3333333333333333,80.91666666666667,82.41319444444444,77.82638888888889,0.643776200848092,1.7126907469205779,4.704490217743805,81.51243193606224,2.643729507255524,28.3125,14.25,80.20833333333333,1001.6791666666667,685.8333333333334,24.483333333333334,0.05416666666666667,52.208333333333336,34.395833333333336,166.75,10366.416666666666,0.23333333333333428,3.920833333333334,72.91666666666667
2025-08-02 00:00:00+05:00,28.087500000000002,15.783333333333333,81.25,1000.8541666666666,689.1666666666666,24.525000000000002,0.08750000000000001,71.04166666666667,243.75,37.800000000000004,138.95833333333334,62.00416666666667,21.645833333333332,230.83333333333334,11.820833333333333,10.674999999999999,50.666666666666664,68.91666666666667,0.9520833333333334,76.25,2.0,8.0,5.0,3.0,76.33333333333333,79.79166666666667,-0.08333333333333333,76.47916666666667,77.53993055555556,79.44675925925925,0.32956523731120896,1.3166957410048812,3.3602474447187123,77.6395073214042,2.1651741527181074,28.34166666666667,15.0375,79.5,1003.0916666666667,737.7083333333334,24.329166666666666,0.0625,54.833333333333336,36.43333333333333,229.16666666666666,11053.625,0.02499999999999621,3.5625,69.04166666666667
2025-08-03 00:00:00+05:00,28.3125,14.25,80.20833333333333,1001.6791666666667,685.8333333333334,24.483333333333334,0.05416666666666667,52.208333333333336,241.08333333333334,34.395833333333336,166.75,60.43333333333334,20.679166666666667,233.45833333333334,9.700000000000001,10.933333333333332,57.5,70.41666666666667,0.7933333333333333,72.91666666666667,3.0,8.0,6.0,3.0,73.0,76.25,-0.08333333333333333,73.1875,74.38888888888889,78.11400462962963,0.5119086915012783,1.3265270458252136,3.69875771196889,74.35456988907099,1.938846564189891,28.041666666666668,16.879166666666666,80.0,1002.4958333333334,788.125,24.183333333333334,0.08333333333333333,99.79166666666667,39.637499999999996,180.375,9941.541666666666,0.1958333333333305,3.8291666666666657,67.75
2025-08-04 00:00:00+05:00,28.34166666666667,15.0375,79.5,1003.0916666666667,737.7083333333334,24.329166666666666,0.0625,54.833333333333336,246.91666666666666,36.43333333333333,229.16666666666666,49.76666666666667,18.120833333333334,218.04166666666666,10.079166666666667,10.35,55.333333333333336,52.416666666666664,0.6733333333333333,69.04166666666667,4.0,8.0,0.0,3.0,69.25,72.91666666666667,-0.20833333333333334,69.83333333333333,71.51909722222221,74.48263888888889,0.5988438807042605,1.4853189397923672,2.8872400572193464,71.35488765098326,1.9594721989834338,28.0,16.066666666666666,79.625,1002.9458333333333,728.3333333333334,24.045833333333334,0.07916666666666668,54.75,38.24166666666667,215.16666666666666,11457.291666666666,0.037499999999999055,4.0125,70.875
2025-08-05 00:00:00+05:00,28.041666666666668,16.879166666666666,80.0,1002.4958333333334,788.125,24.183333333333334,0.08333333333333333,99.79166666666667,245.58333333333334,39.637499999999996,180.375,47.26666666666667,19.229166666666668,223.375,9.683333333333334,9.233333333333333,53.041666666666664,48.041666666666664,0.7220833333333334,67.75,5.0,8.0,1.0,3.0,67.66666666666667,69.04166666666667,0.08333333333333333,67.59027777777779,67.84027777777779,71.24942129629629,0.201056423885017,0.8109198517562781,3.0085981537379047,68.17502916352032,1.651962760826503,28.066666666666666,15.020833333333334,80.375,1003.2875,697.9166666666666,24.295833333333334,0.09166666666666667,49.041666666666664,36.300000000000004,212.45833333333334,13460.9375,-0.04999999999999716,3.858333333333334,73.58333333333333
2025-08-06 00:00:00+05:00,28.0,16.066666666666666,79.625,1002.9458333333333,728.3333333333334,24.045833333333334,0.07916666666666668,54.75,241.45833333333334,38.24166666666667,215.16666666666666,50.0625,20.9375,246.95833333333334,9.4,9.970833333333333,53.5,46.291666666666664,0.6625,70.875,6.0,8.0,2.0,3.0,70.75,67.75,0.125,70.375,69.19097222222221,69.5167824074074,0.3511589739521419,1.009324146522672,2.105506060899444,69.47875713282087,1.2696893463029333,28.270833333333332,16.366666666666667,76.75,1003.7083333333334,795.625,23.691666666666666,0.0375,52.333333333333336,39.4375,229.375,11879.020833333334,0.08333333333333807,3.954166666666667,71.70833333333333
2025-08-07 00:00:00+05:00,28.066666666666666,15.020833333333334,80.375,1003.2875,697.9166666666666,24.295833333333334,0.09166666666666667,49.041666666666664,250.25,36.300000000000004,212.45833333333334,50.68333333333334,21.566666666666666,251.0,10.825000000000001,11.083333333333334,52.708333333333336,48.125,0.6016666666666667,73.58333333333333,7.0,8.0,3.0,3.0,73.5,70.875,0.08333333333333333,73.28472222222221,72.31944444444444,69.78356481481482,0.4088444180025846,0.9571738399289546,2.1814557760131383,72.29203745778464,1.4833182057926988,28.208333333333332,15.9375,78.33333333333333,1005.1625,733.75,24.0,0.07916666666666668,83.0,38.11666666666667,201.5,10744.083333333334,-0.004166666666667614,3.7708333333333326,65.91666666666667
2025-08-08 00:00:00+05:00,28.270833333333332,16.366666666666667,76.75,1003.7083333333334,795.625,23.691666666666666,0.0375,52.333333333333336,252.66666666666666,39.4375,229.375,42.59166666666667,18.650000000000002,223.04166666666666,8.7125,9.754166666666666,53.666666666666664,39.416666666666664,0.5720833333333334,71.70833333333333,8.0,8.0,4.0,3.0,71.91666666666667,73.58333333333333,-0.20833333333333334,72.36111111111111,73.10763888888889,71.53935185185185,0.37034989540088575,0.802131162283742,2.019255430434624,72.75414885094354,1.0744409647478437,28.0125,15.395833333333334,79.04166666666667,1004.3041666666667,739.1666666666666,23.929166666666664,0.07083333333333333,67.25,37.016666666666666,193.41666666666666,13343.958333333334,0.22499999999999906,4.579166666666667,67.29166666666667
2025-08-09 00:00:00+05:00,28.208333333333332,15.9375,78.33333333333333,1005.1625,733.75,24.0,0.07916666666666668,83.0,253.75,38.11666666666667,201.5,39.275,17.291666666666668,212.125,8.820833333333333,10.091666666666667,50.25,35.458333333333336,0.59375,65.91666666666667,9.0,8.0,5.0,3.0,66.04166666666667,71.70833333333333,-0.125,66.53472222222221,68.80555555555556,71.41087962962963,0.44825264421592154,1.873722664590914,2.4429352638203796,68.52053413158553,2.403403931827619,27.695833333333336,17.183333333333334,80.0,1003.5541666666667,726.6666666666666,23.895833333333332,0.06666666666666667,77.5,40.645833333333336,158.04166666666666,11800.875,-0.016666666666670455,4.208333333333334,70.0
2025-08-10 00:00:00+05:00,28.0125,15.395833333333334,79.04166666666667,1004.3041666666667,739.1666666666666,23.929166666666664,0.07083333333333333,67.25,251.58333333333334,37.016666666666666,193.41666666666666,43.3125,19.412499999999998,214.25,8.879166666666666,10.341666666666667,50.208333333333336,39.875,0.6095833333333333,67.29166666666667,10.0,8.0,6.0,3.0,67.16666666666667,65.91666666666667,0.125,66.75,66.00694444444444,69.30671296296296,0.3918340725632641,0.8151861882099549,3.3261887334713354,66.55978264919999,1.5911217539554052,28.008333333333336,18.175,77.04166666666667,1001.4583333333334,834.5833333333334,23.583333333333332,0.075,89.20833333333333,42.770833333333336,178.08333333333334,11573.479166666666,-0.12916666666666288,4.083333333333334,68.45833333333333
2025-08-11 00:00:00+05:00,27.695833333333336,17.183333333333334,80.0,1003.5541666666667,726.6666666666666,23.895833333333332,0.06666666666666667,77.5,251.16666666666666,40.645833333333336,158.04166666666666,46.84166666666667,19.3875,223.33333333333334,8.9125,9.237499999999999,45.708333333333336,45.5,0.5895833333333333,70.0,11.0,8.0,0.0,3.0,69.95833333333333,67.29166666666667,0.041666666666666664,69.85416666666667,68.93402777777779,67.91550925925925,0.30399975765639686,0.9745276573381378,2.206723923297895,68.9818574552764,1.4194125043790375,28.087500000000002,13.033333333333333,80.58333333333333,999.4625,632.7083333333334,24.40416666666667,0.05000000000000001,98.83333333333333,31.883333333333336,175.375,12621.979166666666,-0.1374999999999981,3.8000000000000003,71.95833333333333
2025-08-12 00:00:00+05:00,28.008333333333336,18.175,77.04166666666667,1001.4583333333334,834.5833333333334,23.583333333333332,0.075,89.20833333333333,249.75,42.770833333333336,178.08333333333334,39.62083333333333,18.741666666666667,223.95833333333334,8.512500000000001,8.941666666666666,46.375,32.5,0.6120833333333333,68.45833333333333,12.0,8.0,1.0,3.0,68.54166666666667,70.0,-0.08333333333333333,68.85416666666667,69.50520833333333,68.14872685185185,0.44779527552763804,0.6262513477356594,1.8448809232390506,69.2247868965896,0.9199446409823789,28.491666666666664,7.2625,82.0,1000.2583333333333,408.75,25.016666666666666,0.004166666666666667,95.83333333333333,19.795833333333334,205.70833333333334,15411.104166666666,-0.2750000000000057,4.425,73.83333333333333
2025-08-13 00:00:00+05:00,28.087500000000002,13.033333333333333,80.58333333333333,999.4625,632.7083333333334,24.40416666666667,0.05000000000000001,98.83333333333333,230.83333333333334,31.883333333333336,175.375,46.5875,21.433333333333334,265.4166666666667,11.166666666666666,11.808333333333332,47.791666666666664,39.583333333333336,0.82,71.95833333333333,13.0,8.0,2.0,3.0,71.70833333333333,68.45833333333333,0.25,70.95833333333333,69.31423611111111,69.2511574074074,0.6976093970794449,1.6451045750047417,1.3949886265773686,69.80428870288962,1.6791134566610006,29.354166666666668,6.1375,77.25,1000.5749999999999,354.5833333333333,24.745833333333334,0.012500000000000002,79.70833333333333,18.620833333333334,225.29166666666666,8330.75,-0.1458333333333286,3.683333333333334,78.70833333333333
2025-08-14 00:00:00+05:00,28.491666666666664,7.2625,82.0,1000.2583333333333,408.75,25.016666666666666,0.004166666666666667,95.83333333333333,177.25,19.795833333333334,205.70833333333334,50.8375,21.78333333333333,396.2083333333333,17.958333333333332,16.391666666666666,41.166666666666664,48.416666666666664,0.6620833333333334,73.83333333333333,14.0,8.0,3.0,3.0,73.83333333333333,71.95833333333333,0.0,73.85416666666667,73.32638888888889,70.71527777777779,0.4466343613173484,1.1436128844764055,2.338338755816074,73.0974186388805,1.768894270639688,29.495833333333334,7.4750000000000005,77.95833333333333,999.2791666666667,398.5416666666667,25.045833333333334,0.0,73.25,21.420833333333334,220.875,3451.3541666666665,0.1458333333333286,3.4749999999999996,85.58333333333333
2025-08-15 00:00:00+05:00,29.354166666666668,6.1375,77.25,1000.5749999999999,354.5833333333333,24.745833333333334,0.012500000000000002,79.70833333333333,178.75,18.620833333333334,225.29166666666666,69.17083333333333,27.40416666666667,471.875,20.954166666666666,20.900000000000002,53.25,73.25,0.5141666666666667,78.70833333333333,15.0,8.0,4.0,3.0,78.29166666666667,73.83333333333333,0.4166666666666667,77.29166666666667,75.203125,72.61458333333333,0.7853362954558004,1.604411474593042,2.9916162891471525,75.56862305488279,2.060883037413549,30.037499999999998,8.6,75.875,998.6583333333333,403.75,25.166666666666668,0.0,75.375,23.912499999999998,227.91666666666666,2506.125,-0.0874999999999962,4.608333333333333,80.875
2025-08-16 00:00:00+05:00,29.495833333333334,7.4750000000000005,77.95833333333333,999.2791666666667,398.5416666666667,25.045833333333334,0.0,73.25,254.66666666666666,21.420833333333334,220.875,64.25833333333334,27.879166666666666,323.1666666666667,21.208333333333332,21.791666666666668,61.458333333333336,65.29166666666667,0.5179166666666667,85.58333333333333,16.0,8.0,5.0,3.0,85.5,78.70833333333333,0.08333333333333333,85.25,83.05381944444444,77.19444444444444,0.42914015338797107,2.360961055716456,4.743186977083523,82.94593524411367,3.7156247334509214,30.5625,7.7875000000000005,78.125,999.6041666666666,407.5,26.09166666666667,0.30833333333333335,63.208333333333336,23.554166666666664,229.5,3178.6666666666665,-0.1000000000000038,4.45,82.875
2025-08-17 00:00:00+05:00,30.037499999999998,8.6,75.875,998.6583333333333,403.75,25.166666666666668,0.0,75.375,267.5833333333333,23.912499999999998,227.91666666666666,46.9,23.041666666666668,329.4166666666667,17.591666666666665,18.483333333333334,62.25,40.875,0.5420833333333334,80.875,17.0,8.0,6.0,3.0,81.25,85.58333333333333,-0.375,82.16666666666667,84.16319444444444,80.80671296296296,0.7279562452884959,1.6416459816389353,4.803351056982046,83.34262310821167,2.4871123032043916,28.683333333333334,7.095833333333334,85.95833333333333,999.8291666666668,326.875,26.004166666666666,0.9291666666666667,99.375,20.020833333333332,148.08333333333334,3535.75,0.004166666666667614,4.870833333333334,82.08333333333333
2025-08-18 00:00:00+05:00,30.5625,7.7875000000000005,78.125,999.6041666666666,407.5,26.09166666666667,0.30833333333333335,63.208333333333336,282.2083333333333,23.554166666666664,229.5,40.166666666666664,25.504166666666666,470.4583333333333,21.620833333333334,19.537499999999998,72.0,24.375,0.5541666666666667,82.875,18.0,8.0,0.0,3.0,82.70833333333333,80.875,0.16666666666666666,81.375,79.21006944444444,82.14236111111111,4.281668016434549,4.110327897379251,4.447926551009099,80.15675433952217,5.318119434658603,28.704166666666666,6.333333333333333,87.45833333333333,998.275,304.1666666666667,26.325,1.1166666666666667,98.20833333333333,20.6875,155.20833333333334,2868.8333333333335,0.2375000000000019,4.470833333333333,91.125
2025-08-19 00:00:00+05:00,28.683333333333334,7.095833333333334,85.95833333333333,999.8291666666668,326.875,26.004166666666666,0.9291666666666667,99.375,279.625,20.020833333333332,148.08333333333334,45.56666666666666,28.008333333333336,416.625,26.825,18.354166666666668,64.29166666666667,31.458333333333332,0.705,82.08333333333333,19.0,8.0,1.0,3.0,81.875,82.875,0.20833333333333334,82.44444444444444,83.91840277777779,82.43055555555556,1.772408703394911,9.315623734089531,7.165411618580138,83.17698206893918,8.386073203684322,28.120833333333334,4.708333333333333,89.83333333333333,1000.4166666666666,229.58333333333334,26.241666666666664,1.675,91.29166666666667,16.158333333333335,163.95833333333334,2434.0833333333335,-0.25833333333333525,2.679166666666666,88.625
2025-08-20 00:00:00+05:00,28.704166666666666,6.333333333333333,87.45833333333333,998.275,304.1666666666667,26.325,1.1166666666666667,98.20833333333333,265.5833333333333,20.6875,155.20833333333334,35.725,29.1125,1137.5833333333333,23.25,13.683333333333332,86.91666666666667,12.083333333333334,0.73,91.125,20.0,8.0,2.0,3.0,91.08333333333333,82.08333333333333,0.041666666666666664,90.3263888888889,85.83506944444444,82.98784722222221,3.6499918453280915,3.819688851853881,7.753074144391065,86.87586146273618,5.772508786849134,28.09583333333333,12.491666666666667,87.70833333333333,1000.5666666666666,515.4166666666666,25.804166666666664,0.05833333333333333,92.875,28.59583333333333,129.75,1764.9583333333333,-0.03333333333333618,2.3791666666666664,82.54166666666667
2025-08-21 00:00:00+05:00,28.120833333333334,4.708333333333333,89.83333333333333,1000.4166666666666,229.58333333333334,26.241666666666664,1.675,91.29166666666667,239.125,16.158333333333335,163.95833333333334,31.395833333333332,25.754166666666666,1403.3333333333333,33.170833333333334,19.0,54.125,10.208333333333334,0.6316666666666667,88.625,21.0,8.0,3.0,3.0,88.83333333333333,91.125,-0.20833333333333334,89.75694444444444,91.72395833333333,87.15914351851852,2.2758222920081495,7.225480915975839,8.427659279165917,90.69779599155852,6.832807646248461,28.25,17.283333333333335,85.125,999.275,698.125,25.441666666666666,0.06666666666666667,72.33333333333333,39.80416666666667,183.125,1118.5625,0.3083333333333324,1.8791666666666664,76.54166666666667
2025-08-22 00:00:00+05:00,28.09583333333333,12.491666666666667,87.70833333333333,1000.5666666666666,515.4166666666666,25.804166666666664,0.05833333333333333,92.875,247.125,28.59583333333333,129.75,32.24583333333333,24.766666666666666,359.25,26.224999999999998,17.6125,67.45833333333333,11.75,0.48,82.54166666666667,22.0,8.0,4.0,3.0,82.58333333333333,88.625,-0.041666666666666664,82.45833333333333,84.44618055555556,87.33506944444444,0.9968454380744811,3.4024732352502816,6.675735087231587,84.40815266685684,4.653975730628753,28.191666666666666,16.204166666666666,86.75,999.9916666666667,638.125,25.71666666666667,0.08750000000000001,75.20833333333333,38.1,220.45833333333334,6817.8125,-0.17499999999999716,2.2916666666666665,77.41666666666667
2025-08-23 00:00:00+05:00,28.25,17.283333333333335,85.125,999.275,698.125,25.441666666666666,0.06666666666666667,72.33333333333333,252.625,39.80416666666667,183.125,50.76666666666667,25.2625,254.25,10.4,9.512500000000001,57.958333333333336,43.541666666666664,0.7062499999999999,76.54166666666667,23.0,8.0,5.0,3.0,76.54166666666667,82.54166666666667,0.0,77.06944444444444,79.88715277777779,85.35243055555556,1.2491408330958704,3.5052020728558677,7.162012590952005,79.53246447618194,4.07943884052604,28.204166666666666,12.404166666666667,86.91666666666667,1000.7875,519.1666666666666,25.77916666666667,0.02916666666666667,54.5,29.724999999999998,204.5,12156.770833333334,-0.041666666666666664,2.808333333333333,74.33333333333333
2025-08-24 00:00:00+05:00,28.191666666666666,16.204166666666666,86.75,999.9916666666667,638.125,25.71666666666667,0.08750000000000001,75.20833333333333,247.29166666666666,38.1,220.45833333333334,55.6625,22.133333333333336,250.45833333333334,10.825000000000001,9.708333333333334,52.375,58.208333333333336,0.7054166666666667,77.41666666666667,24.0,8.0,6.0,3.0,77.66666666666667,76.54166666666667,-0.25,78.02083333333333,77.65104166666667,80.66145833333333,0.6359574996810816,2.078577448199478,4.34793118230191,78.09931635845635,2.49171455031403,28.087500000000002,9.295833333333333,85.20833333333333,1001.8125,531.6666666666666,25.316666666666666,0.004166666666666667,42.791666666666664,23.28333333333333,225.625,10550.520833333334,0.17083333333333428,2.475,78.625
2025-08-25 00:00:00+05:00,28.204166666666666,12.404166666666667,86.91666666666667,1000.7875,519.1666666666666,25.77916666666667,0.02916666666666667,54.5,241.20833333333334,29.724999999999998,204.5,65.05416666666666,22.370833333333334,297.4583333333333,13.983333333333334,12.879166666666668,47.708333333333336,74.33333333333333,0.965,74.33333333333333,25.0,8.0,0.0,3.0,74.33333333333333,77.41666666666667,0.0,74.5,75.43055555555556,77.65625,0.35781338168963467,1.0772792238719682,3.226620597557009,75.40599669718907,1.6903727851517276,28.054166666666664,10.766666666666666,85.0,1001.9875000000001,555.625,25.191666666666666,0.004166666666666667,62.458333333333336,25.704166666666666,232.41666666666666,6579.645833333333,0.004166666666667614,2.4250000000000003,85.54166666666667
2025-08-26 00:00:00+05:00,28.087500000000002,9.295833333333333,85.20833333333333,1001.8125,531.6666666666666,25.316666666666666,0.004166666666666667,42.791666666666664,233.95833333333334,23.28333333333333,225.625,85.5,26.599999999999998,334.2916666666667,16.224999999999998,13.700000000000001,44.875,102.375,0.91125,78.625,26.0,8.0,1.0,3.0,78.29166666666667,74.33333333333333,0.3333333333333333,77.55555555555556,75.90798611111111,76.32986111111111,0.6021969770135073,1.4096819440912922,2.074488022833425,76.41522036318945,1.6464806576316782,28.079166666666666,11.033333333333333,83.66666666666667,1001.6416666666668,553.9583333333334,24.9375,0.004166666666666667,60.625,26.954166666666666,262.875,5232.770833333333,0.1750000000000019,2.7708333333333326,84.875
2025-08-27 00:00:00+05:00,28.054166666666664,10.766666666666666,85.0,1001.9875000000001,555.625,25.191666666666666,0.004166666666666667,62.458333333333336,248.79166666666666,25.704166666666666,232.41666666666666,73.57916666666667,27.650000000000002,306.4166666666667,15.629166666666668,13.429166666666667,48.875,81.625,0.7979166666666666,85.54166666666667,27.0,8.0,2.0,3.0,85.41666666666667,78.625,0.125,84.90972222222221,82.26388888888889,77.86747685185185,0.4440651254651076,2.2858890725493426,3.7084114261304832,82.44600593443286,3.195517045442799,27.825,10.858333333333334,84.66666666666667,1001.0583333333334,540.2083333333334,24.90833333333333,0.004166666666666667,76.95833333333333,26.879166666666666,220.29166666666666,6161.3125,-0.008333333333335228,2.8625000000000003,91.79166666666667
2025-08-28 00:00:00+05:00,28.079166666666666,11.033333333333333,83.66666666666667,1001.6416666666668,553.9583333333334,24.9375,0.004166666666666667,60.625,259.9166666666667,26.954166666666666,262.875,73.41250000000001,29.275000000000002,291.5833333333333,13.825000000000001,13.404166666666667,54.0,77.625,0.7616666666666667,84.875,28.0,8.0,3.0,3.0,84.79166666666667,85.54166666666667,0.08333333333333333,84.65972222222221,85.04340277777779,81.07175925925925,0.6142231315764066,1.0961016447227694,4.3220695851422635,84.5263425723586,1.9375742996743626,28.28333333333333,9.108333333333333,82.79166666666667,1002.8166666666666,511.25,24.95,0.0,90.75,24.087500000000002,240.66666666666666,6205.520833333333,-0.07916666666667045,3.141666666666667,104.125
2025-08-29 00:00:00+05:00,27.825,10.858333333333334,84.66666666666667,1001.0583333333334,540.2083333333334,24.90833333333333,0.004166666666666667,76.95833333333333,241.375,26.879166666666666,220.29166666666666,90.24583333333334,33.40416666666667,324.375,14.9375,13.858333333333333,55.583333333333336,100.79166666666667,0.83625,91.79166666666667,29.0,8.0,4.0,3.0,91.5,84.875,0.2916666666666667,90.78472222222223,88.0607638888889,85.12268518518518,0.5920302975303687,2.2410423248408606,3.311659592012724,88.5734808476184,2.6959559275645617,28.325,13.116666666666667,80.20833333333333,1002.3333333333334,658.125,24.454166666666666,0.0,78.54166666666667,32.6,230.83333333333334,6094.104166666667,0.05833333333333712,2.9166666666666674,100.625
2025-08-30 00:00:00+05:00,28.28333333333333,9.108333333333333,82.79166666666667,1002.8166666666666,511.25,24.95,0.0,90.75,236.95833333333334,24.087500000000002,240.66666666666666,100.82916666666667,39.37916666666667,324.875,18.287499999999998,16.016666666666666,54.416666666666664,109.625,0.8595833333333333,104.125,30.0,8.0,5.0,3.0,103.5,91.79166666666667,0.625,101.8263888888889,96.71354166666667,89.9392361111111,1.4014028961886449,3.69861140427701,5.663832155762493,97.3318888594326,5.017936146023787,28.129166666666666,16.591666666666665,77.625,999.8208333333333,803.5416666666666,23.724999999999998,0.03333333333333333,59.208333333333336,39.362500000000004,215.125,5049.0625,0.15000000000000094,3.3333333333333335,79.5
2025-08-31 00:00:00+05:00,28.325,13.116666666666667,80.20833333333333,1002.3333333333334,658.125,24.454166666666666,0.0,78.54166666666667,250.91666666666666,32.6,230.83333333333334,78.93333333333334,28.8,252.04166666666666,13.920833333333334,13.066666666666668,53.041666666666664,88.83333333333333,0.7829166666666666,100.625,31.0,8.0,6.0,3.0,101.5,104.125,-0.875,103.46527777777777,105.83333333333333,96.86921296296298,1.4684249705868524,4.314784287471274,8.383664942764858,104.15348039287592,5.664375349689279,28.104166666666668,13.020833333333334,77.45833333333333,1000.3833333333333,709.7916666666666,23.675,0.020833333333333332,47.458333333333336,32.579166666666666,195.91666666666666,9334.6875,-0.2708333333333381,3.8708333333333336,78.5
2025-09-01 00:00:00+05:00,28.129166666666666,16.591666666666665,77.625,999.8208333333333,803.5416666666666,23.724999999999998,0.03333333333333333,59.208333333333336,252.83333333333334,39.362500000000004,215.125,54.770833333333336,22.866666666666664,222.04166666666666,10.729166666666666,9.929166666666667,54.708333333333336,53.916666666666664,0.6979166666666666,79.5,1.0,9.0,0.0,3.0,80.04166666666667,100.625,-0.5416666666666666,81.74305555555556,89.67708333333333,97.4079861111111,1.3660683201174153,6.514623603322517,9.229685070924157,88.70945372309627,8.653371334082388,28.525000000000002,10.866666666666667,72.91666666666667,1002.4,715.8333333333334,22.958333333333332,0.0,24.208333333333332,28.34166666666667,246.79166666666666,13610.625,-0.1875,4.404166666666667,87.83333333333333
2025-09-02 00:00:00+05:00,28.104166666666668,13.020833333333334,77.45833333333333,1000.3833333333333,709.7916666666666,23.675,0.020833333333333332,47.458333333333336,245.79166666666666,32.579166666666666,195.91666666666666,54.75416666666666,25.9375,253.79166666666666,12.4125,11.5625,55.083333333333336,47.041666666666664,0.7425,78.5,2.0,9.0,1.0,3.0,78.29166666666667,79.5,0.20833333333333334,77.75694444444444,77.59895833333333,91.03645833333333,0.44699347876650336,1.9654742901185251,12.889860579434627,79.03197955184932,5.458634402907298,28.212500000000002,10.8375,76.91666666666667,1003.6291666666666,538.3333333333334,23.59583333333333,0.0,37.041666666666664,28.52916666666667,261.0,9422.770833333334,0.24583333333333238,4.429166666666667,89.04166666666667
2025-09-03 00:00:00+05:00,28.525000000000002,10.866666666666667,72.91666666666667,1002.4,715.8333333333334,22.958333333333332,0.0,24.208333333333332,247.95833333333334,28.34166666666667,246.79166666666666,65.41250000000001,31.433333333333334,271.25,17.037499999999998,14.158333333333333,51.708333333333336,56.041666666666664,0.6545833333333334,87.83333333333333,3.0,9.0,2.0,3.0,87.375,78.5,0.4583333333333333,86.14583333333333,82.42361111111111,83.2332175925926,1.0062959027838276,2.83926939510534,7.2930365335695155,83.25360672282322,3.883956628683458,28.708333333333332,12.504166666666668,77.91666666666667,1003.4833333333332,464.5833333333333,24.241666666666664,0.0,16.416666666666668,32.25,259.1666666666667,8067.895833333333,0.22500000000000378,5.566666666666667,80.91666666666667
2025-09-04 00:00:00+05:00,28.212500000000002,10.8375,76.91666666666667,1003.6291666666666,538.3333333333334,23.59583333333333,0.0,37.041666666666664,270.7916666666667,28.52916666666667,261.0,63.97083333333333,26.90416666666667,254.70833333333334,15.195833333333333,14.516666666666666,54.791666666666664,63.583333333333336,0.6275000000000001,89.04166666666667,4.0,9.0,3.0,3.0,89.33333333333333,87.83333333333333,-0.2916666666666667,89.9375,89.84375,83.28877314814815,0.506059632908707,1.8633843007241893,5.752593172403956,89.09819458548067,3.267700176625997,28.645833333333332,13.591666666666667,78.58333333333333,1003.125,537.5,24.400000000000002,0.0,62.166666666666664,34.30416666666667,255.45833333333334,6005.291666666667,0.08750000000000095,4.616666666666666,84.25
2025-09-05 00:00:00+05:00,28.708333333333332,12.504166666666668,77.91666666666667,1003.4833333333332,464.5833333333333,24.241666666666664,0.0,16.416666666666668,276.7083333333333,32.25,259.1666666666667,54.362500000000004,25.9875,254.16666666666666,12.858333333333334,13.116666666666667,61.208333333333336,48.125,0.6679166666666667,80.91666666666667,5.0,9.0,4.0,3.0,81.04166666666667,89.04166666666667,-0.125,81.57638888888889,84.73090277777779,85.66608796296298,0.6494274692434006,2.7597816884084394,4.592998105420418,84.15618322200126,3.436042710516316,28.412499999999998,14.295833333333334,78.375,1001.7791666666667,622.2916666666666,24.09583333333333,0.0,85.54166666666667,36.24166666666667,219.41666666666666,5956.5,-0.041666666666671404,4.466666666666667,79.58333333333333
2025-09-06 00:00:00+05:00,28.645833333333332,13.591666666666667,78.58333333333333,1003.125,537.5,24.400000000000002,0.0,62.166666666666664,273.5,34.30416666666667,255.45833333333334,54.925000000000004,27.070833333333336,229.33333333333334,13.066666666666668,11.933333333333332,56.333333333333336,47.458333333333336,0.7183333333333333,84.25,6.0,9.0,5.0,3.0,84.16666666666667,80.91666666666667,0.08333333333333333,83.78472222222221,82.18402777777779,85.58622685185185,0.3801988484562718,1.4174337763013185,4.184515250815107,83.00148799916039,2.1526753631838083,27.245833333333334,12.595833333333333,84.95833333333333,1000.9458333333333,519.375,24.458333333333332,0.27499999999999997,99.95833333333333,31.445833333333336,95.54166666666667,7367.375,-0.12083333333332764,4.245833333333334,80.20833333333333
2025-09-07 00:00:00+05:00,28.412499999999998,14.295833333333334,78.375,1001.7791666666667,622.2916666666666,24.09583333333333,0.0,85.54166666666667,274.375,36.24166666666667,219.41666666666666,44.362500000000004,23.166666666666668,231.83333333333334,12.145833333333334,11.5,55.25,33.625,0.5966666666666667,79.58333333333333,7.0,9.0,6.0,3.0,79.875,84.25,-0.2916666666666667,80.77777777777779,83.02430555555556,83.31307870370371,0.7583661903218412,1.7617062431667814,2.835280194463714,82.30999990719606,2.119373574361124,26.141666666666666,14.858333333333334,92.25,1002.5124999999999,456.0416666666667,24.758333333333336,2.6833333333333336,99.29166666666667,31.733333333333334,62.875,9076.020833333334,-0.1999999999999981,4.316666666666666,80.54166666666667
2025-09-08 00:00:00+05:00,27.245833333333334,12.595833333333333,84.95833333333333,1000.9458333333333,519.375,24.458333333333332,0.27499999999999997,99.95833333333333,279.25,31.445833333333336,95.54166666666667,50.0625,25.77916666666667,315.7916666666667,18.337500000000002,13.170833333333334,46.458333333333336,40.541666666666664,0.5720833333333334,80.20833333333333,8.0,9.0,0.0,3.0,80.0,79.58333333333333,0.20833333333333334,79.375,78.58854166666667,81.265625,0.5455515235615711,2.014131190538906,2.8974598011119714,79.25073321153434,2.4011465665674945,26.400000000000002,13.979166666666666,88.375,1005.4708333333333,485.0,24.3,0.9625,83.20833333333333,31.458333333333332,161.41666666666666,6697.5,0.11666666666666477,2.7874999999999996,65.16666666666667
2025-09-09 00:00:00+05:00,26.141666666666666,14.858333333333334,92.25,1002.5124999999999,456.0416666666667,24.758333333333336,2.6833333333333336,99.29166666666667,284.875,31.733333333333334,62.875,35.512499999999996,21.208333333333332,313.8333333333333,25.483333333333334,13.004166666666668,38.458333333333336,23.708333333333332,0.3175,80.54166666666667,9.0,9.0,1.0,3.0,80.875,80.20833333333333,-0.3333333333333333,81.47222222222221,81.55034722222221,81.05439814814815,0.6054736859972177,1.2465718438813256,2.745648515610542,81.31607688525727,1.8048618756410788,26.491666666666664,10.041666666666666,87.83333333333333,1005.9375,434.375,24.27916666666667,0.15833333333333335,65.83333333333333,23.09166666666667,104.29166666666667,7059.791666666667,0.1374999999999981,1.383333333333334,71.0
2025-09-10 00:00:00+05:00,26.400000000000002,13.979166666666666,88.375,1005.4708333333333,485.0,24.3,0.9625,83.20833333333333,182.25,31.458333333333332,161.41666666666666,35.375,18.320833333333333,381.7916666666667,21.604166666666668,11.858333333333334,34.875,27.541666666666668,0.3441666666666667,65.16666666666667,10.0,9.0,2.0,3.0,65.5,80.54166666666667,-0.3333333333333333,66.80555555555556,73.19791666666667,77.77893518518518,1.3038775568761196,5.180091037601535,5.139949822485506,71.99818439505223,6.0196754199516,27.195833333333336,11.0375,83.83333333333333,1006.7333333333332,534.7916666666666,24.162499999999998,0.0625,20.25,25.912499999999998,231.875,7258.1875,0.34583333333333616,2.0999999999999996,60.583333333333336
2025-09-11 00:00:00+05:00,26.491666666666664,10.041666666666666,87.83333333333333,1005.9375,434.375,24.27916666666667,0.15833333333333335,65.83333333333333,227.20833333333334,23.09166666666667,104.29166666666667,32.97083333333333,17.204166666666666,398.5,19.620833333333334,13.129166666666668,35.583333333333336,25.5,0.41291666666666665,71.0,11.0,9.0,3.0,3.0,70.95833333333333,65.16666666666667,0.041666666666666664,70.375,67.22569444444444,73.99131944444444,1.0581937535114407,3.441697191144336,7.605433502379984,68.92828961086485,4.560847072888364,27.5125,10.616666666666667,81.375,1007.2666666666668,605.4166666666666,23.958333333333332,0.0,30.875,24.7625,231.5,4547.541666666667,0.008333333333330492,2.2125,60.166666666666664
2025-09-12 00:00:00+05:00,27.195833333333336,11.0375,83.83333333333333,1006.7333333333332,534.7916666666666,24.162499999999998,0.0625,20.25,242.625,25.912499999999998,231.875,26.412499999999998,14.370833333333332,330.4166666666667,16.412499999999998,12.270833333333334,36.166666666666664,18.333333333333332,0.34375,60.583333333333336,12.0,9.0,4.0,3.0,60.875,71.0,-0.2916666666666667,61.888888888888886,66.44791666666667,68.95717592592592,0.9379724970705575,3.889327284074284,6.048504110910965,65.1869720606817,4.45908483714073,27.633333333333336,13.633333333333333,81.29166666666667,1007.0083333333333,707.9166666666666,24.083333333333332,0.012500000000000002,43.25,31.741666666666664,207.58333333333334,6095.770833333333,0.1374999999999981,3.0333333333333337,57.291666666666664
2025-09-13 00:00:00+05:00,27.5125,10.616666666666667,81.375,1007.2666666666668,605.4166666666666,23.958333333333332,0.0,30.875,250.29166666666666,24.7625,231.5,23.47083333333333,13.704166666666666,310.2083333333333,16.316666666666666,12.85,37.791666666666664,14.291666666666666,0.3154166666666667,60.166666666666664,13.0,9.0,5.0,3.0,60.208333333333336,60.583333333333336,-0.041666666666666664,60.166666666666664,59.982638888888886,64.55208333333333,0.37129318652196086,0.7603752005767396,5.049880819033501,60.71449443650422,2.633872135928143,27.454166666666666,17.529166666666665,81.875,1005.1791666666667,753.125,24.054166666666664,0.020833333333333332,68.41666666666667,39.93333333333333,127.875,6788.8125,-0.01666666666666572,3.554166666666667,57.291666666666664
2025-09-14 00:00:00+05:00,27.633333333333336,13.633333333333333,81.29166666666667,1007.0083333333333,707.9166666666666,24.083333333333332,0.012500000000000002,43.25,258.875,31.741666666666664,207.58333333333334,21.537499999999998,12.504166666666668,248.25,12.083333333333334,10.933333333333332,41.875,12.333333333333334,0.27625,57.291666666666664,14.0,9.0,6.0,3.0,57.375,60.166666666666664,-0.08333333333333333,57.6875,58.885416666666664,61.77199074074074,0.27098126765199715,1.1008374459409225,4.256657916547458,58.706640979348435,1.6344337007284973,27.741666666666664,15.333333333333334,83.20833333333333,1003.6875,688.9583333333334,24.583333333333332,0.0375,88.75,35.30416666666667,146.25,9892.75,-0.008333333333330492,3.5499999999999994,60.666666666666664
2025-09-15 00:00:00+05:00,27.454166666666666,17.529166666666665,81.875,1005.1791666666667,753.125,24.054166666666664,0.020833333333333332,68.41666666666667,260.4583333333333,39.93333333333333,127.875,25.15833333333333,13.608333333333334,236.66666666666666,9.775,9.012500000000001,41.333333333333336,16.916666666666668,0.395,57.291666666666664,15.0,9.0,0.0,3.0,57.208333333333336,57.291666666666664,0.08333333333333333,57.076388888888886,57.05034722222222,58.63946759259259,0.09271422001321987,0.13710917586481144,1.5306607239092618,57.274574133142316,0.8938651866131728,27.758333333333336,9.987499999999999,83.79166666666667,1004.5916666666667,509.1666666666667,24.695833333333336,0.025000000000000005,49.75,23.97083333333333,182.66666666666666,13249.125,-0.2708333333333333,3.4,70.54166666666667
2025-09-16 00:00:00+05:00,27.741666666666664,15.333333333333334,83.20833333333333,1003.6875,688.9583333333334,24.583333333333332,0.0375,88.75,251.66666666666666,35.30416666666667,146.25,36.78333333333333,16.933333333333334,264.5,11.979166666666666,9.679166666666667,39.583333333333336,31.208333333333332,0.5920833333333334,60.666666666666664,16.0,9.0,1.0,3.0,60.458333333333336,57.291666666666664,0.20833333333333334,59.9375,58.552083333333336,58.16261574074074,0.4420869229032575,1.065349346309948,1.4260435327446237,58.838526032151684,1.2559158183318317,27.4875,9.654166666666667,86.25,1004.8874999999999,503.1770833333333,24.875,0.016666666666666666,74.45833333333333,23.245833333333334,224.79166666666666,10685.520833333334,-0.037499999999999055,3.158333333333333,79.58333333333333
2025-09-17 00:00:00+05:00,27.758333333333336,9.987499999999999,83.79166666666667,1004.5916666666667,509.1666666666667,24.695833333333336,0.025000000000000005,49.75,243.375,23.97083333333333,182.66666666666666,60.02916666666667,22.879166666666666,353.2083333333333,16.9375,13.991666666666667,40.791666666666664,63.583333333333336,0.5666666666666667,70.54166666666667,17.0,9.0,2.0,3.0,70.04166666666667,60.666666666666664,0.5,68.84027777777779,64.95138888888889,60.18460648148149,0.9573906487104682,2.9707463918623707,3.9121416734360412,65.49128145205742,3.782903422072558,27.337500000000002,10.275,82.66666666666667,1006.0625,614.1666666666666,23.983333333333334,0.012500000000000002,67.41666666666667,24.954166666666666,201.58333333333334,5323.833333333333,0.0874999999999962,3.0625,86.70833333333333
2025-09-18 00:00:00+05:00,27.4875,9.654166666666667,86.25,1004.8874999999999,503.1770833333333,24.875,0.016666666666666666,74.45833333333333,248.25,23.245833333333334,224.79166666666666,77.60000000000001,27.025000000000002,344.5833333333333,19.724999999999998,14.387500000000001,44.416666666666664,89.79166666666667,0.50125,79.58333333333333,18.0,9.0,3.0,3.0,79.25,70.54166666666667,0.3333333333333333,78.45833333333333,75.24131944444444,66.24826388888889,0.6563318764044394,2.7070620228055815,7.3577208624700425,75.1231573536823,4.712728699268082,27.383333333333336,11.237499999999999,81.16666666666667,1006.4333333333334,588.75,23.729166666666668,0.025000000000000005,69.04166666666667,26.833333333333332,180.375,5264.520833333333,0.02916666666666856,2.6125000000000003,85.41666666666667
2025-09-19 00:00:00+05:00,27.337500000000002,10.275,82.66666666666667,1006.0625,614.1666666666666,23.983333333333334,0.012500000000000002,67.41666666666667,254.16666666666666,24.954166666666666,201.58333333333334,90.99583333333334,28.474999999999998,316.5,19.391666666666666,13.783333333333333,40.75,110.91666666666667,0.54125,86.70833333333333,19.0,9.0,4.0,3.0,86.58333333333333,79.58333333333333,0.125,86.08333333333333,83.25694444444444,74.4832175925926,0.5788676577072129,2.326884358330554,8.008121836490359,83.18501678334319,4.183480590290308,27.525000000000002,11.995833333333332,75.83333333333333,1006.0875,637.9166666666666,22.741666666666664,0.0,60.25,29.204166666666666,213.83333333333334,6925.541666666667,0.11250000000000189,3.3541666666666665,81.58333333333333
2025-09-20 00:00:00+05:00,27.383333333333336,11.237499999999999,81.16666666666667,1006.4333333333334,588.75,23.729166666666668,0.025000000000000005,69.04166666666667,252.70833333333334,26.833333333333332,180.375,77.69166666666666,26.504166666666666,301.7916666666667,20.0,13.170833333333334,36.5,94.54166666666667,0.5108333333333334,85.41666666666667,20.0,9.0,5.0,3.0,85.58333333333333,86.70833333333333,-0.16666666666666666,85.9513888888889,86.74652777777777,81.74826388888889,0.33982734815491916,0.9381088852003606,5.3653122331097975,86.03638216138943,2.258249555844299,27.754166666666666,13.620833333333332,75.0,1006.4625,697.0833333333334,22.837500000000002,0.008333333333333333,69.54166666666667,32.375,172.08333333333334,6981.520833333333,-0.004166666666667614,3.6541666666666663,75.08333333333333
2025-09-21 00:00:00+05:00,27.525000000000002,11.995833333333332,75.83333333333333,1006.0875,637.9166666666666,22.741666666666664,0.0,60.25,262.875,29.204166666666666,213.83333333333334,70.12083333333334,24.224999999999998,262.25,17.1375,12.5625,39.916666666666664,81.41666666666667,0.49625,81.58333333333333,21.0,9.0,6.0,3.0,81.75,85.41666666666667,-0.16666666666666666,82.125,83.50347222222221,84.50231481481482,0.3511589739595092,1.17429716256653,2.6553333442838616,83.33982547727581,1.7213067208650423,27.662499999999998,14.700000000000001,78.04166666666667,1006.1791666666667,717.2916666666666,23.429166666666664,0.03333333333333333,73.625,34.875,154.79166666666666,8016.75,-0.054166666666664774,4.783333333333333,67.08333333333333
2025-09-22 00:00:00+05:00,27.754166666666666,13.620833333333332,75.0,1006.4625,697.0833333333334,22.837500000000002,0.008333333333333333,69.54166666666667,256.6666666666667,32.375,172.08333333333334,48.9625,20.029166666666665,239.95833333333334,12.816666666666668,11.241666666666667,47.5,49.25,0.41958333333333336,75.08333333333333,22.0,9.0,0.0,3.0,75.41666666666667,81.58333333333333,-0.3333333333333333,76.16666666666667,78.71354166666667,82.98784722222221,0.6182717837664553,2.012522735345106,3.6351685864894776,78.4386237735552,2.730503768820457,27.5625,13.895833333333334,80.125,1004.1875,652.9166666666666,23.825,0.08333333333333333,76.29166666666667,32.9375,128.54166666666666,9679.979166666666,0.12083333333333239,4.916666666666667,71.45833333333333
2025-09-23 00:00:00+05:00,27.662499999999998,14.700000000000001,78.04166666666667,1006.1791666666667,717.2916666666666,23.429166666666664,0.03333333333333333,73.625,255.625,34.875,154.79166666666666,38.5375,18.2,231.54166666666666,12.245833333333332,10.858333333333334,47.583333333333336,33.25,0.34875000000000006,67.08333333333333,23.0,9.0,1.0,3.0,67.25,75.08333333333333,-0.16666666666666666,67.95138888888889,71.11805555555556,77.77835648148148,0.7638508197842909,2.555991571018576,5.5110000656492275,70.97172642569711,3.864121071581549,27.670833333333334,9.333333333333334,81.83333333333333,1004.1791666666667,553.9583333333334,24.1875,0.020833333333333332,43.708333333333336,23.579166666666666,158.70833333333334,10821.020833333334,-0.12916666666666762,4.233333333333333,76.70833333333333
2025-09-24 00:00:00+05:00,27.5625,13.895833333333334,80.125,1004.1875,652.9166666666666,23.825,0.08333333333333333,76.29166666666667,244.95833333333334,32.9375,128.54166666666666,50.916666666666664,21.9375,271.0833333333333,14.512500000000001,11.299999999999999,42.625,46.458333333333336,0.4320833333333333,71.45833333333333,24.0,9.0,2.0,3.0,71.16666666666667,67.08333333333333,0.2916666666666667,70.35416666666667,68.17881944444444,72.67013888888889,0.7019365522434299,2.0327364162342767,5.227198780093728,69.24881217607057,2.8367527385756013,27.974999999999998,7.779166666666666,77.08333333333333,1006.0958333333333,507.0833333333333,23.304166666666664,0.0,27.708333333333332,20.625,236.41666666666666,9301.541666666666,-0.2708333333333381,3.7375000000000003,87.29166666666667
2025-09-25 00:00:00+05:00,27.670833333333334,9.333333333333334,81.83333333333333,1004.1791666666667,553.9583333333334,24.1875,0.020833333333333332,43.708333333333336,250.58333333333334,23.579166666666666,158.70833333333334,56.81666666666666,25.354166666666668,339.9166666666667,18.2375,14.258333333333333,42.666666666666664,54.25,0.51625,76.70833333333333,25.0,9.0,3.0,3.0,76.45833333333333,71.45833333333333,0.25,75.91666666666667,74.15451388888889,71.15046296296296,0.5031920799595432,1.5169173573491614,3.7060140934468033,74.14993887317814,2.5690424670845142,28.379166666666666,9.204166666666667,77.70833333333333,1007.4791666666666,377.0833333333333,23.537499999999998,0.0,6.208333333333333,23.47083333333333,248.5,5572.666666666667,0.1791666666666695,3.483333333333334,81.79166666666667
2025-09-26 00:00:00+05:00,27.974999999999998,7.779166666666666,77.08333333333333,1006.0958333333333,507.0833333333333,23.304166666666664,0.0,27.708333333333332,271.0416666666667,20.625,236.41666666666666,58.487500000000004,29.854166666666668,404.625,23.866666666666664,17.533333333333335,48.166666666666664,46.958333333333336,0.45875,87.29166666666667,26.0,9.0,4.0,3.0,86.875,76.70833333333333,0.4166666666666667,85.7013888888889,81.33159722222221,74.55497685185185,1.0214478533083475,3.3232773743831676,5.946183684292801,81.877919678478,4.405114523518224,28.925,11.512500000000001,80.83333333333333,1005.125,318.5416666666667,24.9875,0.0,76.875,28.849999999999998,240.75,4442.708333333333,0.26666666666667044,4.670833333333333,74.5
2025-09-27 00:00:00+05:00,28.379166666666666,9.204166666666667,77.70833333333333,1007.4791666666666,377.0833333333333,23.537499999999998,0.0,6.208333333333333,283.7916666666667,23.47083333333333,248.5,35.625,22.287499999999998,323.8333333333333,22.166666666666668,17.2375,53.916666666666664,21.666666666666668,0.24958333333333335,81.79166666666667,27.0,9.0,5.0,3.0,82.41666666666667,87.29166666666667,-0.625,83.89583333333333,86.83159722222223,80.77256944444444,1.1556075383128988,3.196792781189043,6.283003352802737,85.30641020964524,4.224831999956556,32.49583333333333,9.487499999999999,58.208333333333336,1000.6333333333333,704.375,20.695833333333333,0.0,95.79166666666667,24.754166666666666,234.5,3567.0,0.020833333333333332,4.841666666666667,90.04166666666667
2025-09-28 00:00:00+05:00,28.925,11.512500000000001,80.83333333333333,1005.125,318.5416666666667,24.9875,0.0,76.875,289.5,28.849999999999998,240.75,43.00833333333333,24.854166666666668,271.3333333333333,17.691666666666666,14.641666666666666,59.958333333333336,31.5,0.30333333333333334,74.5,28.0,9.0,6.0,3.0,74.33333333333333,81.79166666666667,0.16666666666666666,74.21527777777779,76.66840277777779,81.6105324074074,0.6161766068089595,2.7887083231864884,5.87513736286157,76.81099813790978,4.458963198757629,30.47083333333333,7.445833333333333,70.08333333333333,999.3958333333334,705.2083333333334,24.1875,0.21666666666666667,54.333333333333336,22.354166666666668,213.08333333333334,3737.8125,-0.5,3.9375,97.58333333333333
2025-09-29 00:00:00+05:00,32.49583333333333,9.487499999999999,58.208333333333336,1000.6333333333333,704.375,20.695833333333333,0.0,95.79166666666667,238.54166666666666,24.754166666666666,234.5,47.025,31.879166666666666,556.2916666666666,25.816666666666666,14.383333333333333,77.70833333333333,27.291666666666668,0.3541666666666667,90.04166666666667,29.0,9.0,0.0,3.0,89.5,74.5,0.5416666666666666,87.4861111111111,80.38020833333333,81.29340277777779,4.396421483560414,5.537337928220482,6.855354267557966,82.19802075287343,6.515783289165806,29.90416666666667,9.854166666666666,70.41666666666667,1000.1750000000001,718.9583333333334,23.620833333333334,0.012500000000000002,10.791666666666666,24.204166666666666,225.08333333333334,5644.6875,-0.5416666666666666,11.799999999999999,77.54166666666667
2025-09-30 00:00:00+05:00,30.47083333333333,7.445833333333333,70.08333333333333,999.3958333333334,705.2083333333334,24.1875,0.21666666666666667,54.333333333333336,96.125,22.354166666666668,213.08333333333334,42.391666666666666,30.162499999999998,855.75,33.387499999999996,14.595833333333333,66.0,22.291666666666668,0.4404166666666667,97.58333333333333,30.0,9.0,1.0,3.0,97.58333333333333,90.04166666666667,0.0,97.68055555555556,95.49479166666667,84.18113425925925,2.2001682371818974,8.03617523518553,10.730399963724496,94.75377634472018,8.798065688253454,30.22083333333333,11.070833333333333,66.41666666666667,1002.9916666666667,763.125,22.920833333333334,0.012500000000000002,7.458333333333333,27.900000000000002,228.29166666666666,5826.333333333333,0.054166666666660035,6.283333333333334,58.625
2025-10-01 00:00:00+05:00,29.90416666666667,9.854166666666666,70.41666666666667,1000.1750000000001,718.9583333333334,23.620833333333334,0.012500000000000002,10.791666666666666,78.0,24.204166666666666,225.08333333333334,17.516666666666666,16.533333333333335,617.7083333333334,13.691666666666668,9.108333333333333,77.91666666666667,1.9583333333333333,0.21666666666666667,77.54166666666667,1.0,10.0,2.0,4.0,78.66666666666667,97.58333333333333,-1.125,81.41666666666667,90.0295138888889,88.63483796296298,2.40450994892571,6.759931284240806,10.69253826618999,87.7273736632744,8.08885404864414,28.78333333333333,12.783333333333333,74.20833333333333,1006.4125,837.5,23.59583333333333,0.09166666666666667,80.91666666666667,31.170833333333334,130.29166666666666,8185.416666666667,0.19166666666667234,6.283333333333334,51.833333333333336
2025-10-02 00:00:00+05:00,30.22083333333333,11.070833333333333,66.41666666666667,1002.9916666666667,763.125,22.920833333333334,0.012500000000000002,7.458333333333333,93.20833333333333,27.900000000000002,228.29166666666666,15.154166666666667,11.966666666666667,573.4583333333334,11.674999999999999,8.1625,67.70833333333333,5.0,0.20291666666666666,58.625,2.0,10.0,3.0,4.0,59.0,77.54166666666667,-0.375,60.3125,66.97048611111111,84.16493055555556,1.1331699599301348,6.041074883610321,14.82668347440824,67.25057620159349,10.13690869685229,27.991666666666664,11.595833333333333,81.125,1007.75,637.0833333333334,24.2375,0.2791666666666667,76.95833333333333,27.608333333333334,214.04166666666666,10305.5,0.4458333333333305,7.3,54.416666666666664
2025-10-03 00:00:00+05:00,28.78333333333333,12.783333333333333,74.20833333333333,1006.4125,837.5,23.59583333333333,0.09166666666666667,80.91666666666667,78.54166666666667,31.170833333333334,130.29166666666666,12.737499999999999,9.299999999999999,503.0416666666667,10.9125,7.891666666666667,58.958333333333336,5.958333333333333,0.19291666666666665,51.833333333333336,3.0,10.0,4.0,4.0,52.083333333333336,58.625,-0.25,52.78472222222222,55.42881944444445,70.80960648148148,0.6045838693320903,2.093719364581384,15.548437791329595,56.10010109305051,6.167764984996109,28.55,12.495833333333332,78.5,1006.7791666666667,644.375,24.287499999999998,0.08333333333333333,46.375,30.224999999999998,216.20833333333334,11638.291666666666,0.3791666666666676,5.1875,60.25
2025-10-04 00:00:00+05:00,27.991666666666664,11.595833333333333,81.125,1007.75,637.0833333333334,24.2375,0.2791666666666667,76.95833333333333,117.79166666666667,27.608333333333334,214.04166666666666,19.787499999999998,13.583333333333334,505.6666666666667,16.216666666666665,10.875,45.25,9.333333333333334,0.24625,54.416666666666664,4.0,10.0,5.0,4.0,54.083333333333336,51.833333333333336,0.3333333333333333,53.291666666666664,51.845486111111114,58.08159722222222,0.6430554496191242,1.6862775089694468,7.637416270989476,52.83014894784126,3.3034525716597716,28.920833333333334,19.170833333333334,68.125,1006.8333333333334,773.5416666666666,22.15416666666667,0.0,8.333333333333334,44.09166666666667,232.29166666666666,7329.333333333333,-0.02499999999999621,3.7541666666666664,72.58333333333333
2025-10-05 00:00:00+05:00,28.55,12.495833333333332,78.5,1006.7791666666667,644.375,24.287499999999998,0.08333333333333333,46.375,228.20833333333334,30.224999999999998,216.20833333333334,21.070833333333333,14.512500000000001,322.5416666666667,12.879166666666668,11.0,57.833333333333336,7.375,0.2816666666666667,60.25,5.0,10.0,6.0,4.0,60.166666666666664,54.416666666666664,0.08333333333333333,59.8125,57.685763888888886,54.98668981481482,0.3323299604657738,1.8649943089115026,3.481783976650032,57.83735834916502,2.8423370729998543,28.8125,11.325000000000001,61.666666666666664,1008.6208333333334,666.6666666666666,19.85833333333333,0.004166666666666667,1.5416666666666667,28.72083333333333,244.375,8769.625,-0.11666666666667425,4.2625,98.91666666666667
2025-10-06 00:00:00+05:00,28.920833333333334,19.170833333333334,68.125,1006.8333333333334,773.5416666666666,22.15416666666667,0.0,8.333333333333334,256.4166666666667,44.09166666666667,232.29166666666666,119.35000000000001,33.579166666666666,276.5,9.345833333333333,8.854166666666666,78.625,159.875,0.4283333333333333,72.58333333333333,6.0,10.0,0.0,4.0,71.08333333333333,60.25,1.5,67.78472222222221,62.911458333333336,57.48090277777778,2.5577137567192705,3.470832196348437,5.432040360748069,63.69765638931639,4.750396984406867,27.59583333333333,6.445833333333333,68.0,1010.6333333333333,617.7083333333334,20.545833333333334,0.008333333333333333,7.125,18.066666666666666,226.16666666666666,14939.083333333334,0.1041666666666714,6.766666666666667,115.91666666666667
2025-10-07 00:00:00+05:00,28.8125,11.325000000000001,61.666666666666664,1008.6208333333334,666.6666666666666,19.85833333333333,0.004166666666666667,1.5416666666666667,257.2916666666667,28.72083333333333,244.375,148.92083333333332,36.733333333333334,528.4166666666666,17.283333333333335,14.004166666666668,67.41666666666667,209.875,0.4345833333333333,98.91666666666667,7.0,10.0,1.0,4.0,98.70833333333333,72.58333333333333,0.20833333333333334,97.99305555555556,88.27777777777777,69.625,0.9485963901139115,9.180550805630933,15.192942949368097,88.72177775400907,13.217125099753618,27.5,7.395833333333333,66.20833333333333,1012.35,561.875,19.533333333333335,0.0,4.541666666666667,19.691666666666666,231.25,7477.958333333333,0.27500000000000097,8.954166666666667,115.5
2025-10-08 00:00:00+05:00,27.59583333333333,6.445833333333333,68.0,1010.6333333333333,617.7083333333334,20.545833333333334,0.008333333333333333,7.125,215.16666666666666,18.066666666666666,226.16666666666666,119.3625,41.6,613.4166666666666,33.19166666666667,22.320833333333336,56.625,139.875,0.4945833333333334,115.91666666666667,8.0,10.0,2.0,4.0,115.33333333333333,98.91666666666667,0.5833333333333334,113.72222222222223,106.94444444444444,86.04456018518518,2.5570375533281626,6.620400061070609,19.885623053851223,106.9778223525655,10.789501406816882,27.46666666666667,7.7749999999999995,64.54166666666667,1011.3333333333334,530.2083333333334,19.445833333333333,0.008333333333333333,4.041666666666667,20.279166666666665,223.75,4917.604166666667,0.20416666666666097,7.05,108.625
2025-10-09 00:00:00+05:00,27.5,7.395833333333333,66.20833333333333,1012.35,561.875,19.533333333333335,0.0,4.541666666666667,285.75,19.691666666666666,231.25,100.59583333333335,40.53333333333333,629.625,30.0125,21.095833333333335,61.458333333333336,108.25,0.46541666666666665,115.5,9.0,10.0,3.0,4.0,115.58333333333333,115.91666666666667,-0.08333333333333333,115.68055555555556,116.47222222222223,103.89814814814815,0.8614641131987545,2.2353963145744458,13.883366505222206,114.90264398922697,5.690508121488364,27.245833333333334,6.375,65.25,1011.3916666666668,481.875,19.620833333333334,0.020833333333333332,8.25,17.354166666666668,218.29166666666666,4655.916666666667,0.08750000000000095,7.966666666666666,112.20833333333333
2025-10-10 00:00:00+05:00,27.46666666666667,7.7749999999999995,64.54166666666667,1011.3333333333334,530.2083333333334,19.445833333333333,0.008333333333333333,4.041666666666667,282.0416666666667,20.279166666666665,223.75,81.70416666666667,38.858333333333334,582.5,27.383333333333336,19.224999999999998,68.375,77.66666666666667,0.43,108.625,10.0,10.0,4.0,4.0,108.83333333333333,115.5,-0.20833333333333334,109.55555555555556,112.36284722222223,111.92650462962963,0.8163233605887977,2.3669305964367227,6.723697456087996,111.72755550775184,3.3834127119852995,27.900000000000002,7.2124999999999995,57.916666666666664,1011.5458333333332,721.6666666666666,17.099999999999998,0.0,0.8333333333333334,18.879166666666666,235.54166666666666,4983.083333333333,-0.20416666666666572,8.020833333333334,113.79166666666667
2025-10-11 00:00:00+05:00,27.245833333333334,6.375,65.25,1011.3916666666668,481.875,19.620833333333334,0.020833333333333332,8.25,269.375,17.354166666666668,218.29166666666666,74.15416666666667,41.454166666666666,727.3333333333334,27.458333333333332,19.733333333333334,74.16666666666667,57.875,0.45208333333333334,112.20833333333333,11.0,10.0,5.0,4.0,111.91666666666667,108.625,0.2916666666666667,111.09722222222223,109.24479166666667,112.69328703703702,0.7503583292671817,1.914342597097528,3.9574357773697773,110.13478502054194,2.5680203468873573,27.575,7.995833333333334,61.666666666666664,1011.7458333333334,581.6666666666666,18.408333333333335,0.0,0.7916666666666666,20.620833333333334,232.70833333333334,3782.8958333333335,0.14166666666667047,7.625,109.08333333333333
2025-10-12 00:00:00+05:00,27.900000000000002,7.2124999999999995,57.916666666666664,1011.5458333333332,721.6666666666666,17.099999999999998,0.0,0.8333333333333334,297.7083333333333,18.879166666666666,235.54166666666666,60.275,38.38333333333333,582.9166666666666,24.3,18.883333333333333,86.0,39.916666666666664,0.3541666666666667,113.79166666666667,12.0,10.0,6.0,4.0,114.125,112.20833333333333,-0.3333333333333333,114.06944444444444,113.5763888888889,111.72800925925925,3.096471944059074,2.7398280255529284,3.4188327554394324,113.29529645372925,3.531166190020468,27.733333333333334,8.879166666666666,61.625,1010.1583333333333,740.2083333333334,18.366666666666667,0.0,1.7083333333333333,22.599999999999998,233.16666666666666,6195.25,0.008333333333330492,10.799999999999999,108.45833333333333
2025-10-13 00:00:00+05:00,27.575,7.995833333333334,61.666666666666664,1011.7458333333334,581.6666666666666,18.408333333333335,0.0,0.7916666666666666,291.5,20.620833333333334,232.70833333333334,52.0,38.28333333333333,603.5833333333334,22.254166666666666,16.25,88.95833333333333,24.208333333333332,0.31833333333333336,109.08333333333333,13.0,10.0,0.0,4.0,109.08333333333333,113.79166666666667,0.0,109.83333333333333,111.62152777777777,111.48090277777777,2.523671926669277,6.602103919637675,4.954171830740385,111.26973145985926,5.9656781135180035,28.09583333333333,9.533333333333333,54.208333333333336,1009.2583333333333,795.4166666666666,16.245833333333334,0.0,0.2916666666666667,24.474999999999998,234.75,6181.479166666667,-0.037499999999994316,9.166666666666666,99.70833333333333
2025-10-14 00:00:00+05:00,27.733333333333334,8.879166666666666,61.625,1010.1583333333333,740.2083333333334,18.366666666666667,0.0,1.7083333333333333,297.75,22.599999999999998,233.16666666666666,43.958333333333336,35.1625,526.7916666666666,22.579166666666666,16.2625,90.625,15.208333333333334,0.25958333333333333,108.45833333333333,14.0,10.0,1.0,4.0,108.70833333333333,109.08333333333333,-0.25,108.59027777777777,108.49479166666667,111.23090277777777,2.308795665680917,2.5474340512697062,5.150814121434403,108.81920748656545,3.7355524292383264,29.016666666666666,8.395833333333334,42.416666666666664,1009.6708333333332,714.375,13.375,0.0,0.0,21.483333333333334,234.91666666666666,7056.666666666667,-0.26250000000000284,9.366666666666667,98.54166666666667
2025-10-15 00:00:00+05:00,28.09583333333333,9.533333333333333,54.208333333333336,1009.2583333333333,795.4166666666666,16.245833333333334,0.0,0.2916666666666667,313.3333333333333,24.474999999999998,234.75,33.61666666666667,29.354166666666668,524.125,21.59166666666667,16.016666666666666,99.33333333333333,6.958333333333333,0.20666666666666667,99.70833333333333,15.0,10.0,2.0,4.0,100.25,108.45833333333333,-0.5416666666666666,99.91666666666667,102.97916666666667,107.69849537037037,6.929661643730255,9.728822701070136,8.001512036470935,102.4402809309443,10.159223174343472,29.008333333333336,7.458333333333333,38.958333333333336,1011.0291666666667,588.3333333333334,12.266666666666666,0.0,0.0,19.404166666666665,235.75,7473.1875,0.0500000000000019,11.85,103.91666666666667
2025-10-16 00:00:00+05:00,29.016666666666666,8.395833333333334,42.416666666666664,1009.6708333333332,714.375,13.375,0.0,0.0,272.9583333333333,21.483333333333334,234.91666666666666,32.487500000000004,29.2,637.5,25.170833333333334,18.537499999999998,101.625,5.625,0.21916666666666665,98.54166666666667,16.0,10.0,3.0,4.0,98.54166666666667,99.70833333333333,0.0,97.8888888888889,97.49305555555556,102.98900462962963,9.283837116324465,17.312534399523777,12.396998353387074,98.09096501991421,16.44998743120915,28.46666666666667,8.054166666666667,55.125,1010.3833333333333,455.2083333333333,16.520833333333332,0.0,0.0,20.554166666666667,234.04166666666666,5990.1875,0.1333333333333305,15.641666666666666,104.5
2025-10-17 00:00:00+05:00,29.008333333333336,7.458333333333333,38.958333333333336,1011.0291666666667,588.3333333333334,12.266666666666666,0.0,0.0,304.7083333333333,19.404166666666665,235.75,38.979166666666664,32.479166666666664,693.5416666666666,30.995833333333334,19.995833333333334,99.45833333333333,11.416666666666666,0.18583333333333332,103.91666666666667,17.0,10.0,4.0,4.0,103.66666666666667,98.54166666666667,0.25,103.3888888888889,100.9236111111111,100.46527777777777,9.92775075786566,20.154784582226533,16.479167686979228,101.41694567144701,18.833788129469166,28.8,9.004166666666666,51.541666666666664,1009.0041666666666,473.5416666666667,15.191666666666668,0.0,1.7916666666666667,22.175,231.41666666666666,3937.625,0.12916666666666288,16.741666666666667,97.625
2025-10-18 00:00:00+05:00,28.46666666666667,8.054166666666667,55.125,1010.3833333333333,455.2083333333333,16.520833333333332,0.0,0.0,300.0,20.554166666666667,234.04166666666666,38.512499999999996,32.4125,739.125,31.21666666666667,21.337500000000002,101.04166666666667,10.416666666666666,0.19208333333333336,104.5,18.0,10.0,5.0,4.0,104.45833333333333,103.91666666666667,0.041666666666666664,104.0763888888889,104.05555555555556,100.82407407407408,10.292324524279989,20.414472056057104,19.31091768166153,103.64007590777396,19.72276196556433,29.204166666666666,8.729166666666666,43.375,1008.5833333333334,662.7083333333334,12.970833333333333,0.0,0.0,22.329166666666666,229.75,3699.7291666666665,-0.2374999999999924,11.945833333333333,88.375
2025-10-19 00:00:00+05:00,28.8,9.004166666666666,51.541666666666664,1009.0041666666666,473.5416666666667,15.191666666666668,0.0,1.7916666666666667,308.9583333333333,22.175,231.41666666666666,35.05416666666667,27.483333333333334,621.5833333333334,26.75,19.0,92.875,13.291666666666666,0.21541666666666667,97.625,19.0,10.0,6.0,4.0,98.0,104.5,-0.375,99.69444444444444,102.921875,102.63368055555556,9.192579693784774,21.63850819001796,20.611650210869023,102.08883315153018,20.211845715278276,29.545833333333334,7.0125,39.333333333333336,1010.3958333333334,615.8333333333334,12.975,0.0,0.875,18.008333333333333,223.70833333333334,4841.75,-0.1666666666666714,13.608333333333334,87.5
2025-10-20 00:00:00+05:00,29.204166666666666,8.729166666666666,43.375,1008.5833333333334,662.7083333333334,12.970833333333333,0.0,0.0,305.1666666666667,22.329166666666666,229.75,30.433333333333334,24.108333333333334,595.75,28.604166666666668,18.008333333333333,89.66666666666667,11.666666666666666,0.2275,88.375,20.0,10.0,0.0,4.0,88.70833333333333,97.625,-0.3333333333333333,89.74305555555556,93.26041666666667,100.0792824074074,8.383920559318286,17.138537983979074,20.232565095917867,93.18813209373955,17.47455880207502,31.066666666666666,10.3375,29.0,1011.6750000000001,905.0,10.0625,0.0,0.0,24.691666666666666,225.29166666666666,6091.9375,0.125,16.23333333333333,108.33333333333333
2025-10-21 00:00:00+05:00,29.545833333333334,7.0125,39.333333333333336,1010.3958333333334,615.8333333333334,12.975,0.0,0.875,229.0,18.008333333333333,223.70833333333334,40.35,33.78333333333333,886.6666666666666,37.333333333333336,19.933333333333334,77.95833333333333,12.125,0.32583333333333336,87.5,21.0,10.0,1.0,4.0,86.83333333333333,88.375,0.6666666666666666,86.9861111111111,87.5173611111111,94.56655092592592,6.9294168391517035,15.097526502573137,19.05490496484015,88.13054362239212,14.867268462293962,29.870833333333334,7.591666666666666,33.166666666666664,1010.5166666666668,383.9583333333333,11.075000000000001,0.0,0.0,19.3,226.375,3424.3541666666665,0.20416666666666572,16.570833333333333,106.375
2025-10-22 00:00:00+05:00,31.066666666666666,10.3375,29.0,1011.6750000000001,905.0,10.0625,0.0,0.0,59.833333333333336,24.691666666666666,225.29166666666666,43.60833333333333,36.170833333333334,702.25,32.324999999999996,16.120833333333334,91.83333333333333,13.875,0.3383333333333333,108.33333333333333,22.0,10.0,2.0,4.0,107.91666666666667,87.5,0.4166666666666667,106.50694444444444,98.4548611111111,93.0775462962963,4.033937410656493,10.88040559531895,15.66579000133674,100.12515851401913,11.926080620398421,29.766666666666666,7.466666666666666,31.75,1009.6708333333332,400.0,9.991666666666667,0.0,0.0,18.345833333333335,225.20833333333334,10979.520833333334,-0.01666666666666572,21.004166666666666,111.375
2025-10-23 00:00:00+05:00,29.870833333333334,7.591666666666666,33.166666666666664,1010.5166666666668,383.9583333333333,11.075000000000001,0.0,0.0,160.66666666666666,19.3,226.375,49.90416666666667,38.770833333333336,902.75,43.895833333333336,18.191666666666666,82.25,21.375,0.28250000000000003,106.375,23.0,10.0,3.0,4.0,106.25,108.33333333333333,0.125,106.30555555555556,107.41145833333333,97.79456018518518,4.452426615131363,6.803197938160352,14.427260863676935,105.96678967740627,8.38347301518626,30.241666666666664,7.5625,27.041666666666668,1008.4291666666667,367.2916666666667,8.383333333333335,0.0,0.0,18.099999999999998,224.125,2187.7916666666665,-0.13333333333333522,18.795833333333334,100.95833333333333
2025-10-24 00:00:00+05:00,29.766666666666666,7.466666666666666,31.75,1009.6708333333332,400.0,9.991666666666667,0.0,0.0,187.375,18.345833333333335,225.20833333333334,41.85,36.704166666666666,1223.25,52.9625,21.520833333333332,75.66666666666667,9.916666666666666,0.21583333333333332,111.375,24.0,10.0,4.0,4.0,111.54166666666667,106.375,-0.16666666666666666,111.1111111111111,109.109375,104.99189814814815,5.894766152402615,8.662311584603149,10.470459881751331,109.39898270433774,8.645726111435165,30.650000000000002,12.329166666666666,23.708333333333332,1008.1958333333333,887.0833333333334,7.045833333333333,0.0,2.0833333333333335,28.804166666666664,222.125,2292.5,-0.125,19.775000000000002,84.16666666666667
2025-10-25 00:00:00+05:00,30.241666666666664,7.5625,27.041666666666668,1008.4291666666667,367.2916666666667,8.383333333333335,0.0,0.0,121.0,18.099999999999998,224.125,31.0,27.224999999999998,1102.4166666666667,36.4,14.6875,84.54166666666667,7.333333333333333,0.19625,100.95833333333333,25.0,10.0,5.0,4.0,101.66666666666667,111.375,-0.7083333333333334,103.13194444444444,107.28472222222223,107.93518518518518,5.606970729890706,12.071447936023603,9.617163098484896,106.15918125473104,11.359013057230717,30.4375,15.666666666666666,24.583333333333332,1008.1166666666667,1037.9166666666667,7.466666666666666,0.0,25.833333333333332,36.6625,222.41666666666666,1960.1666666666667,-0.06666666666666288,21.858333333333334,80.875
2025-10-26 00:00:00+05:00,30.650000000000002,12.329166666666666,23.708333333333332,1008.1958333333333,887.0833333333334,7.045833333333333,0.0,2.0833333333333335,45.833333333333336,28.804166666666664,222.125,25.675,22.8125,571.2916666666666,19.075,11.345833333333333,100.79166666666667,5.458333333333333,0.19499999999999998,84.16666666666667,26.0,10.0,6.0,4.0,84.58333333333333,100.95833333333333,-0.4166666666666667,85.29861111111111,91.29340277777777,102.5625,6.912439816710857,13.516251188753648,14.265096124375082,90.94430318825472,14.631808212336205,29.4875,16.587500000000002,32.583333333333336,1008.8916666666668,1061.6666666666667,11.016666666666666,0.0,56.625,39.74166666666667,216.20833333333334,12927.291666666666,-0.02916666666666856,23.604166666666668,92.83333333333333
2025-10-27 00:00:00+05:00,30.4375,15.666666666666666,24.583333333333332,1008.1166666666667,1037.9166666666667,7.466666666666666,0.0,25.833333333333332,40.708333333333336,36.6625,222.41666666666666,28.954166666666666,24.958333333333332,506.5416666666667,13.75,10.783333333333333,105.16666666666667,7.458333333333333,0.23291666666666666,80.875,27.0,10.0,0.0,4.0,80.70833333333333,84.16666666666667,0.16666666666666666,81.36805555555556,82.80034722222221,93.79282407407408,5.3111202246927105,12.796355110777135,16.412943988084823,83.4943039353886,12.69454417268112,29.0,16.179166666666667,36.125,1008.7708333333334,1100.4166666666667,11.983333333333334,0.0,5.25,38.75416666666667,216.625,18922.479166666668,0.07916666666666572,22.97083333333333,108.20833333333333
2025-10-28 00:00:00+05:00,29.4875,16.587500000000002,32.583333333333336,1008.8916666666668,1061.6666666666667,11.016666666666666,0.0,56.625,42.5,39.74166666666667,216.20833333333334,41.329166666666666,34.65,500.4583333333333,11.387500000000001,13.058333333333332,115.04166666666667,12.5,0.34791666666666665,92.83333333333333,28.0,10.0,1.0,4.0,92.125,80.875,0.7083333333333334,89.77083333333333,84.79340277777777,86.2957175925926,5.198802782721017,9.335573363286203,13.037754454605206,86.24399542190504,10.01937397692702,29.520833333333332,14.616666666666667,35.625,1008.3916666666668,1051.875,12.529166666666667,0.0,32.541666666666664,35.025,207.875,19614.604166666668,0.07916666666666572,18.470833333333335,90.91666666666667
2025-10-29 00:00:00+05:00,29.0,16.179166666666667,36.125,1008.7708333333334,1100.4166666666667,11.983333333333334,0.0,5.25,44.833333333333336,38.75416666666667,216.625,39.09583333333333,35.025,469.7916666666667,12.0625,11.470833333333333,100.20833333333333,7.458333333333333,0.26166666666666666,108.20833333333333,29.0,10.0,2.0,4.0,108.04166666666667,92.83333333333333,0.16666666666666666,108.59722222222223,103.22395833333333,90.27256944444444,3.6793092854904597,10.416776794942498,14.662475357351523,103.26042666977845,11.736322695653337,29.575,7.616666666666667,34.666666666666664,1009.4083333333333,479.375,11.929166666666667,0.0,16.041666666666668,20.4,213.375,19320.604166666668,-0.17083333333333428,17.016666666666666,107.41666666666667
2025-10-30 00:00:00+05:00,29.520833333333332,14.616666666666667,35.625,1008.3916666666668,1051.875,12.529166666666667,0.0,32.541666666666664,40.791666666666664,35.025,207.875,36.166666666666664,31.920833333333334,464.75,15.208333333333334,11.091666666666667,91.91666666666667,7.416666666666667,0.29833333333333334,90.91666666666667,30.0,10.0,3.0,4.0,91.25,108.20833333333333,-0.3333333333333333,92.63194444444444,100.5954861111111,96.2042824074074,2.3927418823850526,7.185378673003065,13.343066443168068,98.13026804703192,8.65184683074091,27.825,7.791666666666667,38.75,1009.7916666666666,235.0,11.6,0.0,9.833333333333334,19.304166666666667,213.91666666666666,17010.333333333332,0.15000000000000568,16.991666666666667,160.83333333333334
2025-10-31 00:00:00+05:00,29.575,7.616666666666667,34.666666666666664,1009.4083333333333,479.375,11.929166666666667,0.0,16.041666666666668,86.04166666666667,20.4,213.375,68.83333333333333,55.725,929.0416666666666,28.833333333333332,19.462500000000002,89.0,25.333333333333332,0.45083333333333336,107.41666666666667,31.0,10.0,4.0,4.0,105.25,90.91666666666667,2.1666666666666665,101.125,94.29340277777777,99.37094907407408,3.0446531817210034,5.578858447017013,10.521497092836508,96.94127939061237,7.361638820378583,27.479166666666668,7.991666666666667,50.583333333333336,1010.1750000000001,410.8333333333333,14.541666666666666,0.0,11.291666666666666,19.695833333333333,212.33333333333334,3579.4583333333335,0.029166666666659086,17.645833333333332,157.58333333333334
2025-11-01 00:00:00+05:00,27.825,7.791666666666667,38.75,1009.7916666666666,235.0,11.6,0.0,9.833333333333334,182.20833333333334,19.304166666666667,213.91666666666666,82.17916666666666,72.42083333333333,1176.8333333333333,50.03333333333333,24.84166666666667,68.66666666666667,18.416666666666668,0.43416666666666665,160.83333333333334,1.0,11.0,5.0,4.0,160.125,107.41666666666667,0.7083333333333334,156.75,136.046875,110.3119212962963,3.0697767120953947,18.022328837175074,23.330687870202294,138.43050380419746,23.368243233046133,25.795833333333334,9.137500000000001,77.83333333333333,1009.0625,329.5833333333333,21.354166666666668,0.0,2.375,22.962500000000002,207.375,1858.75,0.08750000000000568,16.224999999999998,115.66666666666667
2025-11-02 00:00:00+05:00,27.479166666666668,7.991666666666667,50.583333333333336,1010.1750000000001,410.8333333333333,14.541666666666666,0.0,11.291666666666666,292.1666666666667,19.695833333333333,212.33333333333334,61.37916666666666,54.9,963.5,43.21666666666667,26.945833333333336,70.54166666666667,11.875,0.31708333333333333,157.58333333333334,2.0,11.0,6.0,4.0,158.04166666666666,160.83333333333334,-0.4583333333333333,159.11805555555557,161.20486111111111,130.51504629629628,0.8487039792149912,2.4534746033551285,30.937993498746867,157.53666040412355,12.399812985578928,28.25,12.670833333333334,45.583333333333336,1008.5708333333333,513.75,11.112499999999999,0.0,5.875,28.925,215.125,3612.0208333333335,0.029166666666663826,12.9375,89.375
2025-11-03 00:00:00+05:00,25.795833333333334,9.137500000000001,77.83333333333333,1009.0625,329.5833333333333,21.354166666666668,0.0,2.375,274.75,22.962500000000002,207.375,56.49166666666667,33.170833333333334,710.7916666666666,23.4375,14.116666666666667,60.375,40.041666666666664,0.22583333333333333,115.66666666666667,3.0,11.0,0.0,4.0,117.91666666666667,157.58333333333334,-2.25,123.4513888888889,140.58854166666666,145.94675925925927,4.16415063873281,13.362527103868551,21.110881413682215,136.9145131400782,15.949266442756098,27.191666666666666,8.991666666666667,23.541666666666668,1010.3625000000001,424.1666666666667,3.233333333333333,0.0,8.875,22.666666666666668,215.25,3509.375,-0.20416666666666572,4.441666666666666,84.125
2025-11-04 00:00:00+05:00,28.25,12.670833333333334,45.583333333333336,1008.5708333333333,513.75,11.112499999999999,0.0,5.875,305.9583333333333,28.925,215.125,45.041666666666664,28.037499999999998,452.875,22.21666666666667,12.620833333333332,69.41666666666667,29.625,0.2325,89.375,4.0,11.0,1.0,4.0,89.83333333333333,115.66666666666667,-0.4583333333333333,91.29166666666667,99.84895833333333,133.88078703703704,1.2400691715724361,7.774847096969583,27.7394396946369,101.55862521053598,16.83357932873621,25.116666666666664,6.875,38.583333333333336,1012.4291666666667,288.125,8.358333333333333,0.0,0.0,17.545833333333334,213.45833333333334,7639.270833333333,0.02916666666666856,17.1375,124.83333333333333
2025-11-05 00:00:00+05:00,27.191666666666666,8.991666666666667,23.541666666666668,1010.3625000000001,424.1666666666667,3.233333333333333,0.0,8.875,212.83333333333334,22.666666666666668,215.25,44.78333333333333,31.833333333333332,984.6666666666666,35.858333333333334,13.616666666666667,65.5,23.083333333333332,0.18458333333333332,84.125,5.0,11.0,2.0,4.0,83.95833333333333,89.375,0.16666666666666666,84.02083333333333,86.1545138888889,108.86400462962963,0.6848407691283218,1.9812778116654377,25.3182037870304,87.44077153804072,8.62432014750326,24.724999999999998,7.658333333333334,51.541666666666664,1014.1583333333333,508.5416666666667,10.8375,0.0,0.125,18.658333333333335,209.75,2339.375,0.3125,23.958333333333332,132.79166666666666
2025-11-06 00:00:00+05:00,25.116666666666664,6.875,38.583333333333336,1012.4291666666667,288.125,8.358333333333333,0.0,0.0,203.54166666666666,17.545833333333334,213.45833333333334,67.56666666666666,52.15,1097.2916666666667,48.85,26.75,73.125,27.25,0.29541666666666666,124.83333333333333,6.0,11.0,3.0,4.0,122.66666666666667,84.125,2.1666666666666665,116.65972222222223,98.8298611111111,94.94444444444444,4.649060208125829,13.461033545745272,13.944163748219681,103.25092670598546,15.139444035185983,23.891666666666666,7.508333333333333,66.75,1015.0083333333333,346.4583333333333,16.8125,0.0,0.4166666666666667,18.966666666666665,204.70833333333334,2156.0833333333335,0.21666666666666382,16.758333333333333,114.41666666666667
2025-11-07 00:00:00+05:00,24.724999999999998,7.658333333333334,51.541666666666664,1014.1583333333333,508.5416666666667,10.8375,0.0,0.125,311.4583333333333,18.658333333333335,209.75,61.50833333333333,43.666666666666664,796.4583333333334,34.07083333333333,19.537499999999998,74.08333333333333,30.583333333333332,0.2941666666666667,132.79166666666666,7.0,11.0,4.0,4.0,133.625,124.83333333333333,-0.8333333333333334,135.46527777777777,134.97048611111111,106.65162037037037,1.4073242498090783,7.562765314174474,23.849429066304804,131.40355527562477,14.74977685492523,23.6375,5.541666666666667,68.875,1013.6541666666667,305.8333333333333,17.120833333333334,0.0,2.625,15.679166666666667,198.25,4743.541666666667,0.20416666666667047,13.887500000000001,124.54166666666667
2025-11-08 00:00:00+05:00,23.891666666666666,7.508333333333333,66.75,1015.0083333333333,346.4583333333333,16.8125,0.0,0.4166666666666667,297.5833333333333,18.966666666666665,204.70833333333334,55.75,42.44583333333333,936.0833333333334,30.425,17.962500000000002,73.25,21.458333333333332,0.22208333333333333,114.41666666666667,8.0,11.0,5.0,4.0,114.66666666666667,132.79166666666666,-0.25,115.79166666666667,122.50520833333333,118.76851851851852,1.3381731871433964,6.149229638769448,19.611244442897103,121.16981780133464,8.917119689992296,23.5,5.6000000000000005,66.375,1012.65,380.2083333333333,16.666666666666668,0.0,1.375,15.791666666666666,195.58333333333334,3571.1041666666665,0.0,7.079166666666667,106.875
2025-11-09 00:00:00+05:00,23.6375,5.541666666666667,68.875,1013.6541666666667,305.8333333333333,17.120833333333334,0.0,2.625,167.29166666666666,15.679166666666667,198.25,70.74583333333334,43.541666666666664,1460.0416666666667,38.6875,22.979166666666668,51.333333333333336,43.375,0.21125000000000002,124.54166666666667,9.0,11.0,6.0,4.0,124.33333333333333,114.41666666666667,0.20833333333333334,123.40277777777777,118.6892361111111,125.38831018518518,1.4888340543115992,4.066402205716342,10.514243523026165,120.66642870788634,5.7620371197843205,23.370833333333334,5.354166666666667,69.29166666666667,1013.9333333333334,341.875,17.220833333333335,0.0,20.875,15.283333333333333,195.625,2327.4583333333335,-0.26250000000000284,6.516666666666667,110.375
2025-11-10 00:00:00+05:00,23.5,5.6000000000000005,66.375,1012.65,380.2083333333333,16.666666666666668,0.0,1.375,277.2083333333333,15.791666666666666,195.58333333333334,48.025,35.012499999999996,1276.0,41.15416666666667,23.079166666666666,53.375,19.041666666666668,0.21416666666666664,106.875,10.0,11.0,0.0,4.0,107.79166666666667,124.54166666666667,-0.9166666666666666,110.43055555555556,118.765625,119.98668981481482,2.0739524076215243,6.560329289087097,7.529074276772548,116.28298352208492,7.28849611822206,23.75,6.516666666666667,70.0,1015.4916666666667,342.5,17.508333333333333,0.0,0.20833333333333334,17.066666666666666,195.41666666666666,3413.3958333333335,0.012500000000002842,6.833333333333332,102.04166666666667
2025-11-11 00:00:00+05:00,23.370833333333334,5.354166666666667,69.29166666666667,1013.9333333333334,341.875,17.220833333333335,0.0,20.875,167.58333333333334,15.283333333333333,195.625,48.5,41.225,1232.25,47.512499999999996,30.45,55.958333333333336,9.625,0.19416666666666668,110.375,11.0,11.0,1.0,4.0,109.70833333333333,106.875,0.6666666666666666,107.8888888888889,104.64930555555556,114.03472222222223,1.525883223282677,6.191243545288411,9.811074419013929,107.03492133473297,7.8072151235568805,23.991666666666664,6.9125000000000005,67.375,1016.4416666666666,385.625,16.745833333333334,0.0,0.125,17.679166666666667,196.16666666666666,2486.1041666666665,0.22916666666666194,6.1499999999999995,91.20833333333333
2025-11-12 00:00:00+05:00,23.75,6.516666666666667,70.0,1015.4916666666667,342.5,17.508333333333333,0.0,0.20833333333333334,222.25,17.066666666666666,195.41666666666666,37.895833333333336,31.22083333333333,819.25,39.43333333333333,25.2375,65.45833333333333,9.75,0.18041666666666667,102.04166666666667,12.0,11.0,2.0,4.0,102.95833333333333,110.375,-0.9166666666666666,104.8263888888889,109.6232638888889,111.01273148148148,2.6923186003259967,6.065292480694776,9.319812792394872,107.7902852998481,6.746682813521613,23.945833333333336,7.5249999999999995,60.25,1015.75,533.5416666666666,14.616666666666667,0.0,0.0,18.866666666666667,196.08333333333334,2633.1666666666665,0.15416666666666856,6.241666666666666,88.75
2025-11-13 00:00:00+05:00,23.991666666666664,6.9125000000000005,67.375,1016.4416666666666,385.625,16.745833333333334,0.0,0.125,217.125,17.679166666666667,196.16666666666666,38.175000000000004,27.47083333333333,778.9166666666666,29.77916666666667,25.400000000000002,79.125,17.791666666666668,0.1729166666666667,91.20833333333333,13.0,11.0,3.0,4.0,91.54166666666667,102.04166666666667,-0.3333333333333333,91.09722222222223,94.05555555555556,102.77604166666667,5.033238956454727,7.349826088569497,9.644821364787711,94.5326549263241,9.492415741185534,23.991666666666664,7.7875000000000005,48.458333333333336,1016.3125,498.5416666666667,11.125,0.0,0.0,19.125,196.625,2876.3333333333335,0.012499999999998105,7.245833333333334,87.79166666666667
2025-11-14 00:00:00+05:00,23.945833333333336,7.5249999999999995,60.25,1015.75,533.5416666666666,14.616666666666667,0.0,0.0,267.875,18.866666666666667,196.08333333333334,34.762499999999996,27.645833333333332,808.125,33.6,23.962500000000002,68.91666666666667,12.666666666666666,0.13166666666666668,88.75,14.0,11.0,4.0,4.0,88.75,91.20833333333333,0.0,89.83333333333333,90.60590277777777,98.0949074074074,4.379932581516376,10.801547718464695,12.001519605999365,90.98329024554526,9.99295009239299,24.558333333333334,7.0625,37.791666666666664,1018.1875,509.1666666666667,8.133333333333335,0.0,0.0,17.179166666666667,196.08333333333334,4651.041666666667,-0.058333333333332384,9.329166666666667,91.95833333333333
2025-11-15 00:00:00+05:00,23.991666666666664,7.7875000000000005,48.458333333333336,1016.3125,498.5416666666667,11.125,0.0,0.0,238.5,19.125,196.625,34.15833333333333,29.575,875.0833333333334,40.05416666666667,25.224999999999998,64.83333333333333,8.0,0.135,87.79166666666667,15.0,11.0,5.0,4.0,87.66666666666667,88.75,0.125,87.46527777777777,88.0798611111111,90.91377314814815,3.1782469729021297,5.77423343271954,8.8101280182931,88.23018139025949,6.554082574520842,23.704166666666666,6.550000000000001,40.0,1017.5041666666666,362.2916666666667,8.5875,0.0,0.0,17.0125,195.83333333333334,3426.625,0.18750000000000475,12.866666666666667,104.58333333333333
2025-11-16 00:00:00+05:00,24.558333333333334,7.0625,37.791666666666664,1018.1875,509.1666666666667,8.133333333333335,0.0,0.0,136.79166666666666,17.179166666666667,196.08333333333334,31.495833333333334,30.929166666666664,1228.5833333333333,46.45416666666667,24.375,71.125,0.8333333333333334,0.12666666666666668,91.95833333333333,16.0,11.0,6.0,4.0,91.875,87.79166666666667,0.08333333333333333,91.36805555555556,89.57465277777777,89.4201388888889,5.117253114018799,6.885522059313889,8.260405371331194,89.95090876209572,6.98485384709065,23.2625,6.516666666666667,58.083333333333336,1015.6083333333332,360.8333333333333,13.979166666666666,0.0,0.0,17.0125,191.58333333333334,2098.9375,0.19166666666666288,16.425,112.33333333333333
2025-11-17 00:00:00+05:00,23.704166666666666,6.550000000000001,40.0,1017.5041666666666,362.2916666666667,8.5875,0.0,0.0,150.375,17.0125,195.83333333333334,34.69583333333333,34.166666666666664,1008.7083333333334,48.020833333333336,33.00833333333333,79.75,1.0416666666666667,0.13916666666666666,104.58333333333333,17.0,11.0,0.0,4.0,104.25,91.95833333333333,0.3333333333333333,101.31944444444444,95.77256944444444,91.1423611111111,7.392956920995111,11.489218491772213,9.051277056478195,96.76103704488793,11.29809011227293,23.087500000000002,6.570833333333333,62.791666666666664,1014.8375,354.7916666666667,15.179166666666667,0.0,0.0,16.516666666666666,189.375,2590.5625,-0.20416666666667047,15.116666666666667,117.91666666666667
2025-11-18 00:00:00+05:00,23.2625,6.516666666666667,58.083333333333336,1015.6083333333332,360.8333333333333,13.979166666666666,0.0,0.0,195.75,17.0125,191.58333333333334,44.12083333333334,41.9125,781.0,42.604166666666664,32.34583333333333,78.58333333333333,3.0416666666666665,0.18833333333333335,112.33333333333333,18.0,11.0,1.0,4.0,111.58333333333333,104.58333333333333,0.75,111.2638888888889,108.28472222222223,97.87731481481482,8.460628169417218,17.724011479822767,15.058528799213962,107.8550721334625,16.631791520432497,23.15416666666667,7.0249999999999995,66.66666666666667,1015.7166666666667,332.7083333333333,16.025000000000002,0.0,0.0,17.391666666666666,188.54166666666666,2124.4583333333335,-0.2833333333333267,9.283333333333333,111.16666666666667
2025-11-19 00:00:00+05:00,23.087500000000002,6.570833333333333,62.791666666666664,1014.8375,354.7916666666667,15.179166666666667,0.0,0.0,243.375,16.516666666666666,189.375,44.0875,41.47083333333333,810.9583333333334,40.725,30.620833333333334,73.75,3.25,0.23916666666666667,117.91666666666667,19.0,11.0,2.0,4.0,117.91666666666667,112.33333333333333,0.0,118.6388888888889,117.6076388888889,107.22164351851852,3.884285931633908,11.425398189251892,16.61847115158847,116.91909807000219,11.86356365493797,23.579166666666666,6.429166666666667,54.5,1016.6833333333334,269.375,12.208333333333334,0.0,0.7916666666666666,16.179166666666667,188.25,2585.2916666666665,0.054166666666664774,7.908333333333334,105.79166666666667
2025-11-20 00:00:00+05:00,23.15416666666667,7.0249999999999995,66.66666666666667,1015.7166666666667,332.7083333333333,16.025000000000002,0.0,0.0,233.125,17.391666666666666,188.54166666666666,36.725,35.56666666666667,801.4166666666666,31.7625,30.129166666666666,84.16666666666667,0.7083333333333334,0.24125,111.16666666666667,20.0,11.0,3.0,4.0,111.79166666666667,117.91666666666667,-0.625,111.88194444444444,114.578125,113.49016203703702,5.588868854138203,8.094263334936661,13.740669328018035,113.88116100988954,9.278795443535154,23.516666666666666,6.829166666666667,50.708333333333336,1015.9375,316.25,12.041666666666666,0.0,10.708333333333334,17.370833333333334,187.20833333333334,2032.9166666666667,0.09583333333333144,7.129166666666666,130.04166666666666
2025-11-21 00:00:00+05:00,23.579166666666666,6.429166666666667,54.5,1016.6833333333334,269.375,12.208333333333334,0.0,0.7916666666666666,159.83333333333334,16.179166666666667,188.25,40.987500000000004,40.09166666666667,956.5416666666666,41.766666666666666,33.3125,72.08333333333333,0.9583333333333334,0.23583333333333334,105.79166666666667,21.0,11.0,4.0,4.0,105.45833333333333,111.16666666666667,0.3333333333333333,105.50694444444444,107.46006944444444,113.21527777777777,6.9614025047353145,13.139988820958388,12.05682100914209,107.58622137092084,12.632787675374532,22.962500000000002,6.5874999999999995,52.666666666666664,1015.1708333333332,339.375,12.1,0.0,4.25,16.3125,186.66666666666666,1613.6458333333333,0.09583333333333144,11.370833333333332,155.08333333333334
2025-11-22 00:00:00+05:00,23.516666666666666,6.829166666666667,50.708333333333336,1015.9375,316.25,12.041666666666666,0.0,10.708333333333334,155.66666666666666,17.370833333333334,187.20833333333334,59.1625,55.25833333333333,1009.5416666666666,43.88333333333333,30.608333333333334,80.20833333333333,7.0,0.34625,130.04166666666666,22.0,11.0,5.0,4.0,128.45833333333334,105.79166666666667,1.5833333333333333,125.84722222222223,116.109375,112.71585648148148,5.154234406599097,12.374585733973928,12.661363821512628,118.35682467551352,12.757456797011576,22.8875,7.2,43.791666666666664,1016.0291666666667,455.0,8.820833333333333,0.0,0.0,17.658333333333335,188.29166666666666,2130.0625,-0.1749999999999924,11.475,149.33333333333334
2025-11-23 00:00:00+05:00,22.962500000000002,6.5874999999999995,52.666666666666664,1015.1708333333332,339.375,12.1,0.0,4.25,154.58333333333334,16.3125,186.66666666666666,72.97500000000001,65.78333333333333,1134.4583333333333,48.74583333333334,33.47083333333333,68.58333333333333,13.291666666666666,0.40208333333333335,155.08333333333334,23.0,11.0,6.0,4.0,154.66666666666666,130.04166666666666,0.4166666666666667,153.60416666666666,144.68923611111111,122.75289351851852,1.2316044549859277,8.420374751312934,20.107180410618906,144.59685842844343,13.580411480451138,22.974999999999998,10.216666666666667,32.25,1016.3041666666667,711.4583333333334,4.8125,0.0,0.0,23.712500000000002,187.16666666666666,2319.25,-0.012500000000002842,10.862499999999999,121.16666666666667
2025-11-24 00:00:00+05:00,22.8875,7.2,43.791666666666664,1016.0291666666667,455.0,8.820833333333333,0.0,0.0,124.75,17.658333333333335,188.29166666666666,51.737500000000004,48.92083333333333,1151.0833333333333,48.59583333333333,25.587500000000002,60.666666666666664,5.166666666666667,0.28125,149.33333333333334,24.0,11.0,0.0,4.0,150.16666666666666,155.08333333333334,-0.8333333333333334,151.88194444444446,154.70138888888889,138.5,1.4310716809606319,2.6095014619265293,18.98319444596784,152.51489915351777,7.214685649647901,23.337500000000002,7.695833333333333,30.541666666666668,1015.2708333333334,686.875,4.445833333333334,0.0,0.0,18.716666666666665,184.20833333333334,2185.8541666666665,0.2416666666666695,14.066666666666668,111.83333333333333
2025-11-25 00:00:00+05:00,22.974999999999998,10.216666666666667,32.25,1016.3041666666667,711.4583333333334,4.8125,0.0,0.0,27.958333333333332,23.712500000000002,187.16666666666666,40.37916666666667,38.791666666666664,720.4583333333334,25.945833333333336,19.0625,90.625,2.875,0.3045833333333333,121.16666666666667,25.0,11.0,1.0,4.0,122.33333333333333,149.33333333333334,-1.1666666666666667,125.02083333333333,135.47743055555557,144.9560185185185,2.4356397455000667,8.925970583036769,12.730681709874512,133.9049859552844,11.207813377884563,22.925,12.012500000000001,28.041666666666668,1016.8166666666666,800.8333333333334,2.8791666666666664,0.0,0.0,27.55,184.83333333333334,7128.9375,-0.22916666666666666,18.162499999999998,98.75
2025-11-26 00:00:00+05:00,23.337500000000002,7.695833333333333,30.541666666666668,1015.2708333333334,686.875,4.445833333333334,0.0,0.0,93.125,18.716666666666665,184.20833333333334,39.612500000000004,38.550000000000004,862.375,26.620833333333334,18.625,92.25,1.7916666666666667,0.33375,111.83333333333333,26.0,11.0,2.0,4.0,111.83333333333333,121.16666666666667,0.0,112.22222222222223,115.21527777777777,135.13136574074073,1.83927420051352,4.575906513847644,17.60568276000444,116.63470103437517,9.09676061656562,22.491666666666664,11.845833333333333,29.083333333333332,1016.8333333333334,721.25,3.295833333333333,0.0,0.0,27.316666666666666,183.66666666666666,3388.4166666666665,0.12083333333333239,18.891666666666666,98.41666666666667
2025-11-27 00:00:00+05:00,22.925,12.012500000000001,28.041666666666668,1016.8166666666666,800.8333333333334,2.8791666666666664,0.0,0.0,25.791666666666668,27.55,184.83333333333334,34.63333333333333,33.675000000000004,617.7083333333334,16.075,16.183333333333334,103.5,1.6666666666666667,0.33208333333333334,98.75,27.0,11.0,3.0,4.0,99.29166666666667,111.83333333333333,-0.5416666666666666,100.83333333333333,106.5763888888889,119.08969907407408,1.4330410798026962,4.895285507721362,13.915748079092305,105.91492030342283,7.047055585030318,22.27916666666667,10.004166666666666,31.791666666666668,1015.4791666666666,590.0,4.0625,0.0,4.208333333333333,23.0625,183.91666666666666,10384.8125,0.1374999999999981,20.045833333333334,113.16666666666667
2025-11-28 00:00:00+05:00,22.491666666666664,11.845833333333333,29.083333333333332,1016.8333333333334,721.25,3.295833333333333,0.0,0.0,31.5,27.316666666666666,183.66666666666666,38.52916666666667,37.541666666666664,704.5,16.441666666666666,20.420833333333334,111.29166666666667,1.625,0.3529166666666667,98.41666666666667,28.0,11.0,4.0,4.0,98.08333333333333,98.75,0.3333333333333333,97.34027777777777,96.890625,106.22743055555556,1.1029243854569377,1.8197674864461961,8.72089048921412,98.11888572688292,4.729266307558791,21.708333333333332,7.8500000000000005,36.25,1014.5500000000001,368.5416666666667,4.920833333333333,0.0,0.5833333333333334,19.095833333333335,179.33333333333334,8461.458333333334,-0.1374999999999981,19.195833333333333,107.16666666666667
2025-11-29 00:00:00+05:00,22.27916666666667,10.004166666666666,31.791666666666668,1015.4791666666666,590.0,4.0625,0.0,4.208333333333333,38.583333333333336,23.0625,183.91666666666666,41.7125,40.77916666666667,797.2916666666666,19.541666666666668,23.712500000000002,112.625,1.5416666666666667,0.3183333333333333,113.16666666666667,29.0,11.0,5.0,4.0,112.75,98.41666666666667,0.4166666666666667,111.4375,105.28645833333333,102.91782407407408,1.515620351011318,4.974357919639391,7.0809164902473425,106.51905814602509,5.920399284200976,21.433333333333334,7.029166666666666,47.583333333333336,1013.6791666666667,301.0416666666667,8.316666666666666,0.0,0.375,17.120833333333334,182.29166666666666,5284.458333333333,-0.18333333333333712,18.216666666666665,97.25
2025-11-30 00:00:00+05:00,21.708333333333332,7.8500000000000005,36.25,1014.5500000000001,368.5416666666667,4.920833333333333,0.0,0.5833333333333334,107.45833333333333,19.095833333333335,179.33333333333334,36.275,35.729166666666664,915.2916666666666,32.06666666666667,28.129166666666666,92.375,0.9583333333333334,0.32625,107.16666666666667,30.0,11.0,6.0,4.0,107.75,113.16666666666667,-0.5833333333333334,109.2013888888889,112.37152777777777,104.84953703703702,1.8464817994181286,3.4916443265365404,7.899017957891228,110.63443942015486,4.809342606230793,20.712500000000002,6.2124999999999995,43.125,1013.8791666666666,258.9583333333333,7.395833333333333,0.0,2.4583333333333335,16.045833333333334,181.625,2028.9791666666667,-0.06666666666666761,16.787499999999998,92.41666666666667
2025-12-01 00:00:00+05:00,21.433333333333334,7.029166666666666,47.583333333333336,1013.6791666666667,301.0416666666667,8.316666666666666,0.0,0.375,314.875,17.120833333333334,182.29166666666666,34.975,30.058333333333334,1097.625,42.7125,23.47083333333333,54.916666666666664,8.708333333333334,0.16708333333333333,97.25,1.0,12.0,0.0,4.0,97.66666666666667,107.16666666666667,-0.4166666666666667,98.77777777777777,102.4982638888889,106.71875,1.4419967682572394,3.665768972786872,6.736206855922024,102.27837770404135,4.978330001836555,21.337500000000002,10.004166666666666,27.416666666666668,1016.4583333333334,515.0,0.24583333333333335,0.0,43.583333333333336,22.791666666666668,182.45833333333334,2747.4375,-0.08333333333333333,13.116666666666667,102.83333333333333
2025-12-02 00:00:00+05:00,20.712500000000002,6.2124999999999995,43.125,1013.8791666666666,258.9583333333333,7.395833333333333,0.0,2.4583333333333335,105.08333333333333,16.045833333333334,181.625,49.65,40.03333333333333,1257.2083333333333,49.76666666666667,35.854166666666664,62.791666666666664,16.0,0.18541666666666667,92.41666666666667,2.0,12.0,1.0,4.0,91.58333333333333,97.25,0.8333333333333334,90.41666666666667,92.19965277777777,102.35648148148148,1.4307277954095803,3.7606808089867205,9.10424139259366,92.69932665688295,5.540225508583524,22.329166666666666,8.625,26.541666666666668,1017.6666666666666,478.5416666666667,1.7791666666666668,0.0,0.041666666666666664,20.0875,178.45833333333334,1434.5833333333333,0.17083333333333428,13.316666666666668,81.83333333333333
2025-12-03 00:00:00+05:00,21.337500000000002,10.004166666666666,27.416666666666668,1016.4583333333334,515.0,0.24583333333333335,0.0,43.583333333333336,44.958333333333336,22.791666666666668,182.45833333333334,27.224999999999998,25.770833333333332,664.0,24.370833333333334,15.7875,85.66666666666667,2.75,0.16041666666666668,102.83333333333333,3.0,12.0,2.0,4.0,103.91666666666667,92.41666666666667,-1.0833333333333333,105.15972222222223,101.30381944444444,98.66724537037037,2.64733613150192,7.856533620136445,7.900894413286571,101.81878330725566,8.285176488470634,21.691666666666666,6.558333333333334,32.791666666666664,1018.1666666666666,253.33333333333334,3.7583333333333333,0.0,27.916666666666668,15.520833333333334,178.79166666666666,5249.291666666667,0.32500000000000284,21.091666666666665,77.75
2025-12-04 00:00:00+05:00,22.329166666666666,8.625,26.541666666666668,1017.6666666666666,478.5416666666667,1.7791666666666668,0.0,0.041666666666666664,53.416666666666664,20.0875,178.45833333333334,26.675,25.925,752.25,19.908333333333335,17.474999999999998,90.04166666666667,1.4166666666666667,0.16708333333333333,81.83333333333333,4.0,12.0,3.0,4.0,81.875,102.83333333333333,-0.041666666666666664,82.625,90.08680555555556,94.5300925925926,1.2646365111574605,7.639667296999129,9.590183095444987,88.76383738859396,9.338150379730918,22.825,10.116666666666667,28.041666666666668,1018.2416666666667,416.875,2.75,0.0,66.83333333333333,22.72083333333333,143.66666666666666,3844.3333333333335,0.02499999999999621,20.55,74.54166666666667
2025-12-05 00:00:00+05:00,21.691666666666666,6.558333333333334,32.791666666666664,1018.1666666666666,253.33333333333334,3.7583333333333333,0.0,27.916666666666668,97.41666666666667,15.520833333333334,178.79166666666666,22.229166666666668,22.045833333333334,1134.6666666666667,27.53333333333333,18.358333333333334,78.375,0.16666666666666666,0.15,77.75,5.0,12.0,4.0,4.0,78.08333333333333,81.83333333333333,-0.3333333333333333,78.5625,80.37326388888889,90.58796296296298,2.1801362969960767,2.6677832742103305,11.805281479383348,80.87480449925125,5.613853860962561,22.516666666666666,7.145833333333333,27.958333333333332,1017.8166666666666,372.5,2.5791666666666666,0.0,29.041666666666668,16.645833333333332,173.70833333333334,1171.8333333333333,0.10833333333333428,17.933333333333334,105.16666666666667
2025-12-06 00:00:00+05:00,22.825,10.116666666666667,28.041666666666668,1018.2416666666667,416.875,2.75,0.0,66.83333333333333,55.541666666666664,22.72083333333333,143.66666666666666,25.195833333333336,25.0,720.2916666666666,21.170833333333334,14.9,80.75,0.08333333333333333,0.23958333333333334,74.54166666666667,6.0,12.0,5.0,4.0,74.375,77.75,0.16666666666666666,74.61111111111111,75.89409722222221,82.11805555555556,1.0959280456940148,3.678832994565422,8.068364411661031,76.12142833567025,4.212168076662337,22.670833333333334,6.8625,28.916666666666668,1018.1416666666668,315.4166666666667,2.6458333333333335,0.0,0.0,16.425,178.83333333333334,4278.395833333333,-0.10416666666666667,20.075,110.75
2025-12-07 00:00:00+05:00,22.516666666666666,7.145833333333333,27.958333333333332,1017.8166666666666,372.5,2.5791666666666666,0.0,29.041666666666668,108.33333333333333,16.645833333333332,173.70833333333334,45.925000000000004,45.60833333333333,928.0833333333334,33.69583333333333,22.0125,70.75,0.5416666666666666,0.22333333333333336,105.16666666666667,7.0,12.0,6.0,4.0,103.25,74.54166666666667,1.9166666666666667,98.56944444444444,85.28472222222221,80.51736111111111,3.5158401669979447,9.764495298037613,8.358717045162237,88.4773230816413,10.888069818766445,22.758333333333336,6.220833333333334,32.5,1017.6333333333333,193.75,4.791666666666667,0.0,0.0,15.258333333333333,178.875,1645.5,-0.04999999999999716,19.9375,83.33333333333333
2025-12-08 00:00:00+05:00,22.670833333333334,6.8625,28.916666666666668,1018.1416666666668,315.4166666666667,2.6458333333333335,0.0,0.0,70.79166666666667,16.425,178.83333333333334,30.2375,29.925,931.7083333333334,31.891666666666666,16.7625,71.25,0.625,0.13333333333333333,110.75,8.0,12.0,0.0,4.0,112.16666666666667,105.16666666666667,-1.4166666666666667,114.72916666666667,114.84895833333333,92.00925925925925,2.543855115329052,8.429573670503034,19.25736470857872,111.83375887673265,13.24224236385628,21.587500000000002,5.791666666666667,42.75,1017.3583333333332,220.41666666666666,7.3374999999999995,0.0,0.0,14.366666666666667,178.29166666666666,1562.125,0.0874999999999962,20.025,90.29166666666667
2025-12-09 00:00:00+05:00,22.758333333333336,6.220833333333334,32.5,1017.6333333333333,193.75,4.791666666666667,0.0,0.0,113.58333333333333,15.258333333333333,178.875,29.224999999999998,27.791666666666668,1244.1666666666667,34.025,23.858333333333334,74.75,2.75,0.1416666666666667,83.33333333333333,9.0,12.0,1.0,4.0,83.625,110.75,-0.2916666666666667,85.06944444444444,95.11805555555556,98.41724537037037,2.1053244006654435,9.018312074910936,17.42271140157976,93.54185289531428,12.00174649346024,20.745833333333334,5.233333333333333,75.41666666666667,1016.1708333333332,210.83333333333334,15.995833333333332,0.0,0.6666666666666666,13.6625,171.41666666666666,824.7083333333334,-0.11666666666666477,17.966666666666665,84.33333333333333
2025-12-10 00:00:00+05:00,21.587500000000002,5.791666666666667,42.75,1017.3583333333332,220.41666666666666,7.3374999999999995,0.0,0.0,152.5,14.366666666666667,178.29166666666666,30.1125,29.770833333333332,1229.4166666666667,49.17916666666667,32.229166666666664,56.333333333333336,0.08333333333333333,0.10625,90.29166666666667,10.0,12.0,2.0,4.0,90.04166666666667,83.33333333333333,0.25,89.19444444444444,85.96354166666667,98.64351851851852,1.496667084186296,3.627409970145027,15.336214878608393,88.11561362489147,6.437638704452946,20.291666666666668,6.158333333333334,80.5,1014.9041666666667,251.875,16.474999999999998,0.0,55.541666666666664,16.0,156.875,1570.0833333333333,0.012500000000002842,14.25,84.29166666666667
2025-12-11 00:00:00+05:00,20.745833333333334,5.233333333333333,75.41666666666667,1016.1708333333332,210.83333333333334,15.995833333333332,0.0,0.6666666666666666,170.95833333333334,13.6625,171.41666666666666,28.983333333333334,25.579166666666666,1121.5,42.104166666666664,26.47083333333333,62.375,2.9166666666666665,0.08541666666666665,84.33333333333333,11.0,12.0,3.0,4.0,84.70833333333333,90.29166666666667,-0.375,85.5763888888889,88.11979166666667,89.7337962962963,0.9498907243927981,2.5601843840358076,7.8638108236373725,87.23513310582042,3.551533228952692,21.633333333333336,5.933333333333334,72.5,1014.4416666666666,296.0416666666667,16.125,0.0,18.166666666666668,14.908333333333333,169.625,1530.1458333333333,-0.1875,4.75,78.625
2025-12-12 00:00:00+05:00,20.291666666666668,6.158333333333334,80.5,1014.9041666666667,251.875,16.474999999999998,0.0,55.541666666666664,257.3333333333333,16.0,156.875,29.633333333333336,26.545833333333334,842.625,39.916666666666664,21.71666666666667,54.666666666666664,2.75,0.11041666666666666,84.29166666666667,12.0,12.0,4.0,4.0,84.16666666666667,84.33333333333333,0.125,83.95833333333333,83.6875,85.9236111111111,0.5450796002848768,1.4117878038377134,3.690454533903001,84.23240280166102,2.2433304731716803,21.162499999999998,6.1625000000000005,63.208333333333336,1015.875,264.5833333333333,12.775,0.0,53.041666666666664,15.333333333333334,164.875,2081.625,-0.14166666666667047,3.816666666666667,82.66666666666667
2025-12-13 00:00:00+05:00,21.633333333333336,5.933333333333334,72.5,1014.4416666666666,296.0416666666667,16.125,0.0,18.166666666666668,242.91666666666666,14.908333333333333,169.625,25.375,23.233333333333334,936.625,34.67916666666667,21.3625,60.958333333333336,0.7083333333333334,0.09500000000000001,78.625,13.0,12.0,5.0,4.0,78.91666666666667,84.29166666666667,-0.2916666666666667,79.6875,82.16493055555556,84.6574074074074,0.8859337555549233,2.2486331516613602,3.461863272694566,81.59127033822125,2.517886327786569,21.620833333333334,8.058333333333334,44.958333333333336,1016.75,399.375,8.345833333333333,0.0,19.875,19.204166666666666,171.375,2300.5208333333335,0.037499999999999055,5.508333333333333,139.16666666666666
2025-12-14 00:00:00+05:00,21.162499999999998,6.1625000000000005,63.208333333333336,1015.875,264.5833333333333,12.775,0.0,53.041666666666664,91.45833333333333,15.333333333333334,164.875,40.604166666666664,37.125,1077.875,47.24166666666667,31.766666666666666,56.291666666666664,4.583333333333333,0.2004166666666667,82.66666666666667,14.0,12.0,6.0,4.0,81.70833333333333,78.625,0.9583333333333334,80.09722222222221,78.75868055555556,81.53703703703704,1.542868108405831,1.8298153318366344,3.0664079610908406,79.54429992756597,2.5863865811928517,22.15833333333333,11.995833333333332,43.458333333333336,1015.7458333333334,469.375,8.475,0.0,0.0,27.2,173.04166666666666,1344.4166666666667,0.20416666666666572,8.387500000000001,140.66666666666666
2025-12-15 00:00:00+05:00,21.620833333333334,8.058333333333334,44.958333333333336,1016.75,399.375,8.345833333333333,0.0,19.875,63.708333333333336,19.204166666666666,171.375,61.24583333333334,57.43333333333334,924.2916666666666,28.724999999999998,20.383333333333333,85.95833333333333,7.041666666666667,0.39291666666666664,139.16666666666666,15.0,12.0,0.0,4.0,137.0,82.66666666666667,2.1666666666666665,130.72916666666666,106.91145833333333,89.27835648148148,4.957649630876075,18.536461283557085,17.17834512098309,111.48318449732886,21.25941236030651,22.420833333333334,9.929166666666667,40.166666666666664,1016.4791666666666,430.625,7.6875,0.0,7.958333333333333,22.958333333333332,173.16666666666666,2443.9791666666665,0.02916666666666856,13.275,141.70833333333334
2025-12-16 00:00:00+05:00,22.15833333333333,11.995833333333332,43.458333333333336,1015.7458333333334,469.375,8.475,0.0,0.0,57.208333333333336,27.2,173.04166666666666,52.82083333333333,50.30416666666667,957.1666666666666,13.916666666666666,20.054166666666667,107.375,4.708333333333333,0.25666666666666665,140.66666666666666,16.0,12.0,1.0,4.0,141.29166666666666,139.16666666666666,-0.625,143.0277777777778,145.52951388888889,110.39988425925925,1.4402870161491563,7.426148973114675,31.191501009828936,140.51753327898675,16.450659334617054,21.579166666666666,7.158333333333334,45.375,1017.0708333333333,204.375,8.816666666666666,0.0,71.625,16.991666666666667,164.75,5738.104166666667,-0.10833333333333428,13.683333333333335,114.25
2025-12-17 00:00:00+05:00,22.420833333333334,9.929166666666667,40.166666666666664,1016.4791666666666,430.625,7.6875,0.0,7.958333333333333,77.25,22.958333333333332,173.16666666666666,52.26666666666667,50.112500000000004,1051.6666666666667,23.375,25.28333333333333,99.04166666666667,3.875,0.2625,141.70833333333334,17.0,12.0,2.0,4.0,141.625,140.66666666666666,0.08333333333333333,141.01388888888889,139.48958333333334,130.6435185185185,1.0396072767774518,3.187958621061915,21.85526263172623,140.0369331233728,6.68119820798307,22.59166666666667,5.716666666666666,43.333333333333336,1015.0833333333334,155.0,9.0,0.0,13.916666666666666,14.295833333333334,141.04166666666666,4345.0,0.09583333333333617,14.733333333333334,131.16666666666666
2025-12-18 00:00:00+05:00,21.579166666666666,7.158333333333334,45.375,1017.0708333333333,204.375,8.816666666666666,0.0,71.625,125.83333333333333,16.991666666666667,164.75,45.95416666666667,43.39166666666667,1180.125,40.0875,32.2875,82.91666666666667,4.916666666666667,0.315,114.25,18.0,12.0,3.0,4.0,115.20833333333333,141.70833333333334,-0.9583333333333334,117.9861111111111,130.24826388888889,138.42245370370372,4.862081594142729,10.98125656198422,11.188410702343054,127.26008520114097,12.086550997855584,23.270833333333332,4.716666666666667,48.458333333333336,1012.9666666666667,169.16666666666666,11.216666666666667,0.0,95.54166666666667,12.466666666666667,146.75,989.8958333333334,0.004166666666667614,12.762500000000001,150.54166666666666
2025-12-19 00:00:00+05:00,22.59166666666667,5.716666666666666,43.333333333333336,1015.0833333333334,155.0,9.0,0.0,13.916666666666666,145.29166666666666,14.295833333333334,141.04166666666666,51.73333333333333,49.458333333333336,1752.4166666666667,47.074999999999996,30.170833333333334,81.29166666666667,4.291666666666667,0.30624999999999997,131.16666666666666,19.0,12.0,4.0,4.0,130.45833333333334,114.25,0.7083333333333334,128.65972222222223,120.06770833333333,129.9351851851852,2.277954476721015,9.067975799663783,13.503962789592933,123.97343995155398,10.498135647983661,22.55,5.954166666666667,72.125,1013.9499999999999,322.0833333333333,16.875,0.0,82.45833333333333,14.554166666666667,145.95833333333334,692.7916666666666,-0.375,13.591666666666667,132.875
2025-12-20 00:00:00+05:00,23.270833333333332,4.716666666666667,48.458333333333336,1012.9666666666667,169.16666666666666,11.216666666666667,0.0,95.54166666666667,145.75,12.466666666666667,146.75,61.26666666666667,59.300000000000004,1492.625,54.958333333333336,34.94583333333333,72.75,3.4166666666666665,0.3283333333333333,150.54166666666666,20.0,12.0,5.0,4.0,149.70833333333334,131.16666666666666,0.8333333333333334,147.46527777777777,140.06076388888889,130.1255787037037,1.7910628346952298,6.6858355218833525,14.417220864026115,140.54327572622773,9.784685990689256,22.233333333333334,7.2749999999999995,50.333333333333336,1015.2791666666667,286.875,10.854166666666666,0.0,0.0,17.304166666666667,168.58333333333334,1017.2083333333334,-0.09583333333333617,12.054166666666667,81.58333333333333
2025-12-21 00:00:00+05:00,22.55,5.954166666666667,72.125,1013.9499999999999,322.0833333333333,16.875,0.0,82.45833333333333,232.125,14.554166666666667,145.95833333333334,44.0375,33.987500000000004,952.7083333333334,32.949999999999996,19.479166666666668,58.708333333333336,16.666666666666668,0.22333333333333336,132.875,21.0,12.0,6.0,4.0,135.04166666666666,150.54166666666666,-2.1666666666666665,139.59722222222223,147.76215277777777,135.96354166666666,3.256616016305306,6.666937971472085,15.018821426260923,144.28013333264812,9.3663017491799,22.041666666666668,10.0875,48.166666666666664,1016.1958333333333,560.4166666666666,9.629166666666666,0.0,9.666666666666666,23.366666666666664,172.29166666666666,2650.2291666666665,0.22916666666666666,5.675,142.29166666666666
2025-12-22 00:00:00+05:00,22.233333333333334,7.2749999999999995,50.333333333333336,1015.2791666666667,286.875,10.854166666666666,0.0,0.0,198.25,17.304166666666667,168.58333333333334,46.13333333333333,35.30416666666667,787.5,35.916666666666664,20.666666666666668,64.79166666666667,18.75,0.2816666666666667,81.58333333333333,22.0,12.0,0.0,4.0,81.83333333333333,132.875,-0.25,84.32638888888889,104.3107638888889,130.71122685185185,4.135059116471171,17.5000295145801,23.525121649827025,102.2241394045916,23.030006559355375,20.666666666666668,7.579166666666667,46.458333333333336,1015.7375000000001,325.0,7.979166666666667,0.0,10.666666666666666,18.55,175.66666666666666,1723.5,0.125,11.379166666666668,108.83333333333333
2025-12-23 00:00:00+05:00,22.041666666666668,10.0875,48.166666666666664,1016.1958333333333,560.4166666666666,9.629166666666666,0.0,9.666666666666666,48.0,23.366666666666664,172.29166666666666,57.987500000000004,53.18333333333334,800.9583333333334,22.46666666666667,22.962500000000002,91.375,8.75,0.3204166666666667,142.29166666666666,23.0,12.0,1.0,4.0,140.04166666666666,81.58333333333333,2.25,133.21527777777777,106.4236111111111,119.4988425925926,5.668284460822075,22.417217924534157,30.68336900010304,115.1720174231848,25.530394595945456,19.608333333333334,6.1000000000000005,56.666666666666664,1014.9416666666666,311.875,10.575000000000001,0.0,81.75,15.454166666666666,161.0,5265.0,0.08750000000000095,12.4125,121.04166666666667
2025-12-24 00:00:00+05:00,20.666666666666668,7.579166666666667,46.458333333333336,1015.7375000000001,325.0,7.979166666666667,0.0,10.666666666666666,139.66666666666666,18.55,175.66666666666666,44.75833333333333,38.00833333333333,861.875,34.44166666666667,21.7,72.08333333333333,12.625,0.165,108.83333333333333,24.0,12.0,2.0,4.0,110.70833333333333,142.29166666666666,-1.875,116.20833333333333,133.61458333333334,114.7829861111111,4.57188973331629,17.02834514847902,28.782379974709922,125.41906412027821,21.58551731390972,19.729166666666668,5.9624999999999995,67.25,1014.7833333333333,296.875,12.845833333333333,0.0,20.458333333333332,14.829166666666666,170.375,1685.1666666666667,-0.21249999999999622,12.6875,113.125
2025-12-25 00:00:00+05:00,19.608333333333334,6.1000000000000005,56.666666666666664,1014.9416666666666,311.875,10.575000000000001,0.0,81.75,187.83333333333334,15.454166666666666,161.0,47.15833333333333,44.01666666666667,972.8333333333334,46.87916666666666,36.737500000000004,61.916666666666664,5.75,0.23708333333333334,121.04166666666667,25.0,12.0,3.0,4.0,120.25,108.83333333333333,0.7916666666666666,117.3125,109.40625,116.48148148148148,2.469430650852641,9.521493224624548,24.98290629227488,113.95681125188469,13.471528786941947,20.204166666666666,7.041666666666667,49.208333333333336,1015.15,381.25,8.495833333333334,0.0,5.333333333333333,17.029166666666665,171.41666666666666,1959.0416666666667,0.04583333333332954,9.033333333333333,122.375
2025-12-26 00:00:00+05:00,19.729166666666668,5.9624999999999995,67.25,1014.7833333333333,296.875,12.845833333333333,0.0,20.458333333333332,172.95833333333334,14.829166666666666,170.375,42.454166666666666,39.86666666666667,964.4583333333334,38.3375,32.71666666666667,63.708333333333336,4.208333333333333,0.24833333333333332,113.125,26.0,12.0,4.0,4.0,113.66666666666667,121.04166666666667,-0.5416666666666666,115.46527777777777,119.81770833333333,120.94618055555556,1.4640101173118956,5.429374833771096,16.885446221620114,117.68904436741737,7.46710881785964,20.337500000000002,6.658333333333334,42.541666666666664,1015.2708333333334,285.625,6.675,0.0,23.125,16.1875,167.04166666666666,1523.4583333333333,-0.054166666666664774,6.883333333333333,121.66666666666667
2025-12-27 00:00:00+05:00,20.204166666666666,7.041666666666667,49.208333333333336,1015.15,381.25,8.495833333333334,0.0,5.333333333333333,109.58333333333333,17.029166666666665,171.41666666666666,51.541666666666664,49.38333333333333,954.75,55.15833333333333,32.5,69.41666666666667,3.6666666666666665,0.3020833333333333,122.375,27.0,12.0,5.0,4.0,121.41666666666667,113.125,0.9583333333333334,119.34722222222223,114.92881944444444,114.7175925925926,1.8008108937984035,4.252301290832068,8.73879395996755,116.68810387290593,5.5172177105061015,20.258333333333333,6.791666666666667,47.916666666666664,1014.8041666666667,288.125,8.458333333333334,0.0,0.0,16.629166666666666,171.5,2113.2708333333335,0.04166666666666193,11.708333333333334,128.45833333333334
2025-12-28 00:00:00+05:00,20.337500000000002,6.658333333333334,42.541666666666664,1015.2708333333334,285.625,6.675,0.0,23.125,130.25,16.1875,167.04166666666666,41.775,41.166666666666664,974.7916666666666,49.137499999999996,33.55833333333333,70.45833333333333,0.9166666666666666,0.25416666666666665,121.66666666666667,28.0,12.0,6.0,4.0,122.45833333333333,122.375,-0.7916666666666666,124.09027777777777,125.8420138888889,120.19618055555556,2.1383723534790704,5.882547571205354,7.3954640059752625,124.28975369037256,6.8106285347097275,20.470833333333335,7.258333333333333,68.0,1012.6625,318.75,14.137500000000001,0.012499999999999999,12.333333333333334,18.404166666666665,160.04166666666666,1569.2916666666667,-0.020833333333328596,13.6625,127.0
2025-12-29 00:00:00+05:00,20.258333333333333,6.791666666666667,47.916666666666664,1014.8041666666667,288.125,8.458333333333334,0.0,0.0,146.125,16.629166666666666,171.5,47.6,46.64166666666667,1040.875,37.49583333333333,33.362500000000004,83.45833333333333,1.625,0.40791666666666665,128.45833333333334,29.0,12.0,0.0,4.0,127.79166666666667,121.66666666666667,0.6666666666666666,125.625,121.046875,120.60590277777777,2.0265005911639107,6.236314331849052,7.507748466856725,122.76899842259394,6.560325978322848,21.208333333333332,9.612499999999999,64.41666666666667,1009.6958333333333,598.5416666666666,13.666666666666666,0.04583333333333334,13.291666666666666,24.870833333333334,169.20833333333334,1817.625,-0.01666666666666572,11.799999999999999,96.75
2025-12-30 00:00:00+05:00,20.470833333333335,7.258333333333333,68.0,1012.6625,318.75,14.137500000000001,0.012499999999999999,12.333333333333334,119.83333333333333,18.404166666666665,160.04166666666666,48.90416666666667,46.458333333333336,1119.875,27.979166666666668,20.529166666666665,75.75,2.5833333333333335,0.5754166666666667,127.0,30.0,12.0,1.0,4.0,127.08333333333333,128.45833333333334,-0.08333333333333333,127.6111111111111,128.75520833333334,125.21469907407408,2.2720558846491814,5.637029330261256,7.057997790502416,127.5896149046933,5.977326391007318,19.904166666666665,6.554166666666667,59.875,1013.5416666666666,467.7083333333333,11.454166666666666,0.0,5.125,17.158333333333335,169.20833333333334,2790.25,-0.48750000000000665,6.333333333333333,91.54166666666667
2025-12-31 00:00:00+05:00,21.208333333333332,9.612499999999999,64.41666666666667,1009.6958333333333,598.5416666666666,13.666666666666666,0.04583333333333334,13.291666666666666,275.2916666666667,24.870833333333334,169.20833333333334,31.6375,20.204166666666666,627.9166666666666,26.504166666666666,15.195833333333333,65.16666666666667,18.333333333333332,0.1975,96.75,31.0,12.0,2.0,4.0,99.125,127.0,-2.375,104.93055555555556,118.609375,122.80381944444444,4.324957604391668,11.115630871705022,10.26344381720379,115.48771117090682,11.930897918755674,19.787499999999998,6.891666666666667,53.375,1017.3874999999999,475.4166666666667,9.549999999999999,0.0,0.0,17.816666666666666,173.75,7501.625,-0.03333333333333144,7.541666666666667,149.5
2026-01-01 00:00:00+05:00,19.904166666666665,6.554166666666667,59.875,1013.5416666666666,467.7083333333333,11.454166666666666,0.0,5.125,119.91666666666667,17.158333333333335,169.20833333333334,64.73333333333333,50.875,951.375,41.083333333333336,23.554166666666664,62.208333333333336,24.625,0.3345833333333333,91.54166666666667,1.0,1.0,3.0,1.0,88.91666666666667,96.75,2.625,84.22222222222221,83.85416666666667,110.40625,3.8112033996094468,11.835704966791885,22.501758883932762,87.3975141227301,17.030880312959333,18.89166666666667,5.758333333333333,57.833333333333336,1017.4125,354.375,10.229166666666666,0.0,0.5,15.745833333333332,172.375,2326.2708333333335,0.6500000000000009,8.45,149.125
2026-01-02 00:00:00+05:00,19.787499999999998,6.891666666666667,53.375,1017.3874999999999,475.4166666666667,9.549999999999999,0.0,0.0,109.66666666666667,17.816666666666666,173.75,78.375,56.69583333333333,1000.8333333333334,45.854166666666664,27.075,62.458333333333336,39.958333333333336,0.4579166666666667,149.5,2.0,1.0,4.0,1.0,148.79166666666666,91.54166666666667,0.7083333333333334,145.58333333333334,123.9548611111111,108.80613425925925,3.3049375075323013,19.667153022739566,26.41385699630024,127.20312989552014,24.790304032997696,18.958333333333332,5.916666666666667,71.58333333333333,1017.75,243.33333333333334,13.320833333333333,0.0,0.0,15.216666666666667,172.625,2258.9791666666665,0.22916666666666666,10.237499999999999,152.41666666666666
2026-01-03 00:00:00+05:00,18.89166666666667,5.758333333333333,57.833333333333336,1017.4125,354.375,10.229166666666666,0.0,0.5,149.25,15.745833333333332,172.375,67.83333333333333,53.375,1212.7916666666667,48.01666666666667,30.704166666666666,67.125,26.041666666666668,0.37083333333333335,149.125,3.0,1.0,5.0,1.0,149.33333333333334,149.5,-0.20833333333333334,149.40972222222223,150.10069444444443,119.30324074074075,0.7521474297519712,1.3686502945060488,32.21705685248396,146.78762998046798,12.603874304439705,19.5875,5.9875,67.16666666666667,1018.6583333333333,327.2916666666667,12.620833333333332,0.0,0.375,15.262500000000001,172.625,2213.1875,-0.041666666666666664,8.6625,147.875
2026-01-04 00:00:00+05:00,18.958333333333332,5.916666666666667,71.58333333333333,1017.75,243.33333333333334,13.320833333333333,0.0,0.0,132.0,15.216666666666667,172.625,97.14583333333333,60.01666666666667,1132.5833333333333,41.80833333333333,30.441666666666666,64.29166666666667,66.91666666666667,0.29333333333333333,152.41666666666666,4.0,1.0,6.0,1.0,152.08333333333334,149.125,0.3333333333333333,151.55555555555557,149.62326388888889,141.22627314814815,1.2899824208081199,2.622934993736607,17.328866160085894,149.8450015709215,5.498801677356475,20.029166666666665,10.029166666666667,48.791666666666664,1019.2833333333333,606.6666666666666,8.012500000000001,0.0,2.7083333333333335,23.3875,175.875,1544.6875,0.10416666666666667,5.6375,137.91666666666666
2026-01-05 00:00:00+05:00,19.5875,5.9875,67.16666666666667,1018.6583333333333,327.2916666666667,12.620833333333332,0.0,0.375,105.29166666666667,15.262500000000001,172.625,87.31666666666666,57.57916666666667,1032.9583333333333,48.15416666666667,29.891666666666666,71.625,52.0,0.35625,147.875,5.0,1.0,0.0,1.0,148.0,152.41666666666666,-0.125,148.72916666666666,151.75347222222223,150.49247685185185,1.4291672879352726,2.954954060057178,2.97867756307078,150.6007318213773,3.8356207340021977,19.087500000000002,11.737499999999999,44.75,1020.0583333333334,774.1666666666666,5.933333333333334,0.0,0.0,27.0625,177.95833333333334,1529.7708333333333,0.04583333333332954,6.966666666666666,115.33333333333333
2026-01-06 00:00:00+05:00,20.029166666666665,10.029166666666667,48.791666666666664,1019.2833333333333,606.6666666666666,8.012500000000001,0.0,2.7083333333333335,53.083333333333336,23.3875,175.875,46.18333333333334,38.0875,743.8333333333334,20.400000000000002,14.166666666666666,91.33333333333333,14.875,0.2870833333333333,137.91666666666666,6.0,1.0,1.0,1.0,139.70833333333334,147.875,-1.7916666666666667,142.73611111111111,145.90104166666666,149.09259259259258,2.8363353050189293,5.143654386456878,4.707105634195968,145.533281798984,5.543341326934985,18.133333333333333,12.195833333333333,37.666666666666664,1020.4416666666666,771.0416666666666,2.404166666666667,0.0,2.2083333333333335,28.816666666666666,177.08333333333334,6378.5,0.20000000000000284,12.016666666666667,101.25
2026-01-07 00:00:00+05:00,19.087500000000002,11.737499999999999,44.75,1020.0583333333334,774.1666666666666,5.933333333333334,0.0,0.0,53.75,27.0625,177.95833333333334,46.30416666666667,41.40833333333333,648.1666666666666,15.154166666666667,14.575000000000001,99.58333333333333,8.958333333333334,0.27,115.33333333333333,7.0,1.0,2.0,1.0,115.0,137.91666666666666,0.3333333333333333,115.00694444444444,122.39756944444444,140.01736111111111,2.4679080643729057,11.024239911884797,15.048792011788734,122.47610121920978,13.498618304522289,17.837500000000002,7.4875,35.541666666666664,1019.8083333333334,583.75,1.5041666666666667,0.0,0.0,18.266666666666666,181.25,9290.8125,0.0500000000000019,13.154166666666667,83.25
2026-01-08 00:00:00+05:00,18.133333333333333,12.195833333333333,37.666666666666664,1020.4416666666666,771.0416666666666,2.404166666666667,0.0,2.2083333333333335,55.5,28.816666666666666,177.08333333333334,31.166666666666668,30.03333333333333,687.25,16.170833333333334,13.674999999999999,97.04166666666667,1.9583333333333333,0.19125,101.25,8.0,1.0,3.0,1.0,102.29166666666667,115.33333333333333,-1.0416666666666667,104.8888888888889,111.69270833333333,126.66377314814815,1.9788120469307522,6.339411996724966,16.805549800949414,110.95797650095797,8.994925875652173,18.075,8.445833333333333,34.958333333333336,1019.9625,534.1666666666666,1.8666666666666665,0.0,0.2916666666666667,20.145833333333332,182.375,9012.9375,-0.016666666666660983,15.729166666666666,78.66666666666667
2026-01-09 00:00:00+05:00,17.837500000000002,7.4875,35.541666666666664,1019.8083333333334,583.75,1.5041666666666667,0.0,0.0,77.33333333333333,18.266666666666666,181.25,25.34583333333333,23.974999999999998,917.0,24.6875,16.358333333333334,89.29166666666667,2.2916666666666665,0.16458333333333333,83.25,9.0,1.0,4.0,1.0,83.75,101.25,-0.5,84.83333333333333,91.21875,108.4363425925926,2.6242951731193522,6.044543955627283,15.563678444459173,91.45317145398381,10.017589987361488,17.466666666666665,9.583333333333334,37.458333333333336,1021.25,514.1666666666666,1.2958333333333334,0.0,5.125,22.045833333333334,185.66666666666666,3781.6458333333335,-0.07500000000000757,16.333333333333332,100.16666666666667
2026-01-10 00:00:00+05:00,18.075,8.445833333333333,34.958333333333336,1019.9625,534.1666666666666,1.8666666666666665,0.0,0.2916666666666667,56.75,20.145833333333332,182.375,30.325,28.8125,940.875,27.641666666666666,20.875,89.58333333333333,2.7083333333333335,0.18166666666666667,78.66666666666667,10.0,1.0,5.0,1.0,78.375,83.25,0.2916666666666667,77.97916666666667,79.28125,94.0642361111111,3.544168093057587,5.558412198225393,14.852430840725637,80.27988657003273,8.099690922705271,16.966666666666665,6.170833333333333,49.083333333333336,1019.8249999999999,253.95833333333334,5.754166666666666,0.0,19.375,16.133333333333333,181.83333333333334,3841.6458333333335,0.09999999999999905,16.208333333333332,110.58333333333333
2026-01-11 00:00:00+05:00,17.466666666666665,9.583333333333334,37.458333333333336,1021.25,514.1666666666666,1.2958333333333334,0.0,5.125,56.958333333333336,22.045833333333334,185.66666666666666,37.68333333333333,35.56666666666667,784.5,20.099999999999998,15.2875,90.04166666666667,3.7916666666666665,0.19791666666666666,100.16666666666667,11.0,1.0,6.0,1.0,99.58333333333333,78.66666666666667,0.5833333333333334,97.96527777777777,88.92534722222223,86.47511574074075,2.649300263367172,8.88536158081083,10.115879299829645,91.04911540141723,9.6306560732858,18.279166666666665,5.675,46.458333333333336,1019.5875,277.2916666666667,6.254166666666666,0.0,0.3333333333333333,15.137500000000001,180.16666666666666,4667.666666666667,0.02916666666666856,16.170833333333334,130.70833333333334
2026-01-12 00:00:00+05:00,16.966666666666665,6.170833333333333,49.083333333333336,1019.8249999999999,253.95833333333334,5.754166666666666,0.0,19.375,128.125,16.133333333333333,181.83333333333334,52.32916666666667,50.06666666666666,1271.4166666666667,40.40833333333333,25.5625,87.5,3.7916666666666665,0.21791666666666668,110.58333333333333,12.0,1.0,0.0,1.0,109.20833333333333,100.16666666666667,1.375,106.89583333333333,103.8767361111111,90.69444444444444,2.1342055849587838,4.161686824395303,12.601786356097259,103.15993703440851,7.372373312541615,19.3,5.404166666666666,60.583333333333336,1017.1958333333333,237.91666666666666,11.258333333333333,0.0,0.4166666666666667,14.279166666666667,179.08333333333334,1474.7708333333333,-0.15416666666666382,11.2125,131.5
2026-01-13 00:00:00+05:00,18.279166666666665,5.675,46.458333333333336,1019.5875,277.2916666666667,6.254166666666666,0.0,0.3333333333333333,100.875,15.137500000000001,180.16666666666666,44.46666666666667,42.84583333333333,1513.9166666666667,46.77916666666667,26.570833333333336,70.66666666666667,3.0,0.22083333333333333,130.70833333333334,13.0,1.0,1.0,1.0,131.33333333333334,110.58333333333333,-0.625,131.82638888888889,125.1701388888889,105.99074074074075,3.1678809856435692,10.897656143474777,17.405823101459852,125.065090550312,13.351262973956855,20.670833333333334,6.258333333333333,77.25,1015.2791666666667,357.9166666666667,16.283333333333335,0.0,5.0,16.054166666666667,175.33333333333334,1226.3333333333333,-0.06666666666666761,12.024999999999999,98.04166666666667
2026-01-14 00:00:00+05:00,19.3,5.404166666666666,60.583333333333336,1017.1958333333333,237.91666666666666,11.258333333333333,0.0,0.4166666666666667,146.75,14.279166666666667,179.08333333333334,49.112500000000004,42.520833333333336,1540.3333333333333,41.22083333333333,21.8875,54.916666666666664,10.958333333333334,0.22125000000000003,131.5,14.0,1.0,2.0,1.0,131.33333333333334,130.70833333333334,0.16666666666666666,130.20138888888889,127.65277777777777,118.89988425925925,2.4926305796500396,7.932450595699184,13.909263063148698,127.8125694103182,8.604914202044627,20.883333333333333,6.504166666666666,73.08333333333333,1014.1458333333334,443.125,15.5875,0.0,50.208333333333336,16.358333333333334,158.79166666666666,1848.5208333333333,-0.34166666666666384,8.041666666666666,112.75
2026-01-15 00:00:00+05:00,20.670833333333334,6.258333333333333,77.25,1015.2791666666667,357.9166666666667,16.283333333333335,0.0,5.0,226.0,16.054166666666667,175.33333333333334,40.770833333333336,33.80416666666667,1272.9166666666667,37.291666666666664,19.0625,57.041666666666664,7.541666666666667,0.14291666666666666,98.04166666666667,15.0,1.0,3.0,1.0,99.16666666666667,131.5,-1.125,103.02777777777777,117.96354166666667,123.5954861111111,3.360236026850847,13.854412007576173,14.119744754228142,114.13099492229888,14.56652105022424,22.0,8.583333333333334,69.66666666666667,1012.4208333333332,586.0416666666666,15.950000000000001,0.0,21.666666666666668,20.991666666666667,166.95833333333334,3381.8333333333335,-0.1541666666666733,4.3875,93.0
2026-01-16 00:00:00+05:00,20.883333333333333,6.504166666666666,73.08333333333333,1014.1458333333334,443.125,15.5875,0.0,50.208333333333336,196.33333333333334,16.358333333333334,158.79166666666666,49.57083333333333,40.30416666666667,1285.7083333333333,45.645833333333336,22.120833333333334,48.583333333333336,12.208333333333334,0.1991666666666667,112.75,16.0,1.0,4.0,1.0,111.95833333333333,98.04166666666667,0.7916666666666666,109.5486111111111,102.23958333333333,115.9519675925926,1.9174817174394263,7.241360480854003,16.249366895974855,106.30501844283346,10.697311906121028,20.583333333333332,6.483333333333333,69.66666666666667,1011.8708333333334,329.7916666666667,14.65,0.012500000000000002,6.541666666666667,16.358333333333334,170.79166666666666,4299.916666666667,-0.25833333333333525,5.295833333333333,91.95833333333333
2026-01-17 00:00:00+05:00,22.0,8.583333333333334,69.66666666666667,1012.4208333333332,586.0416666666666,15.950000000000001,0.0,21.666666666666668,281.125,20.991666666666667,166.95833333333334,55.887499999999996,29.3875,600.5833333333334,25.870833333333334,14.275,70.29166666666667,46.583333333333336,0.2704166666666667,93.0,17.0,1.0,5.0,1.0,94.04166666666667,112.75,-1.0416666666666667,96.9236111111111,106.609375,108.9375,2.9744462804561507,9.030213427387833,14.318668078502652,103.32365718951907,10.214688263524835,20.5125,5.7250000000000005,68.66666666666667,1014.25,320.0,14.291666666666666,0.0,1.2083333333333333,15.254166666666668,184.29166666666666,6082.5625,-0.17916666666666003,6.050000000000001,105.83333333333333
2026-01-18 00:00:00+05:00,20.583333333333332,6.483333333333333,69.66666666666667,1011.8708333333334,329.7916666666667,14.65,0.012500000000000002,6.541666666666667,154.0,16.358333333333334,170.79166666666666,55.262499999999996,33.37916666666667,1092.5416666666667,29.675,22.97083333333333,68.04166666666667,37.291666666666664,0.27625,91.95833333333333,18.0,1.0,6.0,1.0,91.70833333333333,93.0,0.25,91.09027777777777,89.83159722222223,99.56018518518518,0.6933928751069623,3.4237716555568363,11.387164008371037,91.89413238287274,7.026040221795378,20.058333333333334,5.666666666666667,58.5,1014.9583333333334,425.0,11.35,0.0,1.5,15.066666666666668,188.375,2417.6875,0.12916666666666288,5.933333333333334,102.54166666666667
2026-01-19 00:00:00+05:00,20.5125,5.7250000000000005,68.66666666666667,1014.25,320.0,14.291666666666666,0.0,1.2083333333333333,152.41666666666666,15.254166666666668,184.29166666666666,86.97500000000001,41.36666666666667,1207.0,32.67916666666667,20.545833333333334,60.875,82.08333333333333,0.34833333333333333,105.83333333333333,19.0,1.0,0.0,1.0,105.0,91.95833333333333,0.8333333333333334,103.14583333333333,97.86805555555556,98.10300925925925,1.399799375050646,4.17945758264921,10.391891391275012,98.91757217536703,5.521592679667328,19.579166666666666,6.129166666666666,62.541666666666664,1015.4958333333334,355.0,11.858333333333334,0.0,0.3333333333333333,15.9375,188.79166666666666,2430.5,0.2416666666666695,6.220833333333334,91.70833333333333
2026-01-20 00:00:00+05:00,20.058333333333334,5.666666666666667,58.5,1014.9583333333334,425.0,11.35,0.0,1.5,182.875,15.066666666666668,188.375,61.51666666666667,33.0375,1233.625,28.820833333333336,18.516666666666666,61.875,49.583333333333336,0.22624999999999998,102.54166666666667,20.0,1.0,1.0,1.0,103.375,105.83333333333333,-0.8333333333333334,105.19444444444444,107.61631944444444,98.4386574074074,1.7246767477580063,5.1117036412845716,8.883556925775611,105.83697742886075,6.299134756958407,18.841666666666665,11.612499999999999,68.25,1013.7083333333334,507.5,12.491666666666667,0.6083333333333334,31.0,28.645833333333332,114.125,3189.2083333333335,0.058333333333332384,8.708333333333334,93.0
2026-01-21 00:00:00+05:00,19.579166666666666,6.129166666666666,62.541666666666664,1015.4958333333334,355.0,11.858333333333334,0.0,0.3333333333333333,169.95833333333334,15.9375,188.79166666666666,45.04583333333333,29.645833333333332,895.0,31.891666666666666,21.145833333333332,62.666666666666664,25.958333333333332,0.22124999999999997,91.70833333333333,21.0,1.0,2.0,1.0,91.95833333333333,102.54166666666667,-0.25,92.6111111111111,96.17881944444444,100.55439814814815,0.5626915329563632,3.281020545377998,7.357693689109035,96.11426575352107,5.320744586142534,13.616666666666667,11.8125,42.875,1017.4083333333333,492.0833333333333,0.8583333333333334,0.0,7.5,28.19583333333333,202.41666666666666,2273.4166666666665,0.004166666666667614,7.720833333333334,88.54166666666667
2026-01-22 00:00:00+05:00,18.841666666666665,11.612499999999999,68.25,1013.7083333333334,507.5,12.491666666666667,0.6083333333333334,31.0,235.25,28.645833333333332,114.125,59.34583333333333,30.3,758.7083333333334,31.516666666666666,15.954166666666666,55.125,50.583333333333336,0.34041666666666665,93.0,22.0,1.0,3.0,1.0,92.91666666666667,91.70833333333333,0.08333333333333333,92.58333333333333,91.41840277777777,98.4045138888889,0.9599290163382276,2.4014642365884202,8.058296675178582,92.38639597906361,3.5164374730970867,14.612499999999999,12.424999999999999,42.625,1020.5333333333333,603.75,1.3916666666666666,0.0,62.916666666666664,27.733333333333334,190.375,8395.083333333334,0.004166666666662877,6.3500000000000005,98.33333333333333
2026-01-23 00:00:00+05:00,13.616666666666667,11.8125,42.875,1017.4083333333333,492.0833333333333,0.8583333333333334,0.0,7.5,313.4583333333333,28.19583333333333,202.41666666666666,114.62916666666666,34.104166666666664,397.2916666666667,19.870833333333334,16.787499999999998,69.16666666666667,142.70833333333334,0.13625,88.54166666666667,23.0,1.0,4.0,1.0,88.33333333333333,93.0,0.20833333333333334,88.06944444444444,90.21006944444444,92.60243055555556,1.8006500910090313,3.809930536265988,4.439216422846399,89.637542585259,4.023453234745348,15.725000000000001,15.3125,37.5,1019.5583333333334,736.6666666666666,0.725,0.0,98.91666666666667,35.21666666666667,179.75,6263.854166666667,0.3166666666666676,12.758333333333333,71.125
2026-01-24 00:00:00+05:00,14.612499999999999,12.424999999999999,42.625,1020.5333333333333,603.75,1.3916666666666666,0.0,62.916666666666664,56.083333333333336,27.733333333333334,190.375,53.32916666666667,25.991666666666664,522.4166666666666,23.47083333333333,11.766666666666666,65.91666666666667,48.541666666666664,0.14791666666666667,98.33333333333333,24.0,1.0,5.0,1.0,98.83333333333333,88.54166666666667,-0.5,99.52777777777777,95.82465277777777,92.484375,2.715807659403908,6.571388775389046,5.7195537398951295,96.62815809110651,6.931280841722599,17.120833333333334,11.483333333333334,37.416666666666664,1017.0208333333334,593.3333333333334,2.091666666666667,0.0,49.5,27.133333333333336,165.66666666666666,8979.583333333334,0.47499999999999903,13.220833333333333,77.95833333333333
2026-01-25 00:00:00+05:00,15.725000000000001,15.3125,37.5,1019.5583333333334,736.6666666666666,0.725,0.0,98.91666666666667,55.875,35.21666666666667,179.75,23.504166666666666,20.320833333333333,581.4166666666666,12.154166666666667,10.987499999999999,88.79166666666667,5.75,0.24041666666666664,71.125,25.0,1.0,6.0,1.0,71.66666666666667,98.33333333333333,-0.5416666666666666,73.59027777777779,84.33506944444444,90.1232638888889,1.776970247026675,9.393437607863403,9.786731522314193,81.97704481111273,10.760371479940796,17.804166666666667,8.054166666666667,40.083333333333336,1018.7166666666667,473.3333333333333,3.4625,0.0,13.375,20.875,199.04166666666666,11312.5,-0.3791666666666676,15.0,75.5
2026-01-26 00:00:00+05:00,17.120833333333334,11.483333333333334,37.416666666666664,1017.0208333333334,593.3333333333334,2.091666666666667,0.0,49.5,53.541666666666664,27.133333333333336,165.66666666666666,27.083333333333332,25.525000000000002,577.0416666666666,22.71666666666667,20.170833333333334,93.29166666666667,2.7916666666666665,0.26875,77.95833333333333,26.0,1.0,0.0,1.0,77.5,71.125,0.4583333333333333,75.83333333333333,72.29166666666667,84.15046296296296,2.4824382396842766,3.3527440552075443,13.240768239055072,74.68037443499665,6.999237436567454,18.575,7.233333333333333,47.958333333333336,1020.0666666666666,410.0,6.866666666666667,0.0,35.625,17.791666666666668,199.45833333333334,6507.541666666667,-0.1374999999999981,15.029166666666667,85.04166666666667
2026-01-27 00:00:00+05:00,17.804166666666667,8.054166666666667,40.083333333333336,1018.7166666666667,473.3333333333333,3.4625,0.0,13.375,146.20833333333334,20.875,199.04166666666666,23.958333333333332,19.1375,745.0416666666666,23.429166666666664,25.483333333333334,83.58333333333333,8.458333333333334,0.13999999999999999,75.5,27.0,1.0,1.0,1.0,76.08333333333333,77.95833333333333,-0.5833333333333334,77.36111111111111,78.68402777777779,78.43692129629629,2.4950719563713615,5.9996047940774275,9.307040531566978,77.81440004921556,5.961289722042603,19.045833333333334,8.108333333333333,44.25,1018.3458333333333,597.9166666666666,5.783333333333334,0.0,97.75,19.079166666666666,170.91666666666666,4219.833333333333,0.28333333333334093,14.341666666666667,94.875
2026-01-28 00:00:00+05:00,18.575,7.233333333333333,47.958333333333336,1020.0666666666666,410.0,6.866666666666667,0.0,35.625,168.29166666666666,17.791666666666668,199.45833333333334,38.358333333333334,34.766666666666666,1053.4583333333333,44.55833333333334,25.0625,62.916666666666664,5.708333333333333,0.1691666666666667,85.04166666666667,28.0,1.0,2.0,1.0,83.875,75.5,1.1666666666666667,81.92361111111111,77.57118055555556,76.18229166666667,2.7237372876692185,6.223787170049466,6.365642120387477,79.04320357346843,6.481279084481767,19.491666666666667,9.054166666666665,44.333333333333336,1016.9791666666666,578.125,6.495833333333334,0.0,13.791666666666666,22.829166666666666,202.66666666666666,3245.6041666666665,-0.004166666666672351,11.708333333333334,75.04166666666667
2026-01-29 00:00:00+05:00,19.045833333333334,8.108333333333333,44.25,1018.3458333333333,597.9166666666666,5.783333333333334,0.0,97.75,53.958333333333336,19.079166666666666,170.91666666666666,32.800000000000004,25.441666666666666,752.9583333333334,32.391666666666666,15.866666666666667,69.625,14.291666666666666,0.16541666666666668,94.875,29.0,1.0,3.0,1.0,95.375,85.04166666666667,-0.5,95.63194444444444,92.93229166666667,83.0625,1.6328570682977783,4.974396481904058,9.304989924779315,92.25178334857655,7.225356512189298,19.483333333333334,7.570833333333333,50.583333333333336,1016.7916666666666,358.9583333333333,8.366666666666667,0.0,0.5833333333333334,19.466666666666665,200.33333333333334,4606.5,-0.21666666666666856,13.262500000000001,98.45833333333333
2026-01-30 00:00:00+05:00,19.491666666666667,9.054166666666665,44.333333333333336,1016.9791666666666,578.125,6.495833333333334,0.0,13.791666666666666,119.70833333333333,22.829166666666666,202.66666666666666,31.516666666666666,23.8,701.2916666666666,29.683333333333334,18.008333333333333,83.875,15.166666666666666,0.15291666666666667,75.04166666666667,30.0,1.0,4.0,1.0,75.375,94.875,-0.3333333333333333,76.19444444444444,83.44791666666667,84.65046296296296,4.706656313797482,8.74750200038157,10.420083417266293,81.78499138175964,9.883568717074487,20.483333333333334,6.608333333333333,70.125,1017.4416666666666,262.9166666666667,14.4625,0.0,1.0833333333333333,16.875,198.41666666666666,4087.5833333333335,-0.15000000000000094,12.995833333333332,95.625
2026-01-31 00:00:00+05:00,19.483333333333334,7.570833333333333,50.583333333333336,1016.7916666666666,358.9583333333333,8.366666666666667,0.0,0.5833333333333334,146.04166666666666,19.466666666666665,200.33333333333334,41.516666666666666,34.82083333333333,850.375,34.4125,24.05,83.875,12.208333333333334,0.22916666666666666,98.45833333333333,31.0,1.0,5.0,1.0,97.45833333333333,75.04166666666667,1.0,93.44444444444444,83.33333333333333,86.57118055555556,6.220771146901275,10.749911855305564,11.206731059931611,86.56531225388132,11.414636371018164,22.0125,7.854166666666667,50.958333333333336,1018.3041666666667,497.9166666666667,10.35,0.0,0.3333333333333333,19.566666666666666,201.41666666666666,2609.9166666666665,4.736951571734001e-15,11.116666666666667,93.95833333333333
2026-02-01 00:00:00+05:00,20.483333333333334,6.608333333333333,70.125,1017.4416666666666,262.9166666666667,14.4625,0.0,1.0833333333333333,186.20833333333334,16.875,198.41666666666666,50.67083333333333,31.224999999999998,862.625,28.804166666666664,18.575,71.83333333333333,34.458333333333336,0.20541666666666666,95.625,1.0,2.0,6.0,1.0,95.95833333333333,98.45833333333333,-0.3333333333333333,98.7013888888889,101.19270833333333,89.32465277777777,3.2124115094327492,11.824508621161721,14.800760967381343,98.70927224010732,12.197679536439848,22.34583333333333,8.266666666666667,43.041666666666664,1018.025,431.6666666666667,8.549999999999999,0.0,5.875,19.925,203.66666666666666,1756.3541666666667,0.1875,6.020833333333333,110.58333333333333
2026-02-02 00:00:00+05:00,22.0125,7.854166666666667,50.958333333333336,1018.3041666666667,497.9166666666667,10.35,0.0,0.3333333333333333,113.45833333333333,19.566666666666666,201.41666666666666,53.725,37.47083333333333,807.2916666666666,37.170833333333334,16.879166666666666,61.958333333333336,30.333333333333332,0.26625,93.95833333333333,2.0,2.0,0.0,1.0,93.45833333333333,95.625,0.5,92.99305555555556,93.63194444444444,92.7193287037037,0.896838217661689,1.8711786212124366,12.522817015733606,94.00895924878118,5.172650138616588,23.416666666666668,11.208333333333334,35.291666666666664,1018.1875,804.5833333333334,6.125,0.0,1.375,26.166666666666668,207.70833333333334,3520.375,-0.03750000000000379,11.662500000000001,116.0
2026-02-03 00:00:00+05:00,22.34583333333333,8.266666666666667,43.041666666666664,1018.025,431.6666666666667,8.549999999999999,0.0,5.875,130.04166666666666,19.925,203.66666666666666,66.03333333333333,44.27916666666667,871.2916666666666,38.62916666666667,16.5125,64.29166666666667,39.916666666666664,0.2791666666666667,110.58333333333333,3.0,2.0,1.0,1.0,109.95833333333333,93.95833333333333,0.625,108.34027777777777,101.7361111111111,98.85358796296298,1.3729587456608314,5.452079897302084,9.080802096407922,103.03522654719562,6.556771278509534,23.704166666666666,10.716666666666667,33.25,1018.0375,613.75,6.004166666666666,0.0,6.541666666666667,25.7,209.75,3143.0625,0.01666666666666572,13.795833333333334,88.16666666666667
2026-02-04 00:00:00+05:00,23.416666666666668,11.208333333333334,35.291666666666664,1018.1875,804.5833333333334,6.125,0.0,1.375,59.791666666666664,26.166666666666668,207.70833333333334,40.295833333333334,29.316666666666666,655.4583333333334,26.329166666666666,12.595833333333333,76.29166666666667,21.083333333333332,0.18083333333333332,116.0,4.0,2.0,2.0,1.0,117.125,110.58333333333333,-1.125,118.3125,116.609375,103.99247685185185,2.71721141112971,5.632155434755904,10.891537630095444,115.65246304381918,7.839865905440646,22.1875,7.845833333333334,43.25,1018.2958333333332,307.7083333333333,8.1875,0.0,31.25,19.691666666666666,210.41666666666666,10387.875,0.004166666666667614,17.291666666666668,112.0
2026-02-05 00:00:00+05:00,23.704166666666666,10.716666666666667,33.25,1018.0375,613.75,6.004166666666666,0.0,6.541666666666667,65.41666666666667,25.7,209.75,45.97083333333333,39.65,831.1666666666666,30.145833333333332,19.020833333333332,85.33333333333333,11.291666666666666,0.21958333333333332,88.16666666666667,5.0,2.0,3.0,1.0,87.58333333333333,116.0,0.5833333333333334,88.375,99.07118055555556,105.80555555555556,2.640872878893047,10.92471048890618,12.729013930256876,97.22797877035522,12.812646656117117,21.95,7.008333333333334,72.08333333333333,1016.5791666666668,178.75,16.179166666666667,0.0,95.25,17.995833333333334,207.08333333333334,6642.395833333333,0.0500000000000019,17.7,96.75
2026-02-06 00:00:00+05:00,22.1875,7.845833333333334,43.25,1018.2958333333332,307.7083333333333,8.1875,0.0,31.25,138.66666666666666,19.691666666666666,210.41666666666666,36.19166666666667,32.43333333333333,818.5416666666666,37.11666666666667,23.349999999999998,83.79166666666667,7.0,0.24,112.0,6.0,2.0,4.0,1.0,112.375,88.16666666666667,-0.375,109.6388888888889,100.09722222222223,105.25925925925925,5.319793876177459,9.740032732665812,14.07849602036862,103.06556582680999,11.298938489442705,21.3875,6.4875,72.45833333333333,1014.525,225.0,15.404166666666667,0.0,30.458333333333332,16.766666666666666,209.66666666666666,2335.25,-0.01666666666666572,14.0,125.0
2026-02-07 00:00:00+05:00,21.95,7.008333333333334,72.08333333333333,1016.5791666666668,178.75,16.179166666666667,0.0,95.25,279.4583333333333,17.995833333333334,207.08333333333334,48.88333333333333,36.362500000000004,904.5416666666666,30.370833333333334,20.204166666666666,81.16666666666667,22.166666666666668,0.29125,96.75,7.0,2.0,5.0,1.0,96.58333333333333,112.0,0.16666666666666666,98.79166666666667,104.33680555555556,101.16840277777777,3.892216441636131,12.408132731824315,13.389704011602083,102.19095912696685,12.071334802051643,22.1375,10.908333333333333,75.16666666666667,1012.875,591.4583333333334,17.162499999999998,0.012500000000000002,9.708333333333334,26.329166666666666,196.45833333333334,1341.6458333333333,-0.27916666666666856,5.770833333333333,108.83333333333333
2026-02-08 00:00:00+05:00,21.3875,6.4875,72.45833333333333,1014.525,225.0,15.404166666666667,0.0,30.458333333333332,270.5833333333333,16.766666666666666,209.66666666666666,61.916666666666664,48.854166666666664,965.8333333333334,40.02916666666667,25.620833333333334,69.91666666666667,23.875,0.32083333333333336,125.0,8.0,2.0,6.0,1.0,123.58333333333333,96.75,1.4166666666666667,119.90972222222223,108.30729166666667,104.24710648148148,2.81933193775893,9.12440813969952,12.633648029288707,111.51347885363072,11.035469208608198,22.816666666666666,7.720833333333332,74.875,1014.4791666666666,438.125,17.758333333333333,0.020833333333333332,45.291666666666664,20.6375,189.16666666666666,1616.6666666666667,-0.3166666666666676,5.983333333333333,89.91666666666667
2026-02-09 00:00:00+05:00,22.1375,10.908333333333333,75.16666666666667,1012.875,591.4583333333334,17.162499999999998,0.012500000000000002,9.708333333333334,273.25,26.329166666666666,196.45833333333334,59.99166666666667,32.270833333333336,441.3333333333333,19.3875,12.129166666666668,63.833333333333336,46.458333333333336,0.2775,108.83333333333333,9.0,2.0,0.0,1.0,110.54166666666667,125.0,-1.7083333333333333,114.66666666666667,123.5329861111111,112.05902777777777,3.116285922111272,10.131281727498514,15.19737688657019,119.23507852269465,12.081901313027338,24.0125,11.3375,49.0,1018.3625000000001,740.0,11.104166666666666,0.0,42.625,26.875,212.5,7806.916666666667,-0.054166666666669507,4.975,124.16666666666667
2026-02-10 00:00:00+05:00,22.816666666666666,7.720833333333332,74.875,1014.4791666666666,438.125,17.758333333333333,0.020833333333333332,45.291666666666664,270.875,20.6375,189.16666666666666,68.8125,33.65833333333333,545.5,21.7375,14.141666666666666,74.5,61.625,0.42625,89.91666666666667,10.0,2.0,1.0,1.0,89.91666666666667,108.83333333333333,0.0,90.33333333333333,96.60416666666667,109.48148148148148,1.2224145005548317,6.119319669007951,15.82797456459005,97.16009726363451,11.161274509253596,23.775000000000002,8.854166666666666,44.541666666666664,1017.5124999999999,553.9583333333334,10.045833333333333,0.0,72.08333333333333,22.212500000000002,216.625,3618.5625,0.5333333333333409,5.058333333333333,107.70833333333333
2026-02-11 00:00:00+05:00,24.0125,11.3375,49.0,1018.3625000000001,740.0,11.104166666666666,0.0,42.625,98.625,26.875,212.5,60.77916666666667,46.875,689.5,29.912499999999998,17.474999999999998,79.08333333333333,25.125,0.37333333333333335,124.16666666666667,11.0,2.0,2.0,1.0,122.66666666666667,89.91666666666667,1.5,118.5138888888889,103.43402777777777,107.85706018518518,3.4697057527042126,12.335798099017397,17.417110909993102,107.78239985244011,13.928473271535438,22.47083333333333,7.429166666666667,69.08333333333333,1015.0416666666666,230.0,16.1875,0.0,34.833333333333336,19.4875,219.45833333333334,10332.541666666666,0.13333333333333522,12.908333333333331,126.33333333333333
2026-02-12 00:00:00+05:00,23.775000000000002,8.854166666666666,44.541666666666664,1017.5124999999999,553.9583333333334,10.045833333333333,0.0,72.08333333333333,133.16666666666666,22.212500000000002,216.625,48.23333333333333,39.112500000000004,655.4583333333334,28.604166666666668,18.537499999999998,89.20833333333333,16.166666666666668,0.2654166666666667,107.70833333333333,12.0,2.0,3.0,1.0,108.70833333333333,124.16666666666667,-1.0,111.81944444444444,121.05555555555556,107.03125,2.7417839623162497,9.73735850639401,16.624688954380137,116.33251218965368,12.420343612660531,22.004166666666666,6.683333333333334,77.79166666666667,1014.1791666666667,230.20833333333334,17.554166666666667,0.0,0.5416666666666666,17.816666666666666,221.91666666666666,4151.729166666667,-0.20833333333333806,13.729166666666666,95.08333333333333
2026-02-13 00:00:00+05:00,22.47083333333333,7.429166666666667,69.08333333333333,1015.0416666666666,230.0,16.1875,0.0,34.833333333333336,253.54166666666666,19.4875,219.45833333333334,56.47083333333333,44.21666666666667,905.9583333333334,40.291666666666664,26.05,69.95833333333333,22.458333333333332,0.28625,126.33333333333333,13.0,2.0,4.0,1.0,125.5,107.70833333333333,0.8333333333333334,122.14583333333333,112.2986111111111,112.26273148148148,3.4062302796823123,9.21909872854049,14.960049539643855,115.92370497046755,10.66858228899918,21.991666666666664,7.375,84.625,1013.6083333333332,302.5,18.995833333333334,0.0,44.75,19.495833333333334,205.95833333333334,2040.7916666666667,-0.25,6.283333333333334,88.83333333333333
2026-02-14 00:00:00+05:00,22.004166666666666,6.683333333333334,77.79166666666667,1014.1791666666667,230.20833333333334,17.554166666666667,0.0,0.5416666666666666,261.625,17.816666666666666,221.91666666666666,32.59166666666667,25.787499999999998,739.2916666666666,28.245833333333334,18.820833333333333,67.45833333333333,10.041666666666666,0.15625,95.08333333333333,14.0,2.0,5.0,1.0,96.91666666666667,126.33333333333333,-1.8333333333333333,102.3125,116.96875,116.77430555555556,4.23038450872415,13.887499748095983,13.754604308801092,112.10910971215672,14.587837141849981,22.6125,9.950000000000001,75.58333333333333,1010.6791666666667,551.0416666666666,17.837500000000002,0.0,21.666666666666668,24.441666666666666,214.45833333333334,1961.5208333333333,-0.06666666666666761,4.45,98.5
2026-02-15 00:00:00+05:00,21.991666666666664,7.375,84.625,1013.6083333333332,302.5,18.995833333333334,0.0,44.75,276.7083333333333,19.495833333333334,205.95833333333334,54.07083333333333,33.25833333333333,527.1666666666666,26.354166666666668,17.329166666666666,61.458333333333336,34.125,0.21125000000000002,88.83333333333333,15.0,2.0,6.0,1.0,88.29166666666667,95.08333333333333,0.5416666666666666,87.03472222222223,87.4704861111111,105.5792824074074,0.9870077747893783,5.685140872683367,18.005137597562406,90.24834850790438,11.701989017924909,21.945833333333336,5.658333333333334,75.375,1011.2375000000001,423.9583333333333,17.175,0.05416666666666667,23.625,16.829166666666666,188.33333333333334,2595.8541666666665,-0.20000000000000284,2.9958333333333336,86.875
2026-02-16 00:00:00+05:00,22.6125,9.950000000000001,75.58333333333333,1010.6791666666667,551.0416666666666,17.837500000000002,0.0,21.666666666666668,250.0,24.441666666666666,214.45833333333334,52.175000000000004,31.879166666666666,458.2083333333333,22.866666666666664,14.079166666666666,65.45833333333333,31.5,0.2783333333333333,98.5,16.0,2.0,0.0,1.0,98.54166666666667,88.83333333333333,-0.041666666666666664,98.33333333333333,95.10069444444444,99.84664351851852,1.2266040462180041,3.8375004080720596,16.283200589229132,95.75888990028153,5.993288907631815,21.7625,8.775,57.25,1013.1541666666667,486.4583333333333,12.591666666666667,0.0,6.291666666666667,21.724999999999998,216.58333333333334,6392.25,-0.2958333333333343,4.7749999999999995,94.33333333333333
2026-02-17 00:00:00+05:00,21.945833333333336,5.658333333333334,75.375,1011.2375000000001,423.9583333333333,17.175,0.05416666666666667,23.625,195.0,16.829166666666666,188.33333333333334,53.4,30.866666666666664,865.5416666666666,27.458333333333332,20.991666666666667,73.08333333333333,36.125,0.4495833333333333,86.875,17.0,2.0,1.0,1.0,87.0,98.5,-0.125,87.68055555555556,92.4982638888889,91.68981481481482,1.7079286821502178,4.737502425226368,6.734439978795908,91.13908706864287,5.4575221451873075,24.90833333333333,12.275,39.708333333333336,1014.1999999999999,1029.1666666666667,9.058333333333334,0.0,0.08333333333333333,28.329166666666666,229.16666666666666,2899.75,0.3125000000000047,4.770833333333334,92.54166666666667
2026-02-18 00:00:00+05:00,21.7625,8.775,57.25,1013.1541666666667,486.4583333333333,12.591666666666667,0.0,6.291666666666667,140.625,21.724999999999998,216.58333333333334,48.40416666666667,32.35,656.5,25.958333333333332,18.683333333333334,94.45833333333333,29.208333333333332,0.44875,94.33333333333333,18.0,2.0,2.0,1.0,94.25,86.875,0.08333333333333333,93.7013888888889,90.1857638888889,92.5949074074074,2.413061646139262,3.6026679623221134,5.6153959801288655,91.531893501245,4.358665127385293,26.083333333333332,13.025,33.125,1015.5958333333333,1082.5,8.170833333333333,0.0,0.0,31.058333333333334,230.25,3784.7083333333335,0.125,9.170833333333333,86.70833333333333
2026-02-19 00:00:00+05:00,24.90833333333333,12.275,39.708333333333336,1014.1999999999999,1029.1666666666667,9.058333333333334,0.0,0.08333333333333333,99.125,28.329166666666666,229.16666666666666,38.40416666666667,26.925,566.75,19.7,12.566666666666668,97.875,20.833333333333332,0.33749999999999997,92.54166666666667,19.0,2.0,3.0,1.0,92.875,94.33333333333333,-0.3333333333333333,93.28472222222223,94.25,92.3113425925926,2.3287788195378707,3.9748602141519345,5.209340087049227,93.62240787072113,4.022558394856924,25.599999999999998,10.558333333333334,38.041666666666664,1012.6999999999999,537.9166666666666,9.854166666666666,0.0,0.0,25.65833333333333,231.54166666666666,15594.9375,0.1374999999999981,15.85,104.58333333333333
2026-02-20 00:00:00+05:00,26.083333333333332,13.025,33.125,1015.5958333333333,1082.5,8.170833333333333,0.0,0.0,44.375,31.058333333333334,230.25,40.833333333333336,25.729166666666668,484.875,14.320833333333333,10.620833333333334,107.70833333333333,25.5,0.3175,86.70833333333333,20.0,2.0,4.0,1.0,86.83333333333333,92.54166666666667,-0.125,85.74305555555556,87.51215277777777,90.64930555555556,4.388224034497035,6.619678047613719,6.053940155697075,87.43663973806316,7.291319438731936,23.741666666666664,9.766666666666667,69.45833333333333,1008.6541666666667,425.4166666666667,17.408333333333335,0.0,0.0,24.170833333333334,234.45833333333334,14938.5625,0.06666666666667236,17.912499999999998,103.125
2026-02-21 00:00:00+05:00,25.599999999999998,10.558333333333334,38.041666666666664,1012.6999999999999,537.9166666666666,9.854166666666666,0.0,0.0,146.83333333333334,25.65833333333333,231.54166666666666,80.94166666666666,34.57083333333333,554.1666666666666,17.829166666666666,16.708333333333332,125.41666666666667,88.54166666666667,0.425,104.58333333333333,21.0,2.0,5.0,1.0,102.95833333333333,86.70833333333333,1.625,97.4513888888889,89.91145833333333,90.55787037037037,9.052871801262986,14.559800908803568,10.279935220673343,91.75788720384158,14.611928309903211,23.679166666666664,7.816666666666666,75.04166666666667,1008.4833333333332,363.125,18.395833333333332,0.0,2.625,20.233333333333334,230.83333333333334,5471.375,-0.645833333333338,15.745833333333332,92.91666666666667
2026-02-22 00:00:00+05:00,23.741666666666664,9.766666666666667,69.45833333333333,1008.6541666666667,425.4166666666667,17.408333333333335,0.0,0.0,257.3333333333333,24.170833333333334,234.45833333333334,49.987500000000004,30.96666666666667,548.5416666666666,24.583333333333332,16.724999999999998,102.375,33.875,0.18416666666666667,103.125,22.0,2.0,6.0,1.0,104.33333333333333,104.58333333333333,-1.2083333333333333,109.86805555555556,110.97395833333333,96.13252314814815,8.040297116671345,24.244946743225807,20.720718239671864,108.70932865245385,22.21597194530666,23.9875,7.291666666666667,70.125,1009.8708333333334,217.5,17.104166666666668,0.0,31.416666666666668,19.2375,223.91666666666666,4851.520833333333,-0.27916666666666384,6.333333333333333,98.375
2026-02-23 00:00:00+05:00,23.679166666666664,7.816666666666666,75.04166666666667,1008.4833333333332,363.125,18.395833333333332,0.0,2.625,259.9583333333333,20.233333333333334,230.83333333333334,61.89166666666667,33.97083333333334,641.2083333333334,25.90416666666667,16.6375,88.79166666666667,46.291666666666664,0.25125000000000003,92.91666666666667,23.0,2.0,0.0,1.0,92.70833333333333,103.125,0.20833333333333334,93.0625,97.43402777777777,99.43981481481482,2.493867488987481,7.591048957279636,20.008521991994332,97.33848121319221,11.517951875634703,24.208333333333332,7.5874999999999995,65.79166666666667,1011.1374999999999,192.29166666666666,16.925,0.0,3.4166666666666665,19.841666666666665,227.91666666666666,3227.9375,0.16666666666666194,5.283333333333333,90.20833333333333
2026-02-24 00:00:00+05:00,23.9875,7.291666666666667,70.125,1009.8708333333334,217.5,17.104166666666668,0.0,31.416666666666668,273.625,19.2375,223.91666666666666,62.949999999999996,32.579166666666666,819.6666666666666,25.933333333333334,14.458333333333334,76.08333333333333,54.708333333333336,0.265,98.375,24.0,2.0,1.0,1.0,98.45833333333333,92.91666666666667,-0.08333333333333333,98.66666666666667,96.640625,101.68287037037037,1.0684054567671104,2.8966507958129735,16.397297688732067,97.59913074824743,5.118070592856044,24.683333333333334,8.7875,69.58333333333333,1009.9833333333332,250.0,18.0625,0.0,5.958333333333333,22.09583333333333,231.83333333333334,1689.3958333333333,0.1666666666666714,6.883333333333333,79.75
2026-02-25 00:00:00+05:00,24.208333333333332,7.5874999999999995,65.79166666666667,1011.1374999999999,192.29166666666666,16.925,0.0,3.4166666666666665,282.1666666666667,19.841666666666665,227.91666666666666,37.72083333333333,27.90833333333333,699.2916666666666,28.724999999999998,18.8875,74.125,16.5,0.25375,90.20833333333333,25.0,2.0,2.0,1.0,90.58333333333333,98.375,-0.375,91.15972222222223,94.47222222222223,96.18229166666667,1.6787826287614986,3.3751861332516153,5.828578648348611,93.65701259867963,4.123968806021381,24.329166666666666,11.995833333333332,70.66666666666667,1007.7583333333333,491.0416666666667,18.370833333333334,0.0,0.0,29.2375,238.70833333333334,1776.7708333333333,0.16666666666666194,7.283333333333334,75.625
2026-02-26 00:00:00+05:00,24.683333333333334,8.7875,69.58333333333333,1009.9833333333332,250.0,18.0625,0.0,5.958333333333333,272.75,22.09583333333333,231.83333333333334,29.925,22.4875,545.4583333333334,20.679166666666667,13.549999999999999,77.375,11.708333333333334,0.24166666666666667,79.75,26.0,2.0,3.0,1.0,80.16666666666667,90.20833333333333,-0.4166666666666667,81.625,85.9201388888889,92.3443287037037,1.452372287909075,4.477181499528357,6.258022069625056,85.51027222860968,5.400829315472564,24.375,10.695833333333333,74.125,1007.9416666666666,504.7916666666667,19.025000000000002,0.0,0.375,26.349999999999998,239.95833333333334,2644.7916666666665,-0.4250000000000019,6.620833333333334,81.58333333333333
2026-02-27 00:00:00+05:00,24.329166666666666,11.995833333333332,70.66666666666667,1007.7583333333333,491.0416666666667,18.370833333333334,0.0,0.0,269.0833333333333,29.2375,238.70833333333334,40.583333333333336,23.983333333333334,386.0,16.620833333333334,12.841666666666667,85.79166666666667,25.416666666666668,0.22624999999999998,75.625,27.0,2.0,4.0,1.0,75.54166666666667,79.75,0.08333333333333333,75.5,76.58506944444444,85.65914351851852,0.269136686932823,1.584120996999441,8.154394811149837,77.29855443805022,4.139378515628764,23.479166666666668,8.054166666666667,78.20833333333333,1009.8416666666667,368.5416666666667,19.154166666666665,0.0,28.708333333333332,21.275000000000002,239.75,6116.895833333333,-0.1541666666666591,5.958333333333333,87.125
2026-02-28 00:00:00+05:00,24.375,10.695833333333333,74.125,1007.9416666666666,504.7916666666667,19.025000000000002,0.0,0.375,260.8333333333333,26.349999999999998,239.95833333333334,62.92916666666667,26.349999999999998,401.2916666666667,18.5625,13.170833333333334,90.54166666666667,63.916666666666664,0.24125,81.58333333333333,28.0,2.0,5.0,1.0,81.375,75.625,0.20833333333333334,80.5,77.90104166666667,80.13541666666667,1.6624166427762284,2.0658257469805803,5.530076821832725,78.65521389988653,2.9254260905296463,23.65833333333333,7.766666666666667,79.95833333333333,1011.8874999999999,286.875,19.558333333333334,0.0,22.916666666666668,20.416666666666668,238.58333333333334,5705.895833333333,0.2083333333333286,5.3500000000000005,88.95833333333333
2026-03-01 00:00:00+05:00,23.479166666666668,8.054166666666667,78.20833333333333,1009.8416666666667,368.5416666666667,19.154166666666665,0.0,28.708333333333332,276.125,21.275000000000002,239.75,44.637499999999996,26.287499999999998,479.6666666666667,22.1875,16.55,84.16666666666667,28.666666666666668,0.20666666666666667,87.125,1.0,3.0,6.0,1.0,87.16666666666667,81.58333333333333,-0.041666666666666664,86.55555555555556,84.06076388888889,79.515625,3.312452807617909,4.413784569113299,4.653351399791859,84.18678733860756,4.854261492118424,24.183333333333334,7.666666666666667,74.79166666666667,1013.1625,330.2083333333333,18.333333333333332,0.0,20.541666666666668,20.34583333333333,248.75,3371.9375,0.22083333333333618,4.324999999999999,90.5
2026-03-02 00:00:00+05:00,23.65833333333333,7.766666666666667,79.95833333333333,1011.8874999999999,286.875,19.558333333333334,0.0,22.916666666666668,282.9166666666667,20.416666666666668,238.58333333333334,47.04583333333333,28.270833333333332,509.4583333333333,26.833333333333332,17.1875,85.33333333333333,30.25,0.22916666666666666,88.95833333333333,2.0,3.0,0.0,1.0,88.79166666666667,87.125,0.16666666666666666,87.88194444444444,87.3125,83.09143518518519,4.958412610639123,8.190862021879335,6.810756668960536,87.01830478580568,7.883626189391138,23.204166666666666,9.316666666666666,75.95833333333333,1014.0583333333334,398.3333333333333,18.083333333333332,0.0,28.583333333333332,24.5625,249.375,2491.2916666666665,0.32083333333333525,4.1000000000000005,85.25
2026-03-03 00:00:00+05:00,24.183333333333334,7.666666666666667,74.79166666666667,1013.1625,330.2083333333333,18.333333333333332,0.0,20.541666666666668,283.375,20.34583333333333,248.75,47.25833333333333,28.150000000000002,570.9583333333334,28.6375,19.425,79.25,31.916666666666668,0.17708333333333334,90.5,3.0,3.0,1.0,1.0,90.5,88.95833333333333,0.0,90.8611111111111,90.2482638888889,87.20717592592592,5.250535292946751,10.43441870191468,8.448631389282301,90.0676592856165,9.718144621612092,23.704166666666666,12.891666666666666,74.625,1013.0124999999999,519.7916666666666,18.495833333333334,0.0,0.20833333333333334,30.7375,251.04166666666666,2780.3125,0.07083333333332575,5.8500000000000005,68.16666666666667
2026-03-04 00:00:00+05:00,23.204166666666666,9.316666666666666,75.95833333333333,1014.0583333333334,398.3333333333333,18.083333333333332,0.0,28.583333333333332,290.1666666666667,24.5625,249.375,43.40416666666667,25.458333333333332,382.5833333333333,21.974999999999998,15.125,74.33333333333333,28.375,0.13625,85.25,4.0,3.0,2.0,1.0,85.41666666666667,90.5,-0.16666666666666666,86.69444444444444,89.26215277777777,88.94097222222223,1.8956079381931679,8.248728999491801,9.236252024012822,88.65161105249365,8.04059119341665,24.995833333333334,13.270833333333334,79.25,1010.1458333333334,517.9166666666666,20.883333333333333,0.0,10.333333333333334,32.25416666666667,250.04166666666666,3929.0625,0.08750000000000095,5.120833333333334,68.5
2026-03-05 00:00:00+05:00,23.704166666666666,12.891666666666666,74.625,1013.0124999999999,519.7916666666666,18.495833333333334,0.0,0.20833333333333334,277.2083333333333,30.7375,251.04166666666666,22.3875,15.245833333333332,332.9166666666667,14.875,10.883333333333333,76.54166666666667,9.291666666666666,0.15208333333333332,68.16666666666667,5.0,3.0,3.0,1.0,69.0,85.25,-0.8333333333333334,71.34027777777779,78.73958333333333,86.08333333333333,1.801295961975186,5.549557622699081,10.225630886325357,77.57356979680492,7.625988226849041,25.191666666666666,8.295833333333333,81.625,1009.9416666666666,294.5833333333333,21.545833333333334,0.0,2.7916666666666665,21.379166666666666,252.75,7235.583333333333,-0.3208333333333305,5.208333333333333,85.20833333333333
2026-03-06 00:00:00+05:00,24.995833333333334,13.270833333333334,79.25,1010.1458333333334,517.9166666666666,20.883333333333333,0.0,10.333333333333334,273.2083333333333,32.25416666666667,250.04166666666666,50.050000000000004,23.125,306.0833333333333,13.908333333333333,10.841666666666667,70.5,45.416666666666664,0.14541666666666667,68.5,6.0,3.0,4.0,1.0,67.91666666666667,68.16666666666667,0.5833333333333334,66.47222222222221,65.07638888888889,77.69270833333333,1.1494088775836806,3.7139284398503705,12.119101628660616,66.97404044023887,6.558091412357533,24.304166666666664,6.229166666666667,84.33333333333333,1011.6708333333332,228.125,21.183333333333334,0.0,44.333333333333336,18.2,243.33333333333334,7123.395833333333,-0.3125,4.1125,105.41666666666667
2026-03-07 00:00:00+05:00,25.191666666666666,8.295833333333333,81.625,1009.9416666666666,294.5833333333333,21.545833333333334,0.0,2.7916666666666665,243.45833333333334,21.379166666666666,252.75,88.24583333333334,33.34166666666667,508.7916666666667,20.270833333333332,13.987499999999999,80.66666666666667,97.91666666666667,0.19791666666666666,85.20833333333333,7.0,3.0,5.0,1.0,84.375,68.5,0.8333333333333334,82.38888888888889,76.05381944444444,73.28993055555556,1.5062171986819246,4.926574448128213,8.830615403045686,77.06740176267455,6.512212579308442,25.366666666666664,6.629166666666666,74.20833333333333,1012.1916666666666,265.4166666666667,19.287499999999998,0.0,32.333333333333336,19.016666666666666,255.66666666666666,2577.1875,0.24166666666666478,3.6458333333333335,101.5
2026-03-08 00:00:00+05:00,24.304166666666664,6.229166666666667,84.33333333333333,1011.6708333333332,228.125,21.183333333333334,0.0,44.333333333333336,256.7916666666667,18.2,243.33333333333334,60.15,35.47083333333333,515.2916666666666,30.291666666666668,17.091666666666665,87.375,36.708333333333336,0.19791666666666666,105.41666666666667,8.0,3.0,6.0,1.0,105.29166666666667,85.20833333333333,0.125,103.97916666666667,95.7482638888889,78.95949074074075,3.633320749773022,7.098443694026589,13.997274367641003,96.22891685890606,10.271198588149336,25.483333333333334,8.341666666666667,72.16666666666667,1013.4041666666667,332.0833333333333,18.125,0.0,37.583333333333336,22.333333333333332,253.29166666666666,1706.8541666666667,0.1374999999999981,3.1208333333333336,89.70833333333333
2026-03-09 00:00:00+05:00,25.366666666666664,6.629166666666666,74.20833333333333,1012.1916666666666,265.4166666666667,19.287499999999998,0.0,32.333333333333336,282.4166666666667,19.016666666666666,255.66666666666666,65.09583333333333,35.68333333333333,540.7916666666666,36.13333333333333,19.495833333333334,68.125,48.583333333333336,0.26875,101.5,9.0,3.0,0.0,1.0,101.41666666666667,105.41666666666667,0.08333333333333333,102.03472222222223,104.58680555555556,92.12962962962962,1.534306455693975,6.136638911187014,13.835849137227443,102.68193999185604,7.341421084886097,24.979166666666668,8.879166666666666,80.5,1012.8333333333334,332.7083333333333,21.075,0.0,50.416666666666664,22.816666666666666,254.04166666666666,2067.5625,0.016666666666670455,6.079166666666667,85.875
2026-03-10 00:00:00+05:00,25.483333333333334,8.341666666666667,72.16666666666667,1013.4041666666667,332.0833333333333,18.125,0.0,37.583333333333336,286.0,22.333333333333332,253.29166666666666,47.92083333333333,26.349999999999998,430.2083333333333,28.920833333333334,15.870833333333332,65.0,36.208333333333336,0.21708333333333332,89.70833333333333,10.0,3.0,1.0,1.0,90.45833333333333,101.5,-0.75,92.3125,97.40104166666667,99.24537037037037,1.4215084596961374,3.807764664711611,8.315344382178159,96.40456625537598,5.49178916816583,27.820833333333336,10.299999999999999,51.833333333333336,1009.8708333333334,436.875,14.770833333333334,0.0,55.791666666666664,24.983333333333334,253.875,3218.3125,0.07083333333333523,7.358333333333333,121.54166666666667
2026-03-11 00:00:00+05:00,24.979166666666668,8.879166666666666,80.5,1012.8333333333334,332.7083333333333,21.075,0.0,50.416666666666664,270.9166666666667,22.816666666666666,254.04166666666666,83.90416666666667,35.11666666666667,467.8333333333333,22.954166666666666,14.104166666666666,64.75,86.08333333333333,0.1725,85.875,11.0,3.0,2.0,1.0,85.29166666666667,89.70833333333333,0.5833333333333334,84.16666666666667,84.98090277777779,95.65625,1.0364509641355222,3.173383875448811,9.568070835955977,85.98595725553082,5.687222921706756,26.891666666666666,9.345833333333333,50.208333333333336,1008.4041666666667,339.375,14.041666666666666,0.0,1.2916666666666667,23.304166666666664,261.5,3416.625,-0.20416666666667047,3.904166666666667,128.125
2026-03-12 00:00:00+05:00,27.820833333333336,10.299999999999999,51.833333333333336,1009.8708333333334,436.875,14.770833333333334,0.0,55.791666666666664,290.7083333333333,24.983333333333334,253.875,107.52916666666665,43.737500000000004,462.4583333333333,19.641666666666666,12.325000000000001,71.625,117.66666666666667,0.26166666666666666,121.54166666666667,12.0,3.0,3.0,1.0,120.5,85.875,1.0416666666666667,117.1875,102.19965277777777,94.8605324074074,3.3424921478319543,12.18385417870403,12.18943084139898,105.36261877694795,13.780636914456458,27.02916666666667,11.479166666666666,56.791666666666664,1008.5500000000001,412.5,16.8125,0.0,0.4166666666666667,28.179166666666664,259.625,5057.166666666667,-0.27916666666666384,13.049999999999999,122.5
2026-03-13 00:00:00+05:00,26.891666666666666,9.345833333333333,50.208333333333336,1008.4041666666667,339.375,14.041666666666666,0.0,1.2916666666666667,198.25,23.304166666666664,261.5,148.1625,54.32083333333333,707.4166666666666,23.8125,20.045833333333334,73.625,170.33333333333334,0.3204166666666667,128.125,13.0,3.0,4.0,1.0,127.08333333333333,121.54166666666667,1.0416666666666667,125.1388888888889,123.6875,103.62268518518518,3.046838843575548,6.7191912974377574,18.915295265992132,121.5675808901514,10.949523390898,28.40833333333333,11.608333333333334,46.0,1009.2125,626.4583333333334,12.3375,0.0,15.958333333333334,28.004166666666666,271.5416666666667,3741.6666666666665,-0.09999999999999905,12.85,78.91666666666667
2026-03-14 00:00:00+05:00,27.02916666666667,11.479166666666666,56.791666666666664,1008.5500000000001,412.5,16.8125,0.0,0.4166666666666667,270.7916666666667,28.179166666666664,259.625,79.81666666666666,31.741666666666664,459.3333333333333,17.275000000000002,12.591666666666667,77.875,84.70833333333333,0.2866666666666667,122.5,14.0,3.0,5.0,1.0,124.66666666666667,128.125,-2.1666666666666665,129.50694444444443,133.75173611111111,119.87962962962963,4.044549093141543,12.033276198873894,17.895740875861716,131.38098037614066,12.962272904761207,27.90416666666667,11.858333333333334,47.458333333333336,1007.4833333333332,569.375,13.129166666666668,0.0,2.5,28.583333333333332,269.25,5201.229166666667,0.054166666666664774,10.216666666666667,69.0
2026-03-15 00:00:00+05:00,28.40833333333333,11.608333333333334,46.0,1009.2125,626.4583333333334,12.3375,0.0,15.958333333333334,292.125,28.004166666666666,271.5416666666667,46.48333333333333,18.870833333333334,451.5833333333333,15.887500000000001,10.520833333333334,86.08333333333333,50.208333333333336,0.225,78.91666666666667,15.0,3.0,6.0,1.0,80.0,122.5,-1.0833333333333333,82.90277777777779,98.3767361111111,118.60532407407408,2.2445322486912773,13.401944678928908,19.635691091663848,96.94788440403197,18.63003306917933,25.90416666666667,9.683333333333334,73.25,1006.9458333333333,392.5,20.525000000000002,0.0,63.833333333333336,24.9375,260.2916666666667,7980.083333333333,0.041666666666666664,16.070833333333333,68.66666666666667
2026-03-16 00:00:00+05:00,27.90416666666667,11.858333333333334,47.458333333333336,1007.4833333333332,569.375,13.129166666666668,0.0,2.5,278.0,28.583333333333332,269.25,55.6,19.745833333333334,408.5833333333333,15.85,11.241666666666667,82.95833333333333,67.66666666666667,0.24875,69.0,16.0,3.0,0.0,1.0,68.95833333333333,78.91666666666667,0.041666666666666664,68.97222222222221,71.984375,101.37094907407408,0.5684397995986888,3.446302107905572,28.334451937013657,74.08743680864613,11.956437806965198,25.816666666666666,7.641666666666667,80.70833333333333,1008.0916666666667,376.6666666666667,21.916666666666668,0.09583333333333334,68.20833333333333,21.787499999999998,220.91666666666666,7198.4375,-0.2708333333333333,14.775,75.45833333333333
2026-03-17 00:00:00+05:00,25.90416666666667,9.683333333333334,73.25,1006.9458333333333,392.5,20.525000000000002,0.0,63.833333333333336,235.79166666666666,24.9375,260.2916666666667,38.3125,17.837500000000002,441.25,19.179166666666667,13.508333333333333,80.0,33.833333333333336,0.3875,68.66666666666667,17.0,3.0,1.0,1.0,68.83333333333333,69.0,-0.16666666666666666,69.13194444444444,69.26388888888889,79.875,0.604355303976676,0.8592931372829854,15.456129611966015,69.89113791424624,4.833110539113375,22.895833333333332,5.1000000000000005,77.08333333333333,1011.3916666666668,198.54166666666666,18.533333333333335,0.44999999999999996,69.29166666666667,17.345833333333335,140.375,4069.3333333333335,0.008333333333339965,5.379166666666666,75.04166666666667
2026-03-18 00:00:00+05:00,25.816666666666666,7.641666666666667,80.70833333333333,1008.0916666666667,376.6666666666667,21.916666666666668,0.09583333333333334,68.20833333333333,175.70833333333334,21.787499999999998,220.91666666666666,37.9375,23.704166666666666,719.0416666666666,22.833333333333332,17.983333333333334,66.66666666666667,20.166666666666668,0.6270833333333333,75.45833333333333,18.0,3.0,2.0,1.0,74.95833333333333,68.66666666666667,0.5,73.6875,70.50173611111111,70.58333333333333,1.3187580532110939,3.3910136397617046,3.88532281847865,71.46523316702515,4.036508861123131,23.183333333333334,6.5874999999999995,74.125,1010.8541666666666,339.5833333333333,18.095833333333335,0.0,10.875,17.783333333333335,263.4583333333333,3115.2916666666665,0.30416666666666003,3.9000000000000004,96.04166666666667
2026-03-19 00:00:00+05:00,22.895833333333332,5.1000000000000005,77.08333333333333,1011.3916666666668,198.54166666666666,18.533333333333335,0.44999999999999996,69.29166666666667,179.04166666666666,17.345833333333335,140.375,68.17916666666666,28.891666666666666,861.9583333333334,30.104166666666668,20.320833333333333,65.29166666666667,70.04166666666667,0.5179166666666667,75.04166666666667,19.0,3.0,3.0,1.0,74.75,75.45833333333333,0.2916666666666667,74.65972222222221,75.94270833333333,71.90277777777779,1.6799635796733192,3.363971276514056,4.35756631687277,74.92422005911973,3.956990239983071,25.28333333333333,8.716666666666667,77.54166666666667,1010.9375,557.2916666666666,20.908333333333335,0.004166666666666667,79.41666666666667,21.829166666666666,225.0,1336.8541666666667,0.3041666666666695,4.3625,80.54166666666667
2026-03-20 00:00:00+05:00,23.183333333333334,6.5874999999999995,74.125,1010.8541666666666,339.5833333333333,18.095833333333335,0.0,10.875,223.875,17.783333333333335,263.4583333333333,73.94583333333334,30.870833333333334,698.0,31.3625,19.108333333333334,64.25,77.08333333333333,0.38166666666666665,96.04166666666667,20.0,3.0,4.0,1.0,95.70833333333333,75.04166666666667,0.3333333333333333,94.03472222222223,84.98958333333333,77.14467592592592,1.9418685851640118,7.783556061959739,8.485225738425806,86.88249763349137,8.76041243194238,25.333333333333332,7.529166666666666,77.375,1012.725,475.625,20.779166666666665,0.004166666666666667,89.125,21.095833333333335,214.75,2708.0,-0.15833333333333618,5.0875,79.125
2026-03-21 00:00:00+05:00,25.28333333333333,8.716666666666667,77.54166666666667,1010.9375,557.2916666666666,20.908333333333335,0.004166666666666667,79.41666666666667,251.95833333333334,21.829166666666666,225.0,41.416666666666664,22.645833333333332,486.7916666666667,21.454166666666666,14.75,59.958333333333336,28.791666666666668,0.42625,80.54166666666667,21.0,3.0,5.0,1.0,81.29166666666667,96.04166666666667,-0.75,83.50694444444444,90.67881944444444,83.87037037037037,1.7499806817084915,5.969564858428922,9.952519368433954,87.76181708663518,7.477645234156828,26.070833333333336,10.016666666666667,71.70833333333333,1011.4875000000001,540.4166666666666,20.087500000000002,0.0,68.16666666666667,25.641666666666666,255.16666666666666,5135.916666666667,0.18333333333333238,4.375,73.375
2026-03-22 00:00:00+05:00,25.333333333333332,7.529166666666666,77.375,1012.725,475.625,20.779166666666665,0.004166666666666667,89.125,256.7083333333333,21.095833333333335,214.75,36.016666666666666,25.733333333333334,472.375,23.745833333333334,18.866666666666667,57.625,13.458333333333334,0.40791666666666665,79.125,22.0,3.0,6.0,1.0,78.83333333333333,80.54166666666667,0.2916666666666667,78.14583333333333,77.82291666666667,84.49710648148148,0.6104631539591987,2.5190203535985027,9.391328758085285,79.10915982730492,5.077164405761802,26.462500000000002,9.641666666666667,75.58333333333333,1010.0291666666667,457.9166666666667,21.337500000000002,0.0,75.66666666666667,24.15833333333333,162.0,4483.666666666667,0.025000000000005684,4.554166666666667,57.416666666666664
2026-03-23 00:00:00+05:00,26.070833333333336,10.016666666666667,71.70833333333333,1011.4875000000001,540.4166666666666,20.087500000000002,0.0,68.16666666666667,279.0833333333333,25.641666666666666,255.16666666666666,21.329166666666666,14.783333333333333,349.0833333333333,17.470833333333335,14.950000000000001,65.25,9.125,0.20958333333333334,73.375,23.0,3.0,0.0,1.0,74.20833333333333,79.125,-0.8333333333333334,76.00694444444444,78.76388888888889,82.421875,1.405376090847672,2.8679142482559143,7.546947358186991,78.0256073597375,3.702765348597465,26.875,11.137500000000001,68.5,1009.6541666666667,715.8333333333334,19.875,0.0,74.91666666666667,28.929166666666664,255.08333333333334,5755.958333333333,-0.15416666666666856,5.983333333333334,63.416666666666664
2026-03-24 00:00:00+05:00,26.462500000000002,9.641666666666667,75.58333333333333,1010.0291666666667,457.9166666666667,21.337500000000002,0.0,75.66666666666667,275.75,24.15833333333333,162.0,23.333333333333332,14.154166666666667,368.5416666666667,16.5,15.387500000000001,68.41666666666667,14.666666666666666,0.24666666666666667,57.416666666666664,24.0,3.0,1.0,1.0,57.5,73.375,-0.08333333333333333,58.0625,63.82118055555555,73.46932870370371,1.1307282486301962,5.541057491684863,8.219983737466935,63.47970909146545,7.6946759532659295,26.7625,9.770833333333334,66.625,1011.7583333333333,629.7916666666666,19.7375,0.004166666666666667,77.08333333333333,25.941666666666666,244.04166666666666,4423.041666666667,-0.17083333333333903,5.125,79.58333333333333
2026-03-25 00:00:00+05:00,26.875,11.137500000000001,68.5,1009.6541666666667,715.8333333333334,19.875,0.0,74.91666666666667,264.6666666666667,28.929166666666664,255.08333333333334,49.86666666666667,20.599999999999998,377.375,16.412499999999998,13.066666666666668,52.458333333333336,51.125,0.3020833333333333,63.416666666666664,25.0,3.0,2.0,1.0,63.0,57.416666666666664,0.4166666666666667,62.083333333333336,59.50694444444445,67.36400462962963,0.7073364803539963,2.0811529596049443,9.661407449622107,60.92537896634709,4.0202756023994155,26.666666666666668,10.775,74.45833333333333,1011.1833333333334,584.1666666666666,21.366666666666664,0.0,29.333333333333332,28.545833333333334,262.625,8633.729166666666,0.03750000000000379,7.0,68.91666666666667
2026-03-26 00:00:00+05:00,26.7625,9.770833333333334,66.625,1011.7583333333333,629.7916666666666,19.7375,0.004166666666666667,77.08333333333333,270.0,25.941666666666666,244.04166666666666,43.800000000000004,23.662499999999998,332.2916666666667,21.712500000000002,16.141666666666666,53.25,32.5,0.3333333333333333,79.58333333333333,26.0,3.0,3.0,1.0,79.20833333333333,63.416666666666664,0.375,77.91666666666667,71.43229166666667,64.92013888888889,1.4227885512403347,5.374970536424702,8.01184159609681,72.36180970952843,6.780049125584864,26.791666666666668,19.3875,69.875,1006.725,940.625,20.541666666666668,0.0,74.54166666666667,46.666666666666664,246.125,6999.354166666667,0.32500000000000284,7.025000000000001,48.333333333333336
2026-03-27 00:00:00+05:00,26.666666666666668,10.775,74.45833333333333,1011.1833333333334,584.1666666666666,21.366666666666664,0.0,29.333333333333332,267.125,28.545833333333334,262.625,20.979166666666668,13.441666666666668,344.6666666666667,13.375,14.504166666666668,62.041666666666664,11.875,0.28208333333333335,68.91666666666667,27.0,3.0,4.0,1.0,69.75,79.58333333333333,-0.8333333333333334,71.70833333333333,76.625,69.18807870370371,1.4789368844979551,4.0536077564911706,8.961491164514415,74.45734243208663,5.475533690996355,26.516666666666666,18.070833333333333,58.916666666666664,1006.5666666666666,1102.5,17.579166666666666,0.0,35.833333333333336,43.958333333333336,269.1666666666667,6935.5,-0.5041666666666677,5.3,66.875
2026-03-28 00:00:00+05:00,26.791666666666668,19.3875,69.875,1006.725,940.625,20.541666666666668,0.0,74.54166666666667,269.3333333333333,46.666666666666664,246.125,21.604166666666668,8.0625,204.54166666666666,6.758333333333333,8.533333333333333,57.041666666666664,23.041666666666668,0.26333333333333336,48.333333333333336,28.0,3.0,5.0,1.0,48.958333333333336,68.91666666666667,-0.625,50.770833333333336,58.911458333333336,68.98958333333333,1.8348092162031178,6.365715037971566,10.197368498776727,58.110105432748874,8.818909085796724,25.704166666666666,14.558333333333332,53.791666666666664,1007.8625000000001,1027.9166666666667,15.391666666666666,0.0,21.208333333333332,35.87083333333333,280.0833333333333,18485.104166666668,-0.3958333333333381,6.25,79.04166666666667
2026-03-29 00:00:00+05:00,26.516666666666666,18.070833333333333,58.916666666666664,1006.5666666666666,1102.5,17.579166666666666,0.0,35.833333333333336,256.0833333333333,43.958333333333336,269.1666666666667,47.12916666666666,17.8875,248.875,7.7625,9.529166666666667,110.75,50.833333333333336,0.27416666666666667,66.875,29.0,3.0,6.0,1.0,65.95833333333333,48.333333333333336,0.9166666666666666,61.833333333333336,51.89930555555555,62.47858796296296,4.9551004903569025,8.65032415797287,13.735215813141169,55.618984993633966,10.715549666750148,25.2625,11.708333333333334,55.0,1008.8416666666667,1057.5,15.466666666666667,0.0,92.75,29.804166666666664,226.41666666666666,20514.625,0.16666666666666666,8.9375,77.20833333333333
2026-03-30 00:00:00+05:00,25.704166666666666,14.558333333333332,53.791666666666664,1007.8625000000001,1027.9166666666667,15.391666666666666,0.0,21.208333333333332,256.125,35.87083333333333,280.0833333333333,42.262499999999996,19.245833333333334,276.25,9.358333333333333,11.054166666666667,119.95833333333333,37.958333333333336,0.19999999999999998,79.04166666666667,30.0,3.0,0.0,1.0,78.91666666666667,66.875,0.125,78.34027777777779,73.69270833333333,61.50115740740741,6.0076362764779,13.784623842984098,14.75155802481053,72.94408415375867,14.619541832852697,25.829166666666666,11.575000000000001,61.5,1008.8958333333334,769.5833333333334,17.654166666666665,0.0,95.33333333333333,29.787499999999998,250.0,15065.5,0.2000000000000076,10.3125,78.0
2026-03-31 00:00:00+05:00,25.2625,11.708333333333334,55.0,1008.8416666666667,1057.5,15.466666666666667,0.0,92.75,261.125,29.804166666666664,226.41666666666666,50.00416666666666,23.650000000000002,338.2916666666667,11.816666666666668,12.424999999999999,115.33333333333333,43.166666666666664,0.24416666666666667,77.20833333333333,31.0,3.0,1.0,1.0,76.875,79.04166666666667,0.3333333333333333,77.04166666666667,79.21875,68.27025462962963,4.618831374185423,12.959694642694581,17.3664778291575,77.87045238309497,12.446090627332874,22.583333333333332,7.495833333333334,81.25,1009.8125,366.25,19.166666666666668,0.43333333333333335,95.83333333333333,22.3125,141.29166666666666,12630.145833333334,0.12083333333332764,9.795833333333333,73.0
2026-04-01 00:00:00+05:00,25.829166666666666,11.575000000000001,61.5,1008.8958333333334,769.5833333333334,17.654166666666665,0.0,95.33333333333333,269.5,29.787499999999998,250.0,40.55416666666667,20.741666666666667,347.5,14.1,13.85,100.75,32.375,0.25708333333333333,78.0,1.0,4.0,2.0,2.0,78.16666666666667,77.20833333333333,-0.16666666666666666,79.40972222222221,79.56597222222221,77.49247685185185,2.9312567829062,6.623244874842974,11.94207115511167,79.46107288240852,7.223333298972155,21.891666666666666,8.533333333333333,74.41666666666667,1009.3416666666667,526.875,16.787499999999998,0.05833333333333333,39.333333333333336,22.491666666666664,266.25,9496.104166666666,-0.04583333333332954,8.174999999999999,67.33333333333333
2026-04-02 00:00:00+05:00,22.583333333333332,7.495833333333334,81.25,1009.8125,366.25,19.166666666666668,0.43333333333333335,95.83333333333333,234.79166666666666,22.3125,141.29166666666666,59.887499999999996,22.479166666666668,388.9583333333333,16.883333333333333,16.295833333333334,73.45833333333333,65.95833333333333,0.41124999999999995,73.0,2.0,4.0,3.0,2.0,72.875,78.0,0.125,72.67361111111111,74.75694444444444,77.84722222222221,1.2942234583671686,4.300787546962291,9.031815230487137,74.61179865876402,5.051562921333182,24.191666666666666,9.929166666666667,65.70833333333333,1009.5416666666666,533.5416666666666,17.133333333333333,0.0,13.458333333333334,23.791666666666668,283.9166666666667,3467.5416666666665,0.12499999999999527,3.4166666666666665,69.95833333333333
2026-04-03 00:00:00+05:00,21.891666666666666,8.533333333333333,74.41666666666667,1009.3416666666667,526.875,16.787499999999998,0.05833333333333333,39.333333333333336,228.29166666666666,22.491666666666664,266.25,26.47083333333333,15.170833333333333,605.8333333333334,18.370833333333334,19.433333333333334,74.875,18.583333333333332,0.17041666666666666,67.33333333333333,3.0,4.0,4.0,2.0,67.95833333333333,73.0,-0.625,69.84027777777779,72.60069444444444,75.64120370370371,1.5160454262899403,3.692067531127906,6.010506942295351,72.13124235457734,4.072977820312494,24.666666666666668,8.725,67.29166666666667,1009.9958333333334,523.125,18.0,0.0,58.75,21.279166666666665,188.54166666666666,5464.770833333333,-0.09583333333333144,5.104166666666667,70.0
2026-04-04 00:00:00+05:00,24.191666666666666,9.929166666666667,65.70833333333333,1009.5416666666666,533.5416666666666,17.133333333333333,0.0,13.458333333333334,244.25,23.791666666666668,283.9166666666667,27.96666666666667,16.400000000000002,454.4166666666667,17.3125,12.208333333333334,97.54166666666667,17.125,0.20958333333333334,69.95833333333333,4.0,4.0,5.0,2.0,69.79166666666667,67.33333333333333,0.16666666666666666,67.91666666666667,65.24305555555556,70.86689814814815,3.8970864081974574,5.451407612424638,6.578750119187272,66.65920718895619,6.606744947517871,25.691666666666666,14.870833333333332,72.66666666666667,1008.6291666666666,717.9166666666666,20.220833333333335,0.0375,20.833333333333332,34.87916666666667,246.79166666666666,6338.770833333333,0.09166666666666383,7.058333333333333,72.66666666666667
2026-04-05 00:00:00+05:00,24.666666666666668,8.725,67.29166666666667,1009.9958333333334,523.125,18.0,0.0,58.75,263.375,21.279166666666665,188.54166666666666,27.2,18.537499999999998,516.2083333333334,20.1125,14.870833333333332,93.04166666666667,10.583333333333334,0.2175,70.0,5.0,4.0,6.0,2.0,69.91666666666667,69.95833333333333,0.08333333333333333,69.55555555555556,69.69965277777779,69.18113425925925,5.594169063699916,11.383584429449307,8.406902531455398,69.22094693497905,10.6017275367548,26.433333333333334,17.412499999999998,72.70833333333333,1006.0041666666666,933.125,20.766666666666666,0.008333333333333333,4.791666666666667,41.05416666666667,287.7083333333333,4936.791666666667,-0.04166666666666193,6.666666666666667,73.04166666666667
2026-04-06 00:00:00+05:00,25.691666666666666,14.870833333333332,72.66666666666667,1008.6291666666666,717.9166666666666,20.220833333333335,0.0375,20.833333333333332,240.875,34.87916666666667,246.79166666666666,48.12916666666666,21.554166666666664,364.9166666666667,14.237499999999999,10.070833333333333,77.75,44.208333333333336,0.44708333333333333,72.66666666666667,6.0,4.0,0.0,2.0,72.375,70.0,0.2916666666666667,72.94444444444444,72.68229166666667,69.20833333333333,2.499129245463345,9.744865598404031,10.01600577258933,72.57774310508778,9.07794979459229,25.77916666666667,8.641666666666667,76.04166666666667,1006.4083333333333,456.6666666666667,20.983333333333334,0.0,3.4166666666666665,23.079166666666666,276.1666666666667,12059.6875,-0.3125,5.470833333333334,101.79166666666667
2026-04-07 00:00:00+05:00,26.433333333333334,17.412499999999998,72.70833333333333,1006.0041666666666,933.125,20.766666666666666,0.008333333333333333,4.791666666666667,253.04166666666666,41.05416666666667,287.7083333333333,51.7125,22.599999999999998,292.0416666666667,8.9375,9.229166666666666,90.91666666666667,49.25,0.36541666666666667,73.04166666666667,7.0,4.0,1.0,2.0,73.0,72.66666666666667,0.041666666666666664,72.7361111111111,72.77256944444444,71.71817129629629,2.242806826990778,2.8095675633580925,9.035981057628844,72.67746798187035,4.638221286463401,25.608333333333334,7.325,77.375,1010.3208333333333,267.0833333333333,20.974999999999998,0.0,31.416666666666668,20.729166666666668,275.5416666666667,16638.125,-0.2541666666666676,5.666666666666667,113.20833333333333
2026-04-08 00:00:00+05:00,25.77916666666667,8.641666666666667,76.04166666666667,1006.4083333333333,456.6666666666667,20.983333333333334,0.0,3.4166666666666665,236.0,23.079166666666666,276.1666666666667,60.541666666666664,29.983333333333334,528.5,15.429166666666667,16.570833333333333,123.29166666666667,51.75,0.41625,101.79166666666667,8.0,4.0,2.0,2.0,101.20833333333333,73.04166666666667,0.5833333333333334,96.28472222222223,81.35416666666667,75.60300925925925,9.157585816009494,12.491280728913521,11.279043636390744,84.61499472095339,13.90850809217661,27.233333333333334,8.029166666666667,64.58333333333333,1012.5666666666666,365.8333333333333,18.954166666666666,0.0,24.875,22.27916666666667,265.0,3967.6041666666665,0.2833333333333267,4.795833333333333,111.04166666666667
2026-04-09 00:00:00+05:00,25.608333333333334,7.325,77.375,1010.3208333333333,267.0833333333333,20.974999999999998,0.0,31.416666666666668,209.91666666666666,20.729166666666668,275.5416666666667,81.45416666666667,40.49583333333333,674.5416666666666,22.275000000000002,18.733333333333334,109.875,70.25,0.395,113.20833333333333,9.0,4.0,3.0,2.0,112.25,101.79166666666667,0.9583333333333334,111.94444444444444,109.06597222222223,87.73090277777777,10.828255212558725,25.89692099191259,23.875358828356312,107.21327913488203,24.74579703697162,27.933333333333334,10.770833333333334,65.75,1010.7916666666666,419.1666666666667,20.304166666666667,0.0,5.375,26.866666666666664,289.3333333333333,2337.25,0.6250000000000048,4.633333333333333,94.125
2026-04-10 00:00:00+05:00,27.233333333333334,8.029166666666667,64.58333333333333,1012.5666666666666,365.8333333333333,18.954166666666666,0.0,24.875,236.91666666666666,22.27916666666667,265.0,63.75,31.09166666666667,571.9583333333334,20.591666666666665,18.349999999999998,102.70833333333333,56.833333333333336,0.335,111.04166666666667,10.0,4.0,4.0,2.0,111.875,113.20833333333333,-0.8333333333333334,112.99305555555556,115.67881944444444,102.0329861111111,8.892046775121445,17.48665933445888,25.559804026419545,113.88455623193217,18.230835322776176,28.474999999999998,8.508333333333333,59.791666666666664,1008.2375000000001,214.58333333333334,18.849999999999998,0.0,9.583333333333334,22.495833333333334,294.0833333333333,3467.4375,-0.01666666666666572,8.279166666666667,116.41666666666667
2026-04-11 00:00:00+05:00,27.933333333333334,10.770833333333334,65.75,1010.7916666666666,419.1666666666667,20.304166666666667,0.0,5.375,280.5833333333333,26.866666666666664,289.3333333333333,105.30416666666667,38.74583333333333,378.6666666666667,15.658333333333333,12.316666666666668,89.29166666666667,123.41666666666667,0.3429166666666667,94.125,11.0,4.0,5.0,2.0,93.5,111.04166666666667,0.625,94.85416666666667,102.25,108.9982638888889,4.8453100224365775,16.921030349988445,21.484784013595227,101.34174512429932,16.940884211801926,28.358333333333334,11.4125,62.375,1008.0041666666666,458.125,19.941666666666666,0.0,15.875,28.55,290.1666666666667,4872.770833333333,-0.28749999999999903,7.629166666666667,99.125
2026-04-12 00:00:00+05:00,28.474999999999998,8.508333333333333,59.791666666666664,1008.2375000000001,214.58333333333334,18.849999999999998,0.0,9.583333333333334,247.75,22.495833333333334,294.0833333333333,114.41250000000001,37.708333333333336,589.0416666666666,18.591666666666665,15.625,97.75,143.625,0.3416666666666666,116.41666666666667,12.0,4.0,6.0,2.0,116.45833333333333,94.125,-0.041666666666666664,114.2361111111111,104.8298611111111,107.58622685185185,4.2223313276745476,8.041264938692406,16.80749426227371,107.69359240393378,10.860283011359044,28.604166666666668,11.054166666666667,62.291666666666664,1007.0791666666668,420.4166666666667,20.291666666666668,0.0,31.0,27.891666666666666,292.875,1828.2291666666667,-0.21250000000000094,9.625,87.91666666666667
2026-04-13 00:00:00+05:00,28.358333333333334,11.4125,62.375,1008.0041666666666,458.125,19.941666666666666,0.0,15.875,272.9166666666667,28.55,290.1666666666667,81.65833333333333,30.587500000000002,378.25,12.466666666666667,10.200000000000001,89.45833333333333,95.41666666666667,0.25625000000000003,99.125,13.0,4.0,0.0,2.0,99.70833333333333,116.41666666666667,-0.5833333333333334,102.97916666666667,110.76041666666667,105.94675925925925,3.537652787400949,11.816349417239492,14.694695368787452,107.81604366711792,11.809370889585173,27.620833333333334,8.929166666666667,71.33333333333333,1005.5458333333332,283.3333333333333,21.72083333333333,0.0,84.83333333333333,23.483333333333334,288.75,6032.479166666667,-0.02916666666666856,8.416666666666666,106.25
2026-04-14 00:00:00+05:00,28.604166666666668,11.054166666666667,62.291666666666664,1007.0791666666668,420.4166666666667,20.291666666666668,0.0,31.0,264.4583333333333,27.891666666666666,292.875,107.71666666666665,32.475,394.9583333333333,12.154166666666667,9.933333333333334,97.70833333333333,140.95833333333334,0.3670833333333334,87.91666666666667,14.0,4.0,1.0,2.0,87.83333333333333,99.125,0.08333333333333333,87.97916666666667,91.96354166666667,102.51793981481482,1.731665091906913,4.841196584034434,13.059949156716451,92.50811931255731,8.657176649940714,27.224999999999998,11.858333333333334,64.79166666666667,1005.4083333333333,469.7916666666667,19.8125,0.0,82.625,29.087500000000002,277.7916666666667,4906.958333333333,-0.15833333333333618,8.3125,81.75
2026-04-15 00:00:00+05:00,27.620833333333334,8.929166666666667,71.33333333333333,1005.5458333333332,283.3333333333333,21.72083333333333,0.0,84.83333333333333,263.75,23.483333333333334,288.75,67.95416666666667,29.7375,449.9166666666667,18.554166666666667,13.870833333333332,108.125,67.375,0.29,106.25,15.0,4.0,2.0,2.0,106.41666666666667,87.91666666666667,-0.16666666666666666,104.2013888888889,95.25,99.32465277777777,6.624957765005543,7.49299875912019,13.201953633795883,97.76469064450738,9.225160787291996,28.337500000000002,11.200000000000001,63.166666666666664,1007.5083333333333,436.25,19.8625,0.0,47.291666666666664,27.691666666666666,297.2083333333333,2795.9166666666665,-0.16666666666666666,5.8999999999999995,78.375
2026-04-16 00:00:00+05:00,27.224999999999998,11.858333333333334,64.79166666666667,1005.4083333333333,469.7916666666667,19.8125,0.0,82.625,258.7083333333333,29.087500000000002,277.7916666666667,31.849999999999998,18.904166666666665,347.4166666666667,15.945833333333333,12.133333333333333,103.41666666666667,18.5,0.17708333333333334,81.75,16.0,4.0,3.0,2.0,82.66666666666667,106.25,-0.9166666666666666,86.84027777777777,97.69444444444444,94.9693287037037,6.811246402476578,17.928748961044434,13.482078305579728,94.161144371626,16.99886017577491,26.65833333333333,10.829166666666666,70.625,1007.9708333333333,488.3333333333333,20.508333333333333,0.0,55.0,27.495833333333334,288.9583333333333,5870.604166666667,0.10416666666667614,7.412499999999999,81.375
2026-04-17 00:00:00+05:00,28.337500000000002,11.200000000000001,63.166666666666664,1007.5083333333333,436.25,19.8625,0.0,47.291666666666664,266.8333333333333,27.691666666666666,297.2083333333333,46.87916666666666,23.025000000000002,372.5,18.320833333333333,11.725,97.04166666666667,40.291666666666664,0.16833333333333333,78.375,17.0,4.0,4.0,2.0,78.0,81.75,0.375,77.35416666666667,77.65451388888889,90.19965277777777,4.2018370092139605,8.164814768793386,16.40709920485192,79.58800652597358,11.489164041870206,26.84166666666667,10.262500000000001,72.125,1007.6583333333333,459.375,21.05,0.0,2.4166666666666665,26.483333333333334,293.1666666666667,5257.979166666667,0.24999999999999525,8.475,86.70833333333333
2026-04-18 00:00:00+05:00,26.65833333333333,10.829166666666666,70.625,1007.9708333333333,488.3333333333333,20.508333333333333,0.0,55.0,257.4583333333333,27.495833333333334,288.9583333333333,70.60000000000001,24.133333333333336,355.4583333333333,17.087500000000002,13.200000000000001,97.58333333333333,82.66666666666667,0.20916666666666664,81.375,18.0,4.0,5.0,2.0,81.33333333333333,78.375,0.041666666666666664,80.32638888888889,79.11458333333333,84.82118055555556,5.176549562626236,8.447961223302883,15.788416707943496,79.44569048787703,9.223098455145264,27.224999999999998,10.470833333333333,75.5,1007.3416666666667,425.8333333333333,22.150000000000002,0.0,24.375,26.929166666666664,291.1666666666667,5792.645833333333,-0.04583333333332954,6.1499999999999995,78.20833333333333
2026-04-19 00:00:00+05:00,26.84166666666667,10.262500000000001,72.125,1007.6583333333333,459.375,21.05,0.0,2.4166666666666665,263.875,26.483333333333334,293.1666666666667,37.28333333333334,20.3,396.0833333333333,16.908333333333335,13.875,104.41666666666667,26.333333333333332,0.19041666666666668,86.70833333333333,19.0,4.0,6.0,2.0,86.95833333333333,81.375,-0.25,86.80555555555556,84.47916666666667,80.41608796296296,6.456623699868118,12.52842771818659,10.362723555038707,84.67721911595072,11.73400345534877,27.141666666666666,11.279166666666667,73.875,1007.1999999999999,500.625,21.683333333333334,0.0,27.791666666666668,28.837500000000002,295.1666666666667,5081.708333333333,-0.016666666666670455,5.791666666666667,74.58333333333333
2026-04-20 00:00:00+05:00,27.224999999999998,10.470833333333333,75.5,1007.3416666666667,425.8333333333333,22.150000000000002,0.0,24.375,266.25,26.929166666666664,291.1666666666667,46.333333333333336,22.454166666666666,326.375,15.65,13.75,101.20833333333333,40.583333333333336,0.2658333333333333,78.20833333333333,20.0,4.0,0.0,2.0,78.08333333333333,86.70833333333333,0.125,78.70138888888889,81.90104166666667,81.83159722222221,7.318857578097361,15.52762732513233,12.770925775228363,81.03501208751037,14.883172533509077,27.412499999999998,11.991666666666667,79.04166666666667,1006.3583333333332,542.7083333333334,23.233333333333334,0.0,23.875,30.545833333333334,290.25,4678.375,-0.037499999999999055,5.075,69.20833333333333
2026-04-21 00:00:00+05:00,27.141666666666666,11.279166666666667,73.875,1007.1999999999999,500.625,21.683333333333334,0.0,27.791666666666668,253.08333333333334,28.837500000000002,295.1666666666667,48.6875,21.1,310.4166666666667,15.375,12.3375,73.79166666666667,47.333333333333336,0.27666666666666667,74.58333333333333,21.0,4.0,1.0,2.0,74.66666666666667,78.20833333333333,-0.08333333333333333,75.97222222222221,79.07465277777779,81.81828703703704,1.978589266805148,11.06189320636942,13.592238452433627,78.72928949811332,10.848110476545598,28.004166666666666,11.9125,78.54166666666667,1006.25,518.5416666666666,23.679166666666664,0.0,37.958333333333336,30.541666666666668,285.9583333333333,6100.958333333333,-0.09999999999999905,5.458333333333333,60.625
2026-04-22 00:00:00+05:00,27.412499999999998,11.991666666666667,79.04166666666667,1006.3583333333332,542.7083333333334,23.233333333333334,0.0,23.875,251.375,30.545833333333334,290.25,28.991666666666664,15.641666666666666,267.7916666666667,12.424999999999999,11.029166666666667,62.833333333333336,19.708333333333332,0.39999999999999997,69.20833333333333,22.0,4.0,2.0,2.0,69.625,74.58333333333333,-0.4166666666666667,70.51388888888889,72.63715277777777,77.87094907407408,0.6861076054814491,1.6632763047046233,11.86590547500583,72.7379883118311,5.0061555577675305,28.020833333333332,10.116666666666667,81.66666666666667,1006.65,432.7083333333333,24.416666666666668,0.0,61.0,26.837500000000002,282.5833333333333,6945.020833333333,-0.12916666666666762,4.179166666666666,64.79166666666667
2026-04-23 00:00:00+05:00,28.004166666666666,11.9125,78.54166666666667,1006.25,518.5416666666666,23.679166666666664,0.0,37.958333333333336,251.875,30.541666666666668,285.9583333333333,26.741666666666664,15.458333333333334,276.9166666666667,12.325000000000001,11.283333333333333,66.33333333333333,15.208333333333334,0.4479166666666667,60.625,23.0,4.0,3.0,2.0,60.666666666666664,69.20833333333333,-0.041666666666666664,60.99305555555555,64.13194444444444,71.94791666666667,0.6463794011806357,3.0101142466550583,9.360267963206262,64.07156962126824,4.713150678190333,28.495833333333334,9.012500000000001,77.95833333333333,1007.1208333333334,335.8333333333333,23.933333333333334,0.0,38.541666666666664,24.287499999999998,291.625,6489.6875,0.07916666666666572,4.325,70.66666666666667
2026-04-24 00:00:00+05:00,28.020833333333332,10.116666666666667,81.66666666666667,1006.65,432.7083333333333,24.416666666666668,0.0,61.0,258.0,26.837500000000002,282.5833333333333,33.458333333333336,18.041666666666668,294.1666666666667,15.579166666666666,12.720833333333333,63.25,22.916666666666668,0.43916666666666665,64.79166666666667,24.0,4.0,4.0,2.0,64.58333333333333,60.625,0.20833333333333334,64.09722222222221,62.30555555555555,66.3582175925926,0.45372214701166813,1.45544402917191,5.301454565431691,63.169923551188134,2.4844744798352343,30.087500000000002,10.5375,64.33333333333333,1005.7208333333333,359.375,21.95,0.0,9.125,26.175,298.5,4859.458333333333,0.08750000000000095,3.6041666666666674,74.75
2026-04-25 00:00:00+05:00,28.495833333333334,9.012500000000001,77.95833333333333,1007.1208333333334,335.8333333333333,23.933333333333334,0.0,38.541666666666664,260.875,24.287499999999998,291.625,47.99583333333334,22.212500000000002,343.2916666666667,18.42083333333333,13.541666666666666,75.66666666666667,43.666666666666664,0.42166666666666663,70.66666666666667,25.0,4.0,5.0,2.0,70.33333333333333,64.79166666666667,0.3333333333333333,69.40277777777779,67.13020833333333,64.52256944444444,0.8968098594794517,1.7064855446561937,3.5795543902653164,67.36133690464848,2.534339238285255,29.53333333333333,11.0875,70.125,1003.0791666666668,446.875,23.229166666666668,0.0,11.083333333333334,27.679166666666664,296.2916666666667,3253.1458333333335,0.01666666666666572,4.5625,70.70833333333333
2026-04-26 00:00:00+05:00,30.087500000000002,10.5375,64.33333333333333,1005.7208333333333,359.375,21.95,0.0,9.125,268.5833333333333,26.175,298.5,44.82916666666667,21.170833333333334,375.0833333333333,17.679166666666667,11.416666666666666,78.54166666666667,40.375,0.27958333333333335,74.75,26.0,4.0,6.0,2.0,74.83333333333333,70.66666666666667,-0.08333333333333333,74.96527777777779,73.59722222222221,67.67766203703704,0.36021391749097914,1.8765536387693136,5.006244335726355,73.34383940884142,3.0681361854871714,29.8,12.995833333333332,68.25,1002.0916666666667,561.4583333333334,23.133333333333336,0.0,0.5416666666666666,32.34166666666667,296.125,4293.9375,-0.27916666666666856,8.137500000000001,71.04166666666667
2026-04-27 00:00:00+05:00,29.53333333333333,11.0875,70.125,1003.0791666666668,446.875,23.229166666666668,0.0,11.083333333333334,241.91666666666666,27.679166666666664,296.2916666666667,39.65833333333333,19.220833333333335,377.625,14.329166666666666,10.424999999999999,81.375,32.583333333333336,0.205,70.70833333333333,27.0,4.0,0.0,2.0,70.875,74.75,-0.16666666666666666,71.36111111111111,73.02083333333333,71.24942129629629,0.4670309624899773,1.321306782972817,3.639635289476074,72.48308535770775,1.8328376618670372,29.495833333333334,9.404166666666667,74.54166666666667,1002.3208333333333,358.75,24.295833333333334,0.0,6.791666666666667,24.90416666666667,294.7916666666667,5498.291666666667,-0.35833333333332956,6.304166666666666,79.91666666666667
2026-04-28 00:00:00+05:00,29.8,12.995833333333332,68.25,1002.0916666666667,561.4583333333334,23.133333333333336,0.0,0.5416666666666666,251.91666666666666,32.34166666666667,296.125,38.61666666666667,18.679166666666667,325.5,10.829166666666666,9.487499999999999,100.0,32.333333333333336,0.21666666666666667,71.04166666666667,28.0,4.0,1.0,2.0,71.08333333333333,70.70833333333333,-0.041666666666666664,70.97916666666667,70.18576388888889,72.26793981481482,1.851257860316716,1.66078797461369,2.6523383062468926,70.63815801709696,2.330235162345435,29.8875,10.195833333333333,72.375,1002.4291666666667,412.7083333333333,23.991666666666664,0.0,0.375,26.333333333333332,296.3333333333333,7511.854166666667,0.07083333333333049,6.666666666666667,85.70833333333333
2026-04-29 00:00:00+05:00,29.495833333333334,9.404166666666667,74.54166666666667,1002.3208333333333,358.75,24.295833333333334,0.0,6.791666666666667,253.41666666666666,24.90416666666667,294.7916666666667,60.69583333333333,26.854166666666668,377.75,13.408333333333333,12.295833333333334,101.79166666666667,58.791666666666664,0.38208333333333333,79.91666666666667,29.0,4.0,2.0,2.0,79.29166666666667,71.04166666666667,0.625,77.20833333333333,72.57291666666667,71.92650462962963,5.324580565055017,7.135454095101385,4.726659009955358,73.57710883817795,7.338549335651515,31.47083333333333,12.995833333333332,59.708333333333336,1001.8916666666668,464.375,22.491666666666664,0.0,0.0,31.754166666666666,298.6666666666667,3494.375,-0.08333333333333333,5.199999999999999,78.91666666666667
2026-04-30 00:00:00+05:00,29.8875,10.195833333333333,72.375,1002.4291666666667,412.7083333333333,23.991666666666664,0.0,0.375,243.625,26.333333333333332,296.3333333333333,55.68333333333334,25.320833333333336,331.5,12.9625,10.737499999999999,99.625,51.541666666666664,0.3541666666666667,85.70833333333333,30.0,4.0,3.0,2.0,85.79166666666667,79.91666666666667,-0.08333333333333333,86.6111111111111,86.0642361111111,76.27430555555556,2.1569383669300373,10.215141682893947,10.85060849256945,85.12630870336368,10.220099012650756,31.745833333333334,15.454166666666666,53.166666666666664,1000.8166666666666,543.75,20.833333333333332,0.0,0.0,36.84583333333334,307.8333333333333,4573.708333333333,0.07083333333333049,5.895833333333333,86.66666666666667
2026-05-01 00:00:00+05:00,31.47083333333333,12.995833333333332,59.708333333333336,1001.8916666666668,464.375,22.491666666666664,0.0,0.0,258.75,31.754166666666666,298.6666666666667,80.15416666666667,26.545833333333334,344.2916666666667,11.979166666666666,9.258333333333333,94.54166666666667,99.41666666666667,0.4054166666666667,78.91666666666667,1.0,5.0,4.0,2.0,78.83333333333333,85.70833333333333,0.08333333333333333,78.75,81.75868055555556,80.13194444444444,1.3718718769151723,3.5147775858414416,10.357848814765406,81.04065259028664,5.373653616333866,31.6875,11.441666666666668,56.916666666666664,1000.4458333333333,349.7916666666667,21.758333333333336,0.0,0.125,29.266666666666666,304.25,6109.333333333333,-0.12083333333333239,8.979166666666666,90.125
2026-05-02 00:00:00+05:00,31.745833333333334,15.454166666666666,53.166666666666664,1000.8166666666666,543.75,20.833333333333332,0.0,0.0,268.9166666666667,36.84583333333334,307.8333333333333,91.35833333333333,28.84583333333333,303.5,9.379166666666666,7.904166666666666,103.16666666666667,115.70833333333333,0.4083333333333334,86.66666666666667,2.0,5.0,5.0,2.0,86.45833333333333,78.91666666666667,0.20833333333333334,85.90972222222223,82.30208333333333,83.375,0.8800333672493448,3.3227080512040317,7.481243604703713,83.39989120529206,3.924187825074267,34.262499999999996,12.233333333333334,29.5,1001.1750000000001,854.5833333333334,10.641666666666667,0.0,0.0,29.816666666666666,314.0416666666667,8560.8125,-0.1333333333333305,10.912500000000001,98.16666666666667
2026-05-03 00:00:00+05:00,31.6875,11.441666666666668,56.916666666666664,1000.4458333333333,349.7916666666667,21.758333333333336,0.0,0.125,268.1666666666667,29.266666666666666,304.25,74.45416666666667,24.141666666666666,414.875,13.137500000000001,10.091666666666667,117.16666666666667,95.04166666666667,0.3545833333333333,90.125,3.0,5.0,6.0,2.0,90.54166666666667,86.66666666666667,-0.4166666666666667,90.59027777777777,88.015625,84.02546296296296,5.862017041790892,5.492765349489532,5.72386353460458,88.00137529161562,6.606969332626481,30.3625,9.85,62.958333333333336,1004.9125,305.0,22.0625,0.0,2.9166666666666665,25.825,296.1666666666667,4168.895833333333,0.058333333333332384,9.929166666666667,122.5
2026-05-04 00:00:00+05:00,34.262499999999996,12.233333333333334,29.5,1001.1750000000001,854.5833333333334,10.641666666666667,0.0,0.0,292.8333333333333,29.816666666666666,314.0416666666667,197.41666666666666,41.704166666666666,387.7916666666667,15.3375,10.545833333333333,105.45833333333333,276.75,0.35333333333333333,98.16666666666667,4.0,5.0,0.0,2.0,96.5,90.125,1.6666666666666667,93.5486111111111,91.09895833333333,87.1388888888889,5.755457337035392,13.735601482137696,9.676391851544492,91.59266608765056,12.385263623032673,28.900000000000002,8.908333333333333,77.75,1006.4041666666667,341.4583333333333,24.241666666666664,0.0,15.541666666666666,25.666666666666668,302.0416666666667,12602.354166666666,0.13333333333333522,23.620833333333334,94.66666666666667
2026-05-05 00:00:00+05:00,30.3625,9.85,62.958333333333336,1004.9125,305.0,22.0625,0.0,2.9166666666666665,229.91666666666666,25.825,296.1666666666667,126.325,36.4,492.2083333333333,20.0125,13.700000000000001,96.45833333333333,165.58333333333334,0.3954166666666667,122.5,5.0,5.0,1.0,2.0,123.08333333333333,98.16666666666667,-0.5833333333333334,123.60416666666667,115.44618055555556,98.1869212962963,4.372363371621901,11.372242170910418,16.845482523182305,115.64758106509778,14.57392443637715,29.09583333333333,13.395833333333334,79.625,1004.4291666666667,567.9166666666666,24.991666666666664,0.0,11.083333333333334,33.82083333333333,289.625,3388.4375,0.5583333333333323,8.299999999999999,80.75
2026-05-06 00:00:00+05:00,28.900000000000002,8.908333333333333,77.75,1006.4041666666667,341.4583333333333,24.241666666666664,0.0,15.541666666666666,274.1666666666667,25.666666666666668,302.0416666666667,79.08333333333333,31.241666666666664,433.4583333333333,21.870833333333334,16.383333333333333,68.875,84.08333333333333,0.40791666666666665,94.66666666666667,6.0,5.0,2.0,2.0,95.16666666666667,122.5,-0.5,97.05555555555556,108.03472222222223,104.8599537037037,1.8758684116564524,9.883035588575298,17.232948472227196,105.04486825256312,11.832393585978126,29.358333333333334,10.525,80.375,1005.2541666666666,520.0,25.462500000000002,0.0,11.041666666666666,27.679166666666664,292.5,3716.6041666666665,-0.13750000000000284,4.658333333333334,67.375
2026-05-07 00:00:00+05:00,29.09583333333333,13.395833333333334,79.625,1004.4291666666667,567.9166666666666,24.991666666666664,0.0,11.083333333333334,247.25,33.82083333333333,289.625,43.30833333333334,19.125,267.5833333333333,11.762500000000001,11.279166666666667,70.58333333333333,40.166666666666664,0.3520833333333333,80.75,7.0,5.0,3.0,2.0,81.66666666666667,94.66666666666667,-0.9166666666666666,83.85416666666667,89.48784722222223,104.32291666666667,1.6711099505147609,4.22914069943182,16.087974818662293,89.69768275261866,8.774807480756948,29.308333333333334,9.783333333333333,80.66666666666667,1006.8375,450.0,25.441666666666666,0.008333333333333333,17.291666666666668,26.71666666666667,295.9166666666667,8039.083333333333,-0.07916666666666099,4.104166666666667,68.70833333333333
2026-05-08 00:00:00+05:00,29.358333333333334,10.525,80.375,1005.2541666666666,520.0,25.462500000000002,0.0,11.041666666666666,219.125,27.679166666666664,292.5,37.045833333333334,18.695833333333333,297.7083333333333,12.345833333333333,13.891666666666666,74.75,27.375,0.3841666666666667,67.375,8.0,5.0,4.0,2.0,67.45833333333333,80.75,-0.08333333333333333,67.86805555555556,72.21701388888889,89.91319444444444,0.6260374164459835,4.371111567000676,16.354063040573852,72.8223059455069,8.387863162228845,29.420833333333334,11.0875,78.875,1005.8541666666666,498.75,25.170833333333334,0.0,7.625,28.816666666666666,296.4166666666667,5732.25,0.19166666666666288,3.8958333333333335,70.625
2026-05-09 00:00:00+05:00,29.308333333333334,9.783333333333333,80.66666666666667,1006.8375,450.0,25.441666666666666,0.008333333333333333,17.291666666666668,242.08333333333334,26.71666666666667,295.9166666666667,40.574999999999996,19.495833333333334,287.0416666666667,15.5,14.970833333333333,68.04166666666667,32.208333333333336,0.28250000000000003,68.70833333333333,9.0,5.0,5.0,2.0,68.66666666666667,67.375,0.041666666666666664,68.5625,67.93923611111111,76.5480324074074,0.09987561239972335,0.5858943475616881,10.326690962688158,68.82069960112042,3.631133594256123,29.6375,10.725,79.79166666666667,1004.7125,491.0416666666667,25.587500000000002,0.0,13.708333333333334,28.016666666666666,284.125,4745.541666666667,0.0500000000000019,3.866666666666667,70.41666666666667
2026-05-10 00:00:00+05:00,29.420833333333334,11.0875,78.875,1005.8541666666666,498.75,25.170833333333334,0.0,7.625,257.1666666666667,28.816666666666666,296.4166666666667,44.34166666666667,20.029166666666665,275.0,13.9125,13.120833333333332,71.75,41.125,0.30375,70.625,10.0,5.0,6.0,2.0,70.54166666666667,68.70833333333333,0.08333333333333333,70.33333333333333,69.67361111111111,69.94328703703704,0.38211424534174854,0.739164062540519,3.477386733769252,69.79634127608459,1.57173564261372,30.741666666666664,9.066666666666666,74.33333333333333,1002.6125000000001,380.2083333333333,25.258333333333336,0.0,19.083333333333332,25.079166666666666,292.5,5752.25,-0.1958333333333305,4.249999999999999,74.75
2026-05-11 00:00:00+05:00,29.6375,10.725,79.79166666666667,1004.7125,491.0416666666667,25.587500000000002,0.0,13.708333333333334,242.04166666666666,28.016666666666666,284.125,42.6,20.537499999999998,286.4583333333333,15.466666666666667,13.770833333333334,76.04166666666667,35.125,0.4495833333333333,70.41666666666667,11.0,5.0,0.0,2.0,70.375,70.625,0.041666666666666664,70.34027777777779,70.48784722222221,69.36689814814815,0.20909319319881312,0.5002375513861642,1.2548563260536996,70.34446600012856,0.7802357485139207,31.875,11.870833333333332,60.875,1000.8625000000001,475.8333333333333,22.4875,0.0,0.25,29.879166666666666,299.0,5683.604166666667,-0.13333333333333522,4.05,86.95833333333333
2026-05-12 00:00:00+05:00,30.741666666666664,9.066666666666666,74.33333333333333,1002.6125000000001,380.2083333333333,25.258333333333336,0.0,19.083333333333332,222.125,25.079166666666666,292.5,61.145833333333336,24.104166666666668,328.5833333333333,18.2,15.816666666666668,80.79166666666667,64.5,0.505,74.75,12.0,5.0,1.0,2.0,74.5,70.41666666666667,0.25,73.65277777777779,71.70486111111111,70.62210648148148,1.6349853251037212,1.6751292757661878,1.4810025100873894,72.10592190028181,1.9773800977056553,30.079166666666666,16.529166666666665,72.95833333333333,1001.6916666666666,653.5416666666666,24.6125,0.0,16.083333333333332,40.30833333333333,288.375,3557.0208333333335,-0.3375000000000057,5.483333333333333,71.125
2026-05-13 00:00:00+05:00,31.875,11.870833333333332,60.875,1000.8625000000001,475.8333333333333,22.4875,0.0,0.25,267.5416666666667,29.879166666666666,299.0,63.4125,28.575,430.2916666666667,17.55,7.8374999999999995,81.95833333333333,57.625,0.43124999999999997,86.95833333333333,13.0,5.0,2.0,2.0,86.58333333333333,74.75,0.375,85.5486111111111,80.14756944444444,74.11342592592592,2.2533982862373176,5.544566100436557,5.536225612140377,80.95388527776507,6.143760761719869,30.075,15.241666666666667,73.20833333333333,1002.4625,846.6666666666666,24.59166666666667,0.004166666666666667,32.958333333333336,38.420833333333334,268.9166666666667,7364.25,-0.12916666666666288,9.387500000000001,55.875
2026-05-14 00:00:00+05:00,30.079166666666666,16.529166666666665,72.95833333333333,1001.6916666666666,653.5416666666666,24.6125,0.0,16.083333333333332,254.75,40.30833333333333,288.375,22.52916666666667,12.866666666666667,216.75,8.083333333333334,4.629166666666666,64.625,8.25,0.23208333333333334,71.125,14.0,5.0,3.0,2.0,72.33333333333333,86.95833333333333,-1.2083333333333333,75.53472222222221,83.90972222222221,78.58738425925925,2.5488019902884114,7.691977386899406,8.670443567663783,80.9991224887651,8.397301180586938,29.84583333333333,11.570833333333333,73.25,1003.8958333333334,651.875,24.27916666666667,0.0,14.041666666666666,30.429166666666664,292.875,11106.3125,0.13750000000000284,5.466666666666668,59.583333333333336
2026-05-15 00:00:00+05:00,30.075,15.241666666666667,73.20833333333333,1002.4625,846.6666666666666,24.59166666666667,0.004166666666666667,32.958333333333336,245.0,38.420833333333334,268.9166666666667,29.175,12.200000000000001,203.95833333333334,7.545833333333333,4.570833333333334,56.125,24.0,0.26625000000000004,55.875,15.0,5.0,4.0,2.0,55.958333333333336,71.125,-0.08333333333333333,56.236111111111114,60.579861111111114,74.87905092592592,0.5304516905575068,5.210823383315265,13.055078252941707,61.42976394395106,9.741606821715173,29.620833333333334,13.416666666666666,71.08333333333333,1005.2958333333332,563.5416666666666,23.254166666666666,0.0,12.5,33.5625,305.7083333333333,13302.020833333334,0.15000000000000094,5.483333333333333,74.58333333333333
2026-05-16 00:00:00+05:00,29.84583333333333,11.570833333333333,73.25,1003.8958333333334,651.875,24.27916666666667,0.0,14.041666666666666,249.70833333333334,30.429166666666664,292.875,54.72083333333333,19.133333333333333,229.29166666666666,9.799999999999999,5.666666666666667,65.83333333333333,60.208333333333336,0.3475,59.583333333333336,16.0,5.0,5.0,2.0,59.083333333333336,55.875,0.5,58.076388888888886,56.63194444444445,67.04050925925925,0.7298845391853264,1.139559479390061,13.81130831361007,57.726924540028,4.433483160653753,29.308333333333334,16.958333333333332,73.16666666666667,1003.8625000000001,719.7916666666666,23.84583333333333,0.0,21.708333333333332,41.541666666666664,297.625,7628.375,0.2583333333333305,5.566666666666666,76.625
2026-05-17 00:00:00+05:00,29.620833333333334,13.416666666666666,71.08333333333333,1005.2958333333332,563.5416666666666,23.254166666666666,0.0,12.5,268.5416666666667,33.5625,305.7083333333333,67.68333333333334,22.808333333333334,185.41666666666666,7.979166666666667,5.341666666666666,66.33333333333333,78.0,0.3120833333333333,74.58333333333333,17.0,5.0,6.0,2.0,74.25,59.583333333333336,0.3333333333333333,73.17361111111111,67.25694444444444,61.489583333333336,1.056215687314083,4.904387078893332,7.517690471865493,68.1365088265354,6.269336058340233,30.133333333333336,16.7625,76.0,1002.4791666666666,680.8333333333334,25.316666666666666,0.0,13.375,41.270833333333336,291.9166666666667,7600.4375,0.03333333333333618,6.366666666666666,72.5
2026-05-18 00:00:00+05:00,29.308333333333334,16.958333333333332,73.16666666666667,1003.8625000000001,719.7916666666666,23.84583333333333,0.0,21.708333333333332,262.375,41.541666666666664,297.625,56.46666666666667,22.333333333333332,189.04166666666666,6.6125,4.5249999999999995,61.958333333333336,54.583333333333336,0.30291666666666667,76.625,18.0,5.0,0.0,2.0,76.625,74.58333333333333,0.0,76.60416666666667,76.11631944444444,66.66840277777779,0.16122430521925962,0.8511593249466555,8.78426076732253,75.26118885287367,3.8395172000664606,29.95,14.475,76.66666666666667,1002.8333333333334,661.4583333333334,25.15416666666667,0.0,9.375,35.7875,297.2916666666667,12413.979166666666,-0.2750000000000057,5.462500000000001,72.08333333333333
2026-05-19 00:00:00+05:00,30.133333333333336,16.7625,76.0,1002.4791666666666,680.8333333333334,25.316666666666666,0.0,13.375,254.45833333333334,41.270833333333336,291.9166666666667,49.99583333333334,19.833333333333332,201.08333333333334,7.245833333333334,4.616666666666666,63.208333333333336,49.083333333333336,0.3779166666666667,72.5,19.0,5.0,1.0,2.0,72.75,76.625,-0.25,73.28472222222221,75.00868055555556,72.79398148148148,0.48151527007794653,1.4135601720825608,5.252949282377306,74.44791636428826,2.113619453904264,30.079166666666666,14.725,74.58333333333333,1003.35,770.8333333333334,24.95,0.0,22.208333333333332,37.19166666666667,286.5833333333333,11766.8125,-0.029166666666663826,4.816666666666666,84.58333333333333
2026-05-20 00:00:00+05:00,29.95,14.475,76.66666666666667,1002.8333333333334,661.4583333333334,25.15416666666667,0.0,9.375,251.58333333333334,35.7875,297.2916666666667,58.99583333333334,23.683333333333334,223.58333333333334,8.816666666666666,5.329166666666667,76.04166666666667,58.291666666666664,0.33499999999999996,72.08333333333333,20.0,5.0,2.0,2.0,71.79166666666667,72.5,0.2916666666666667,71.34722222222221,71.43229166666667,74.18576388888889,0.5346690568695935,1.0052395524828837,2.4553132120768555,71.7535999303337,1.6952883757939439,30.058333333333334,12.558333333333332,75.16666666666667,1005.9958333333334,616.25,25.03333333333333,0.0,14.916666666666666,32.4875,292.5416666666667,9752.270833333334,0.016666666666670455,4.795833333333333,103.875
2026-05-21 00:00:00+05:00,30.079166666666666,14.725,74.58333333333333,1003.35,770.8333333333334,24.95,0.0,22.208333333333332,240.54166666666666,37.19166666666667,286.5833333333333,89.66250000000001,32.333333333333336,210.83333333333334,7.629166666666666,5.191666666666666,71.04166666666667,99.33333333333333,0.5075,84.58333333333333,21.0,5.0,3.0,2.0,83.91666666666667,72.08333333333333,0.6666666666666666,82.31944444444444,77.31770833333333,74.58622685185185,1.2200069675839411,3.774640203791121,3.8677509697520254,78.301752051277,4.408171767957085,29.766666666666666,12.987499999999999,72.875,1007.2958333333332,651.6666666666666,24.245833333333334,0.0,12.5,33.65833333333333,298.9166666666667,11468.875,0.1958333333333305,5.129166666666667,121.125
2026-05-22 00:00:00+05:00,30.058333333333334,12.558333333333332,75.16666666666667,1005.9958333333334,616.25,25.03333333333333,0.0,14.916666666666666,241.29166666666666,32.4875,292.5416666666667,123.57916666666667,41.9125,225.29166666666666,8.112499999999999,5.883333333333333,66.83333333333333,143.79166666666666,0.6408333333333334,103.875,22.0,5.0,4.0,2.0,102.95833333333333,84.58333333333333,0.9166666666666666,100.66666666666667,93.31597222222223,80.6886574074074,1.7320194984610173,5.644026612983396,10.174847496935007,93.88480095258461,8.140025030883502,29.858333333333334,17.004166666666666,72.29166666666667,1006.8333333333334,735.8333333333334,24.183333333333334,0.0,22.083333333333332,41.612500000000004,284.875,7782.25,0.3208333333333305,5.0249999999999995,107.45833333333333
2026-05-23 00:00:00+05:00,29.766666666666666,12.987499999999999,72.875,1007.2958333333332,651.6666666666666,24.245833333333334,0.0,12.5,255.16666666666666,33.65833333333333,298.9166666666667,106.74583333333334,40.87083333333333,215.04166666666666,7.808333333333334,5.445833333333333,77.08333333333333,114.79166666666667,0.50375,121.125,23.0,5.0,5.0,2.0,121.125,103.875,0.0,120.6388888888889,114.1701388888889,94.93460648148148,1.5905944019660747,6.259540358497591,16.114686792245397,113.94003582744368,10.12477430812471,30.224999999999998,16.454166666666666,76.79166666666667,1005.1333333333333,706.0416666666666,25.616666666666664,0.0,39.208333333333336,41.0625,245.95833333333334,8492.083333333334,0.01666666666666572,5.520833333333333,93.45833333333333
2026-05-24 00:00:00+05:00,29.858333333333334,17.004166666666666,72.29166666666667,1006.8333333333334,735.8333333333334,24.183333333333334,0.0,22.083333333333332,255.20833333333334,41.612500000000004,284.875,93.84166666666665,36.61666666666667,165.08333333333334,5.075,4.2250000000000005,70.5,97.125,0.48333333333333334,107.45833333333333,24.0,5.0,6.0,2.0,107.91666666666667,121.125,-0.4583333333333333,109.09027777777777,114.77604166666667,107.4207175925926,1.0064591434765464,5.048025172625919,12.308978666715406,112.60245486622195,6.560891556562166,30.5125,12.558333333333332,79.83333333333333,1004.2916666666666,494.1666666666667,26.445833333333336,0.0,7.666666666666667,31.974999999999998,294.125,12649.729166666666,-0.0625,5.675000000000001,78.29166666666667
2026-05-25 00:00:00+05:00,30.224999999999998,16.454166666666666,76.79166666666667,1005.1333333333333,706.0416666666666,25.616666666666664,0.0,39.208333333333336,255.91666666666666,41.0625,245.95833333333334,69.62916666666666,27.28333333333333,196.5,7.1375,4.675,61.75,72.29166666666667,0.4770833333333333,93.45833333333333,25.0,5.0,0.0,2.0,94.25,107.45833333333333,-0.7916666666666666,96.25,101.671875,110.20601851851852,1.5222298549638673,4.264416422751941,9.278508982116414,101.27207355163945,6.479592183444892,30.3125,13.208333333333334,80.66666666666667,1005.3041666666667,524.1666666666666,26.416666666666668,0.0,9.166666666666666,32.979166666666664,292.625,11924.520833333334,-0.27916666666666384,4.608333333333333,71.91666666666667
2026-05-26 00:00:00+05:00,30.5125,12.558333333333332,79.83333333333333,1004.2916666666666,494.1666666666667,26.445833333333336,0.0,7.666666666666667,232.83333333333334,31.974999999999998,294.125,47.25416666666666,21.1375,230.54166666666666,9.404166666666667,5.641666666666667,66.5,40.541666666666664,0.3475,78.29166666666667,26.0,5.0,1.0,2.0,78.79166666666667,93.45833333333333,-0.5,80.15972222222221,85.86458333333333,100.77083333333333,1.1087821012547383,4.5709404523773935,12.80114717837955,85.8805157541214,7.692413830410476,30.491666666666664,15.429166666666667,81.25,1004.5166666666668,595.8333333333334,26.745833333333334,0.0,19.833333333333332,38.0,283.5416666666667,6294.854166666667,0.058333333333332384,4.066666666666667,74.125
2026-05-27 00:00:00+05:00,30.3125,13.208333333333334,80.66666666666667,1005.3041666666667,524.1666666666666,26.416666666666668,0.0,9.166666666666666,237.5,32.979166666666664,292.625,43.31666666666666,21.212500000000002,230.54166666666666,10.0375,5.841666666666666,62.166666666666664,31.791666666666668,0.3229166666666667,71.91666666666667,27.0,5.0,2.0,2.0,71.91666666666667,78.29166666666667,0.0,72.09027777777779,74.37326388888889,87.30324074074075,0.5039284239721334,2.1163850415348398,11.945169431778757,75.05748610036848,5.506227062297623,30.9375,15.0625,79.41666666666667,1002.5625,538.9583333333334,26.787499999999998,0.0,10.416666666666666,37.55416666666667,289.75,7136.833333333333,0.03333333333333144,3.8958333333333335,76.66666666666667
2026-05-28 00:00:00+05:00,30.491666666666664,15.429166666666667,81.25,1004.5166666666668,595.8333333333334,26.745833333333334,0.0,19.833333333333332,246.45833333333334,38.0,283.5416666666667,44.54583333333333,22.766666666666666,206.58333333333334,8.420833333333333,5.041666666666667,60.833333333333336,30.666666666666668,0.405,74.125,28.0,5.0,3.0,2.0,74.0,71.91666666666667,0.125,73.65972222222221,72.58680555555556,77.6082175925926,0.3303510200958543,1.2216814622189696,6.717499894359332,73.26016222164546,2.516159419037575,31.175,14.5875,78.79166666666667,1000.725,552.2916666666666,26.8875,0.0,1.5,36.34166666666667,298.4583333333333,9262.416666666666,-0.12083333333333239,3.7458333333333336,74.625
2026-05-29 00:00:00+05:00,30.9375,15.0625,79.41666666666667,1002.5625,538.9583333333334,26.787499999999998,0.0,10.416666666666666,247.04166666666666,37.55416666666667,289.75,45.395833333333336,22.65833333333333,220.54166666666666,8.291666666666666,4.95,63.916666666666664,32.041666666666664,0.40041666666666664,76.66666666666667,29.0,5.0,4.0,2.0,76.66666666666667,74.125,0.0,76.47222222222221,75.40451388888889,74.12152777777779,0.3296423998098557,0.8957987412525129,2.280477961671218,75.48263103789893,1.5326375544925457,30.65416666666667,14.625,78.95833333333333,1003.725,688.9583333333334,26.491666666666664,0.075,38.916666666666664,36.74166666666667,244.83333333333334,8164.041666666667,-0.34583333333333616,4.15,71.95833333333333
2026-05-30 00:00:00+05:00,31.175,14.5875,78.79166666666667,1000.725,552.2916666666666,26.8875,0.0,1.5,231.58333333333334,36.34166666666667,298.4583333333333,43.85,21.158333333333335,221.29166666666666,8.275,4.808333333333334,67.875,33.958333333333336,0.47374999999999995,74.625,30.0,5.0,5.0,2.0,74.75,76.66666666666667,-0.125,75.16666666666667,76.02430555555556,74.671875,0.35040325631040053,1.037057007857814,1.9219564134878937,75.67686251243626,1.1678653575884226,30.775000000000002,11.216666666666667,73.875,1004.9208333333332,695.8333333333334,25.441666666666666,0.0,28.458333333333332,29.77916666666667,260.75,8110.791666666667,0.06250000000000473,4.2875000000000005,74.16666666666667
2026-05-31 00:00:00+05:00,30.65416666666667,14.625,78.95833333333333,1003.725,688.9583333333334,26.491666666666664,0.075,38.916666666666664,217.79166666666666,36.74166666666667,244.83333333333334,38.6875,20.075,170.04166666666666,5.979166666666667,4.779166666666667,58.041666666666664,24.041666666666668,0.42791666666666667,71.95833333333333,31.0,5.0,6.0,2.0,72.04166666666667,74.625,-0.08333333333333333,72.34027777777779,73.49305555555556,74.97395833333333,0.44569758534705256,1.0134899919730473,1.5966732584580736,73.41067966394984,1.3934708656968837,30.816666666666666,11.095833333333333,72.625,1004.7291666666666,627.2916666666666,25.166666666666668,0.0,20.958333333333332,30.7625,277.3333333333333,10327.645833333334,0.4250000000000019,4.1625000000000005,85.29166666666667
2026-06-01 00:00:00+05:00,30.775000000000002,11.216666666666667,73.875,1004.9208333333332,695.8333333333334,25.441666666666666,0.0,28.458333333333332,240.0,29.77916666666667,260.75,56.083333333333336,25.40416666666667,201.5,7.941666666666666,5.970833333333334,65.16666666666667,47.083333333333336,0.515,74.16666666666667,1.0,6.0,0.0,2.0,73.79166666666667,71.95833333333333,0.375,72.92361111111111,71.921875,73.81307870370371,0.6808609249131607,1.4716119456501928,2.1708555212662244,72.38032886314981,1.6304638103449047,30.25,9.545833333333333,72.66666666666667,1002.9125,592.9166666666666,24.6875,0.0,11.041666666666666,27.829166666666666,287.4583333333333,8088.9375,0.004166666666662877,5.333333333333333,91.66666666666667
2026-06-02 00:00:00+05:00,30.816666666666666,11.095833333333333,72.625,1004.7291666666666,627.2916666666666,25.166666666666668,0.0,20.958333333333332,196.33333333333334,30.7625,277.3333333333333,68.9375,30.616666666666664,245.58333333333334,11.804166666666667,8.083333333333334,66.75,61.625,0.58,85.29166666666667,2.0,6.0,1.0,2.0,84.875,74.16666666666667,0.4166666666666667,83.74305555555556,79.49479166666667,74.9699074074074,0.9356297748680823,3.424551626613343,4.170611729183506,80.06431783048727,4.375351286763403,30.675,13.658333333333333,75.08333333333333,1000.8666666666667,696.0416666666666,25.6875,0.008333333333333333,39.958333333333336,34.675000000000004,239.875,7031.770833333333,-0.19166666666666288,5.650000000000001,91.75
2026-06-03 00:00:00+05:00,30.25,9.545833333333333,72.66666666666667,1002.9125,592.9166666666666,24.6875,0.0,11.041666666666666,225.125,27.829166666666666,287.4583333333333,71.85416666666667,29.3875,243.625,11.5625,8.174999999999999,61.041666666666664,69.16666666666667,0.5304166666666666,91.66666666666667,3.0,6.0,2.0,2.0,91.75,85.29166666666667,-0.08333333333333333,91.8125,89.296875,80.23784722222221,0.8026605565371603,2.516661135029205,7.695934690713803,89.0203751734219,4.517803872536968,30.75,12.391666666666666,76.33333333333333,1000.725,660.4166666666666,25.9875,0.0,37.708333333333336,32.204166666666666,260.9583333333333,6203.0,-0.2666666666666657,5.5625,93.70833333333333
2026-06-04 00:00:00+05:00,30.675,13.658333333333333,75.08333333333333,1000.8666666666667,696.0416666666666,25.6875,0.008333333333333333,39.958333333333336,238.0,34.675000000000004,239.875,83.49166666666666,32.75,212.0,8.570833333333333,5.879166666666666,67.625,85.41666666666667,0.5320833333333334,91.75,4.0,6.0,3.0,2.0,91.45833333333333,91.66666666666667,0.2916666666666667,90.85416666666667,91.0451388888889,86.61226851851852,0.723955173137827,1.840357429981146,5.840932181276952,90.66913585161308,2.4454818230355237,30.71666666666667,13.491666666666667,74.54166666666667,1002.2875,689.375,25.545833333333334,0.0,22.875,34.358333333333334,280.5833333333333,9693.0,-0.15833333333333618,4.987500000000001,86.625
2026-06-05 00:00:00+05:00,30.75,12.391666666666666,76.33333333333333,1000.725,660.4166666666666,25.9875,0.0,37.708333333333336,241.54166666666666,32.204166666666666,260.9583333333333,85.50416666666666,31.287499999999998,230.125,9.0375,6.220833333333334,72.625,94.66666666666667,0.4979166666666666,93.70833333333333,5.0,6.0,4.0,2.0,93.79166666666667,91.75,-0.08333333333333333,93.88194444444444,93.0625,91.13483796296298,0.7546198999532719,1.515541131558751,2.6784852238817263,93.02093562075537,1.891823453844573,30.983333333333334,15.204166666666666,73.83333333333333,1003.0541666666667,702.5,25.6375,0.0,24.125,38.141666666666666,282.6666666666667,8282.854166666666,0.15416666666666382,4.7625,80.875
2026-06-06 00:00:00+05:00,30.71666666666667,13.491666666666667,74.54166666666667,1002.2875,689.375,25.545833333333334,0.0,22.875,243.54166666666666,34.358333333333334,280.5833333333333,67.24583333333334,24.962500000000002,213.20833333333334,8.487499999999999,5.658333333333334,67.29166666666667,70.45833333333333,0.48041666666666666,86.625,6.0,6.0,5.0,2.0,87.125,93.70833333333333,-0.5,88.44444444444444,91.53819444444444,91.88194444444444,1.048601792888072,2.559117681099813,2.4379231479701757,90.77000242222886,2.746551173653709,31.129166666666666,15.454166666666666,76.04166666666667,1001.5625,678.9583333333334,26.28333333333333,0.0,31.583333333333332,38.65833333333333,277.375,9500.3125,0.22083333333333144,5.170833333333333,86.04166666666667
2026-06-07 00:00:00+05:00,30.983333333333334,15.204166666666666,73.83333333333333,1003.0541666666667,702.5,25.6375,0.0,24.125,255.375,38.141666666666666,282.6666666666667,75.75,27.416666666666668,170.75,5.958333333333333,4.829166666666667,73.20833333333333,83.04166666666667,0.48500000000000004,80.875,7.0,6.0,6.0,2.0,80.75,86.625,0.125,80.5,82.28819444444444,88.96296296296298,0.597548781434247,2.618992887979599,5.490503505634078,82.64053672234995,4.138521841167289,31.125,17.279166666666665,79.58333333333333,1000.2958333333332,651.25,27.020833333333332,0.0,12.666666666666666,42.266666666666666,280.7916666666667,10719.416666666666,-0.020833333333328596,5.345833333333332,77.125
2026-06-08 00:00:00+05:00,31.129166666666666,15.454166666666666,76.04166666666667,1001.5625,678.9583333333334,26.28333333333333,0.0,31.583333333333332,249.5,38.65833333333333,277.375,70.73333333333333,27.34166666666667,199.0,7.308333333333334,4.983333333333333,74.54166666666667,73.04166666666667,0.44250000000000006,86.04166666666667,8.0,6.0,0.0,2.0,86.0,80.875,0.041666666666666664,85.8125,83.85416666666667,85.89351851851852,0.6710625794769055,1.9201262177509426,5.075615097403145,84.4360188211058,2.5304617107520873,31.270833333333332,16.6875,78.625,1000.0500000000001,650.0,26.962500000000002,0.0,12.916666666666666,41.574999999999996,277.9583333333333,10563.3125,-0.22916666666666194,4.845833333333334,71.41666666666667
2026-06-09 00:00:00+05:00,31.125,17.279166666666665,79.58333333333333,1000.2958333333332,651.25,27.020833333333332,0.0,12.666666666666666,243.625,42.266666666666666,280.7916666666667,44.95416666666667,20.316666666666666,200.25,7.5249999999999995,4.7625,61.958333333333336,35.875,0.34708333333333335,77.125,9.0,6.0,1.0,2.0,77.66666666666667,86.04166666666667,-0.5416666666666666,79.0625,83.03125,83.05787037037037,1.1087893406766527,2.8974508491593007,3.389053493733506,81.92330741502134,3.36561630350622,32.24583333333333,14.275,72.79166666666667,999.1125000000001,502.5,26.391666666666666,0.0,0.8333333333333334,35.625,298.4166666666667,11424.3125,-0.11666666666667425,4.104166666666666,84.875
2026-06-10 00:00:00+05:00,31.270833333333332,16.6875,78.625,1000.0500000000001,650.0,26.962500000000002,0.0,12.916666666666666,246.375,41.574999999999996,277.9583333333333,50.12916666666666,21.104166666666668,211.41666666666666,8.775,4.779166666666667,61.708333333333336,45.083333333333336,0.6316666666666667,71.41666666666667,10.0,6.0,2.0,2.0,71.375,77.125,0.041666666666666664,71.27083333333333,72.82986111111111,79.9050925925926,0.49890347433680793,2.2510162077590326,5.999265723441066,73.3406126912834,4.218220114337849,31.0625,17.283333333333335,78.29166666666667,1000.3791666666666,580.625,26.7375,0.0,13.416666666666666,42.395833333333336,290.5416666666667,11338.625,-0.06666666666666288,4.308333333333334,89.83333333333333
2026-06-11 00:00:00+05:00,32.24583333333333,14.275,72.79166666666667,999.1125000000001,502.5,26.391666666666666,0.0,0.8333333333333334,258.5,35.625,298.4166666666667,106.09166666666665,35.0625,233.375,9.525,5.2250000000000005,76.5,130.75,0.53,84.875,11.0,6.0,3.0,2.0,83.79166666666667,71.41666666666667,1.0833333333333333,81.08333333333333,75.15104166666667,77.00405092592592,2.1055176318436852,4.114791929736861,6.5119210624593284,76.7505776819545,5.158267871629612,30.941666666666666,18.341666666666665,71.20833333333333,1003.2166666666667,862.2916666666666,24.9875,0.0,43.916666666666664,45.300000000000004,254.79166666666666,7216.8125,-0.1041666666666714,5.854166666666667,75.375
2026-06-12 00:00:00+05:00,31.0625,17.283333333333335,78.29166666666667,1000.3791666666666,580.625,26.7375,0.0,13.416666666666666,256.8333333333333,42.395833333333336,290.5416666666667,64.2625,23.204166666666666,203.75,7.4750000000000005,4.608333333333333,64.58333333333333,69.5,0.6016666666666667,89.83333333333333,12.0,6.0,4.0,2.0,90.75,84.875,-0.9166666666666666,93.0138888888889,92.65104166666667,80.21064814814815,1.735825174487432,7.450422051013903,10.916911708016244,91.20743302157338,9.385301098914994,30.52916666666667,19.587500000000002,69.625,1004.0333333333333,1057.2916666666667,24.258333333333336,0.016666666666666666,49.5,47.67916666666667,230.70833333333334,10045.166666666666,0.32916666666667044,4.325,68.25
2026-06-13 00:00:00+05:00,30.941666666666666,18.341666666666665,71.20833333333333,1003.2166666666667,862.2916666666666,24.9875,0.0,43.916666666666664,254.875,45.300000000000004,254.79166666666666,62.425000000000004,21.875,174.95833333333334,6.129166666666666,4.083333333333333,57.25,65.91666666666667,0.64625,75.375,13.0,6.0,5.0,2.0,75.5,89.83333333333333,-0.125,75.90972222222221,80.91493055555556,82.90567129629629,0.4144058763042702,5.187244357929101,10.56391906875635,80.30419611227657,7.33342888041486,30.3875,19.295833333333334,71.5,1002.8125,994.375,24.5625,0.05000000000000001,63.083333333333336,46.82916666666667,210.5,15835.270833333334,0.3125,5.954166666666667,61.958333333333336
2026-06-14 00:00:00+05:00,30.52916666666667,19.587500000000002,69.625,1004.0333333333333,1057.2916666666667,24.258333333333336,0.016666666666666666,49.5,250.16666666666666,47.67916666666667,230.70833333333334,37.75,15.25,145.54166666666666,4.9624999999999995,4.0625,55.583333333333336,31.958333333333332,0.4070833333333333,68.25,14.0,6.0,6.0,2.0,68.75,75.375,-0.5,69.90972222222221,72.859375,82.1417824074074,1.0944200110348683,2.4246564106517443,10.562667862962005,72.88140932369099,4.765595936226796,30.462500000000002,14.904166666666667,73.79166666666667,1003.0124999999999,810.8333333333334,25.129166666666666,0.025000000000000005,36.833333333333336,37.199999999999996,237.16666666666666,20944.979166666668,-0.09166666666666856,6.270833333333335,63.333333333333336
2026-06-15 00:00:00+05:00,30.3875,19.295833333333334,71.5,1002.8125,994.375,24.5625,0.05000000000000001,63.083333333333336,252.79166666666666,46.82916666666667,210.5,33.63333333333333,14.612499999999999,171.58333333333334,5.8125,4.233333333333333,55.666666666666664,27.208333333333332,0.3954166666666667,61.958333333333336,15.0,6.0,0.0,2.0,62.0,68.25,-0.041666666666666664,62.05555555555555,63.83159722222222,72.53530092592592,0.44737133757520264,2.460060368772418,8.103411132868091,64.26520186513821,4.455236665272313,30.662499999999998,14.454166666666666,70.375,1004.1583333333333,924.7916666666666,24.558333333333334,0.016666666666666666,54.708333333333336,37.40416666666667,244.95833333333334,19375.229166666668,-0.06666666666666761,5.825,74.75
2026-06-16 00:00:00+05:00,30.462500000000002,14.904166666666667,73.79166666666667,1003.0124999999999,810.8333333333334,25.129166666666666,0.025000000000000005,36.833333333333336,240.375,37.199999999999996,237.16666666666666,49.87083333333334,19.925,196.66666666666666,7.741666666666667,5.183333333333334,55.25,46.375,0.5758333333333333,63.333333333333336,16.0,6.0,1.0,2.0,62.958333333333336,61.958333333333336,0.375,62.3125,61.92881944444445,66.20659722222221,0.6079878232094048,1.0787377973142152,5.431964514298855,62.33636051779437,2.261462199061351,30.566666666666666,14.65,70.95833333333333,1003.7708333333334,876.6666666666666,24.620833333333334,0.025000000000000005,50.5,37.12916666666667,237.25,12411.125,0.11666666666667425,5.333333333333333,74.54166666666667
2026-06-17 00:00:00+05:00,30.662499999999998,14.454166666666666,70.375,1004.1583333333333,924.7916666666666,24.558333333333334,0.016666666666666666,54.708333333333336,232.70833333333334,37.40416666666667,244.95833333333334,53.083333333333336,22.1375,194.25,8.283333333333333,5.341666666666666,54.416666666666664,45.625,0.6383333333333333,74.75,17.0,6.0,2.0,2.0,74.54166666666667,63.333333333333336,0.20833333333333334,73.79166666666667,69.25173611111111,65.00405092592592,0.7858777767295669,3.873924313754775,4.795261455307631,69.99213441854228,4.719247006176605,30.5,14.479166666666666,71.79166666666667,1003.5708333333333,893.5416666666666,24.729166666666668,0.0,28.583333333333332,36.4375,246.33333333333334,13521.75,0.04583333333332954,6.104166666666667,75.75
2026-06-18 00:00:00+05:00,30.566666666666666,14.65,70.95833333333333,1003.7708333333334,876.6666666666666,24.620833333333334,0.025000000000000005,50.5,243.66666666666666,37.12916666666667,237.25,52.675000000000004,22.254166666666666,195.95833333333334,8.566666666666666,5.545833333333333,53.625,44.5,0.6729166666666666,74.54166666666667,18.0,6.0,3.0,2.0,74.54166666666667,74.75,0.0,74.59027777777779,75.02430555555556,68.73495370370371,0.1554128774260483,0.6846468537143969,6.163173377168708,74.22307076536053,2.6541617122025625,30.474999999999998,14.737499999999999,71.66666666666667,1004.4458333333333,888.125,24.670833333333334,0.004166666666666667,49.583333333333336,36.9625,220.5,12997.895833333334,-0.10416666666666667,5.945833333333334,78.08333333333333
2026-06-19 00:00:00+05:00,30.5,14.479166666666666,71.79166666666667,1003.5708333333333,893.5416666666666,24.729166666666668,0.0,28.583333333333332,242.16666666666666,36.4375,246.33333333333334,62.32916666666667,24.0125,192.08333333333334,7.75,5.375,54.75,61.25,0.7791666666666667,75.75,19.0,6.0,4.0,2.0,75.625,74.54166666666667,0.125,75.27777777777779,74.66840277777779,72.98148148148148,0.5043370433127622,0.7216198306441405,3.6936437678748515,74.77467567237629,1.311002682966707,30.370833333333334,15.958333333333334,70.125,1003.2583333333333,914.7916666666666,24.208333333333332,0.0,46.166666666666664,39.81666666666667,252.83333333333334,13245.833333333334,0.14166666666666097,5.770833333333333,69.625
2026-06-20 00:00:00+05:00,30.474999999999998,14.737499999999999,71.66666666666667,1004.4458333333333,888.125,24.670833333333334,0.004166666666666667,49.583333333333336,241.375,36.9625,220.5,63.68333333333334,21.65416666666667,188.29166666666666,6.979166666666667,4.866666666666666,54.833333333333336,73.04166666666667,0.655,78.08333333333333,20.0,6.0,5.0,2.0,78.20833333333333,75.75,-0.125,78.39583333333333,77.54861111111111,75.74710648148148,0.5339914286914916,1.3058610937411028,1.6989125831929266,77.53458041493799,1.6720600375150172,30.295833333333334,16.908333333333335,70.75,1002.3958333333334,924.1666666666666,24.320833333333336,0.012500000000000002,45.458333333333336,41.84583333333333,248.25,13322.333333333334,0.09583333333333617,5.804166666666667,74.25
2026-06-21 00:00:00+05:00,30.370833333333334,15.958333333333334,70.125,1003.2583333333333,914.7916666666666,24.208333333333332,0.0,46.166666666666664,246.95833333333334,39.81666666666667,252.83333333333334,49.916666666666664,19.070833333333333,155.79166666666666,4.9875,4.470833333333333,57.041666666666664,49.0,0.6741666666666667,69.625,21.0,6.0,6.0,2.0,69.91666666666667,78.08333333333333,-0.2916666666666667,70.82638888888889,74.21354166666667,75.47685185185186,0.8045787852665943,2.7765725379488146,2.75131678978744,73.46456194250011,3.139311617267637,30.3875,17.520833333333332,69.375,1001.6208333333334,947.2916666666666,24.070833333333336,0.020833333333333332,51.458333333333336,42.8375,236.0,14833.958333333334,-0.3124999999999953,6.1625000000000005,77.95833333333333
2026-06-22 00:00:00+05:00,30.295833333333334,16.908333333333335,70.75,1002.3958333333334,924.1666666666666,24.320833333333336,0.012500000000000002,45.458333333333336,244.66666666666666,41.84583333333333,248.25,59.020833333333336,24.229166666666668,177.45833333333334,6.0249999999999995,4.620833333333334,54.875,53.791666666666664,0.6879166666666667,74.25,22.0,6.0,0.0,2.0,73.83333333333333,69.625,0.4166666666666667,72.77777777777779,70.66840277777779,74.14351851851852,0.8497454465865544,2.2908182155434704,4.023362345593363,71.7218138012458,2.890840966557994,30.083333333333332,19.599999999999998,71.91666666666667,1000.7666666666668,970.8333333333334,24.412499999999998,0.04583333333333334,68.58333333333333,47.48333333333333,193.0,15775.458333333334,-0.04583333333333902,5.974999999999999,76.16666666666667
2026-06-23 00:00:00+05:00,30.3875,17.520833333333332,69.375,1001.6208333333334,947.2916666666666,24.070833333333336,0.020833333333333332,51.458333333333336,254.625,42.8375,236.0,56.458333333333336,23.2625,183.0,6.541666666666667,4.670833333333333,54.375,53.0,0.5683333333333334,77.95833333333333,23.0,6.0,1.0,2.0,78.0,74.25,-0.041666666666666664,78.05555555555556,76.89756944444444,73.92650462962963,0.3578516628919277,1.509367894755031,3.903927671312252,76.67304953745325,2.5994420193565775,30.183333333333334,16.854166666666668,71.70833333333333,1001.6666666666666,902.7083333333334,24.479166666666668,0.02916666666666667,55.291666666666664,41.199999999999996,210.75,16708.041666666668,-0.14166666666666572,6.316666666666666,68.125
2026-06-24 00:00:00+05:00,30.083333333333332,19.599999999999998,71.91666666666667,1000.7666666666668,970.8333333333334,24.412499999999998,0.04583333333333334,68.58333333333333,255.41666666666666,47.48333333333333,193.0,48.56666666666666,20.75,184.04166666666666,6.075,4.204166666666667,51.666666666666664,42.208333333333336,0.6129166666666667,76.16666666666667,24.0,6.0,2.0,2.0,76.33333333333333,77.95833333333333,-0.16666666666666666,76.63888888888889,77.22743055555556,74.93113425925925,0.22130019593249858,0.5495543985317918,3.5496886340759706,76.9499524503608,1.172565976996214,30.316666666666666,13.095833333333333,72.58333333333333,1003.1041666666666,799.1666666666666,24.77916666666667,0.004166666666666667,42.791666666666664,32.88333333333333,214.5,19075.375,-0.020833333333333332,5.670833333333334,69.41666666666667
2026-06-25 00:00:00+05:00,30.183333333333334,16.854166666666668,71.70833333333333,1001.6666666666666,902.7083333333334,24.479166666666668,0.02916666666666667,55.291666666666664,252.375,41.199999999999996,210.75,39.87916666666667,18.037499999999998,190.41666666666666,6.733333333333333,4.595833333333333,54.083333333333336,31.041666666666668,0.5808333333333333,68.125,25.0,6.0,3.0,2.0,68.375,76.16666666666667,-0.25,69.11111111111111,72.390625,75.50520833333333,0.633778298588822,2.7040822646791494,3.162091858707695,71.83250196207347,3.2185297464169653,30.15416666666667,12.424999999999999,72.79166666666667,1003.1,795.2083333333334,24.708333333333332,0.004166666666666667,53.041666666666664,31.425,183.16666666666666,15334.895833333334,0.18333333333333238,5.704166666666667,69.20833333333333
2026-06-26 00:00:00+05:00,30.316666666666666,13.095833333333333,72.58333333333333,1003.1041666666666,799.1666666666666,24.77916666666667,0.004166666666666667,42.791666666666664,250.83333333333334,32.88333333333333,214.5,46.137499999999996,19.854166666666668,198.0,7.654166666666666,5.3999999999999995,53.25,40.375,0.4041666666666666,69.41666666666667,26.0,6.0,4.0,2.0,69.29166666666667,68.125,0.125,68.9375,67.97395833333333,72.53067129629629,0.47514850978854845,1.1614261702794964,4.381439724920035,68.76931478430264,2.3090000335640446,29.9875,16.087500000000002,73.95833333333333,1001.4041666666667,824.375,24.766666666666666,0.03333333333333333,55.458333333333336,39.75,209.91666666666666,10647.6875,0.15000000000000568,5.5375000000000005,70.70833333333333
2026-06-27 00:00:00+05:00,30.15416666666667,12.424999999999999,72.79166666666667,1003.1,795.2083333333334,24.708333333333332,0.004166666666666667,53.041666666666664,252.45833333333334,31.425,183.16666666666666,44.39166666666667,19.1375,196.33333333333334,7.7625,5.5375000000000005,57.041666666666664,39.625,0.35625,69.20833333333333,27.0,6.0,5.0,2.0,69.25,69.41666666666667,-0.041666666666666664,69.39583333333333,69.86284722222221,70.07581018518518,0.4380293691877833,0.9795941364208686,2.812951318151786,69.61208264059464,1.2714711495018807,29.879166666666666,17.325,71.75,1000.3000000000001,957.9166666666666,24.108333333333334,0.004166666666666667,50.958333333333336,42.31666666666667,225.875,10040.791666666666,-0.12916666666667234,5.445833333333333,76.0
2026-06-28 00:00:00+05:00,29.9875,16.087500000000002,73.95833333333333,1001.4041666666667,824.375,24.766666666666666,0.03333333333333333,55.458333333333336,251.75,39.75,209.91666666666666,49.34166666666667,21.037499999999998,154.83333333333334,5.166666666666667,4.454166666666667,56.208333333333336,44.083333333333336,0.4675,70.70833333333333,28.0,6.0,6.0,2.0,70.54166666666667,69.20833333333333,0.16666666666666666,70.22916666666667,69.40798611111111,69.08159722222221,0.2853040524276071,0.8456539415653613,1.394543003732464,69.67681867761083,0.9901034344376596,30.0125,18.370833333333334,71.5,999.5958333333333,956.25,24.2625,0.04583333333333334,43.416666666666664,44.07083333333333,212.5,13556.020833333334,-0.18333333333333238,5.220833333333334,80.125
2026-06-29 00:00:00+05:00,29.879166666666666,17.325,71.75,1000.3000000000001,957.9166666666666,24.108333333333334,0.004166666666666667,50.958333333333336,249.75,42.31666666666667,225.875,60.69583333333333,25.479166666666668,174.29166666666666,5.870833333333334,4.366666666666666,56.041666666666664,56.25,0.5408333333333334,76.0,29.0,6.0,0.0,2.0,75.66666666666667,70.70833333333333,0.3333333333333333,74.86111111111111,72.89930555555556,70.72337962962963,0.6282654107359706,1.5322094665042822,2.0023103893044447,73.15318914974182,1.9931404916078135,29.954166666666666,16.566666666666666,76.04166666666667,998.5625,797.2916666666666,25.22083333333333,0.07083333333333335,49.166666666666664,40.25416666666667,201.25,16872.979166666668,-0.12083333333332764,5.770833333333333,72.33333333333333
2026-06-30 00:00:00+05:00,30.0125,18.370833333333334,71.5,999.5958333333333,956.25,24.2625,0.04583333333333334,43.416666666666664,244.79166666666666,44.07083333333333,212.5,51.362500000000004,22.25,186.41666666666666,6.8374999999999995,4.620833333333334,54.041666666666664,46.708333333333336,0.6166666666666667,80.125,30.0,6.0,1.0,2.0,80.33333333333333,76.0,-0.20833333333333334,80.59027777777779,79.11111111111111,73.80613425925925,0.6365573037691133,2.036138134667383,4.363894558349723,78.92222618829776,3.022701354420781,30.2,13.754166666666668,76.79166666666667,999.4916666666667,755.4166666666666,25.599999999999998,0.05416666666666667,39.041666666666664,34.2875,245.125,17629.0,-0.09166666666666856,5.75,72.70833333333333
2026-07-01 00:00:00+05:00,29.954166666666666,16.566666666666666,76.04166666666667,998.5625,797.2916666666666,25.22083333333333,0.07083333333333335,49.166666666666664,246.25,40.25416666666667,201.25,45.29583333333333,19.891666666666666,199.20833333333334,8.008333333333333,5.029166666666667,53.083333333333336,39.041666666666664,0.6383333333333333,72.33333333333333,1.0,7.0,2.0,3.0,72.58333333333333,80.125,-0.25,73.31944444444444,76.43229166666667,76.14756944444444,0.6635462625716959,2.5132410832483765,3.770432315625048,75.6557850200986,2.981466657996926,30.45,14.358333333333334,74.125,1000.7666666666668,792.0833333333334,25.195833333333336,0.004166666666666667,54.916666666666664,35.87916666666667,226.95833333333334,13279.604166666666,-0.05833333333333712,4.733333333333333,77.54166666666667
2026-07-02 00:00:00+05:00,30.2,13.754166666666668,76.79166666666667,999.4916666666667,755.4166666666666,25.599999999999998,0.05416666666666667,39.041666666666664,242.66666666666666,34.2875,245.125,58.520833333333336,23.270833333333332,206.33333333333334,9.6875,6.079166666666667,49.083333333333336,57.833333333333336,0.5883333333333334,72.70833333333333,2.0,7.0,3.0,3.0,72.41666666666667,72.33333333333333,0.2916666666666667,71.90277777777779,71.59548611111111,75.71296296296296,0.47916541881845126,1.106422992891407,4.051923971524604,72.18512456677087,2.1441164036074793,30.266666666666666,15.554166666666667,75.58333333333333,999.0708333333333,758.9583333333334,25.3875,0.008333333333333333,65.70833333333333,38.7125,196.625,10592.5625,0.2624999999999981,4.6,82.375
2026-07-03 00:00:00+05:00,30.45,14.358333333333334,74.125,1000.7666666666668,792.0833333333334,25.195833333333336,0.004166666666666667,54.916666666666664,254.16666666666666,35.87916666666667,226.95833333333334,61.32916666666667,23.53333333333333,193.95833333333334,8.700000000000001,5.879166666666666,53.833333333333336,63.291666666666664,0.77375,77.54166666666667,3.0,7.0,4.0,3.0,77.54166666666667,72.70833333333333,0.0,77.24305555555556,75.37152777777777,74.46643518518518,0.29188418463191407,1.6547574959433504,3.2094957333154093,75.6330008879165,2.1957699531981656,30.495833333333334,14.391666666666666,74.70833333333333,997.4208333333332,738.125,25.383333333333336,0.004166666666666667,76.5,36.483333333333334,250.41666666666666,11585.479166666666,-0.012499999999998105,5.254166666666666,98.25
2026-07-04 00:00:00+05:00,30.266666666666666,15.554166666666667,75.58333333333333,999.0708333333333,758.9583333333334,25.3875,0.008333333333333333,65.70833333333333,261.0416666666667,38.7125,196.625,92.16250000000001,31.483333333333334,183.79166666666666,7.566666666666666,5.233333333333333,59.541666666666664,105.08333333333333,0.84875,82.375,4.0,7.0,5.0,3.0,81.79166666666667,77.54166666666667,0.5833333333333334,80.61111111111111,78.65972222222223,75.20891203703704,1.038475959326124,1.5339327969493493,3.3705438548515008,78.85139536704047,2.334989551984164,30.641666666666666,11.354166666666666,77.625,996.7916666666666,533.9583333333334,26.179166666666664,0.0,43.25,30.03333333333333,273.5416666666667,11958.458333333334,-0.3291666666666657,4.879166666666666,105.41666666666667
2026-07-05 00:00:00+05:00,30.495833333333334,14.391666666666666,74.70833333333333,997.4208333333332,738.125,25.383333333333336,0.004166666666666667,76.5,256.9166666666667,36.483333333333334,250.41666666666666,103.79583333333333,36.512499999999996,154.33333333333334,6.075,5.3875,64.54166666666667,115.875,0.81625,98.25,5.0,7.0,6.0,3.0,97.75,82.375,0.5,96.44444444444444,90.48090277777777,81.50405092592592,1.0212537761788785,4.988934187947749,7.378720884151702,91.12332351579369,6.620098743388055,30.625,10.204166666666667,79.41666666666667,996.5791666666668,509.5833333333333,26.55,0.0,36.5,28.2375,269.0416666666667,10830.958333333334,-0.06666666666666761,5.112500000000001,92.95833333333333
2026-07-06 00:00:00+05:00,30.641666666666666,11.354166666666666,77.625,996.7916666666666,533.9583333333334,26.179166666666664,0.0,43.25,244.08333333333334,30.03333333333333,273.5416666666667,92.52083333333333,36.40416666666667,207.16666666666666,10.0875,7.108333333333333,65.54166666666667,93.29166666666667,0.635,105.41666666666667,6.0,7.0,0.0,3.0,105.41666666666667,98.25,0.0,105.02083333333333,102.109375,90.41666666666667,0.8993760034496314,2.3795569648079713,10.336827209906199,101.6575655134012,5.338166613141227,30.22083333333333,14.266666666666666,78.625,996.4458333333333,652.2916666666666,25.991666666666664,0.0,82.54166666666667,36.199999999999996,237.75,6185.3125,-0.09166666666666383,4.4624999999999995,85.04166666666667
2026-07-07 00:00:00+05:00,30.625,10.204166666666667,79.41666666666667,996.5791666666668,509.5833333333333,26.55,0.0,36.5,216.875,28.2375,269.0416666666667,58.38333333333333,27.395833333333332,249.45833333333334,11.308333333333332,7.808333333333334,72.83333333333333,46.666666666666664,0.7908333333333334,92.95833333333333,7.0,7.0,1.0,3.0,93.70833333333333,105.41666666666667,-0.75,95.8125,101.48784722222223,98.02604166666667,1.6483469788634517,4.583446559859056,7.567466672355504,99.68490683349552,5.289597137474661,29.84166666666667,17.854166666666668,75.875,999.0,791.4583333333334,25.02916666666667,0.020833333333333332,52.708333333333336,43.82083333333333,231.04166666666666,5457.395833333333,-0.016666666666670455,4.075,83.91666666666667
2026-07-08 00:00:00+05:00,30.22083333333333,14.266666666666666,78.625,996.4458333333333,652.2916666666666,25.991666666666664,0.0,82.54166666666667,240.75,36.199999999999996,237.75,67.07083333333334,28.820833333333336,216.75,8.754166666666666,5.9375,66.5,61.083333333333336,1.13625,85.04166666666667,8.0,7.0,2.0,3.0,84.95833333333333,92.95833333333333,0.08333333333333333,84.80555555555556,87.20833333333333,96.93518518518518,0.4299831333421293,3.0390194938697115,8.243899150356775,87.8486933020017,5.828948617657901,29.40833333333333,21.091666666666665,77.16666666666667,1001.4708333333333,873.3333333333334,24.95,0.03333333333333333,73.95833333333333,50.416666666666664,198.75,9587.125,0.05833333333333712,4.229166666666667,76.75
2026-07-09 00:00:00+05:00,29.84166666666667,17.854166666666668,75.875,999.0,791.4583333333334,25.02916666666667,0.020833333333333332,52.708333333333336,243.58333333333334,43.82083333333333,231.04166666666666,57.62916666666666,24.520833333333332,189.91666666666666,7.1625000000000005,5.133333333333334,56.666666666666664,50.958333333333336,0.72375,83.91666666666667,9.0,7.0,3.0,3.0,84.20833333333333,85.04166666666667,-0.2916666666666667,84.92361111111111,85.578125,91.42476851851852,0.5863418371714104,1.537591828852156,8.12672167274958,85.75534369171636,2.840603069091303,29.258333333333336,21.504166666666666,79.125,999.475,846.875,25.2,0.0375,55.166666666666664,51.37083333333334,199.79166666666666,14386.875,0.4375,4.812499999999999,75.91666666666667
2026-07-10 00:00:00+05:00,29.40833333333333,21.091666666666665,77.16666666666667,1001.4708333333333,873.3333333333334,24.95,0.03333333333333333,73.95833333333333,247.41666666666666,50.416666666666664,198.75,52.9,23.325,177.125,5.720833333333334,4.3999999999999995,53.333333333333336,43.041666666666664,0.69125,76.75,10.0,7.0,4.0,3.0,76.875,83.91666666666667,-0.125,77.23611111111111,79.93229166666667,84.23958333333333,0.5660895076291098,2.373800154689371,4.242749376973012,79.696258659076,3.333647246883672,30.075,17.825,76.79166666666667,995.4458333333333,720.4166666666666,25.441666666666666,0.0,24.041666666666668,42.99583333333334,272.8333333333333,18598.770833333332,0.07083333333333523,4.458333333333333,74.91666666666667
2026-07-11 00:00:00+05:00,29.258333333333336,21.504166666666666,79.125,999.475,846.875,25.2,0.0375,55.166666666666664,241.66666666666666,51.37083333333334,199.79166666666666,49.90416666666667,21.045833333333334,181.16666666666666,5.604166666666667,3.9375,55.083333333333336,43.125,0.64125,75.91666666666667,11.0,7.0,5.0,3.0,76.08333333333333,76.75,-0.16666666666666666,76.32638888888889,76.30555555555556,80.60532407407408,0.4311853004743451,0.7125172316808946,4.344631780578961,76.73813951229113,1.8810038464685015,29.724999999999998,18.833333333333332,75.41666666666667,998.1291666666666,874.5833333333334,24.84583333333333,0.05416666666666667,59.0,45.895833333333336,257.6666666666667,18419.5625,-0.3708333333333324,4.058333333333334,78.54166666666667
2026-07-12 00:00:00+05:00,30.075,17.825,76.79166666666667,995.4458333333333,720.4166666666666,25.441666666666666,0.0,24.041666666666668,233.20833333333334,42.99583333333334,272.8333333333333,67.57083333333334,25.020833333333332,167.75,5.5125,4.170833333333333,59.125,68.375,1.155,74.91666666666667,12.0,7.0,6.0,3.0,74.625,75.91666666666667,0.2916666666666667,74.26388888888889,74.75347222222221,76.99710648148148,0.5443500684005197,1.3808103882109812,2.779161053055701,74.82186312123375,1.625322670773709,28.883333333333336,17.991666666666667,80.04166666666667,1000.6458333333334,744.5833333333334,25.045833333333334,0.11666666666666668,61.625,43.04583333333333,213.16666666666666,12919.791666666666,-0.295833333333339,4.633333333333333,74.875
2026-07-13 00:00:00+05:00,29.724999999999998,18.833333333333332,75.41666666666667,998.1291666666666,874.5833333333334,24.84583333333333,0.05416666666666667,59.0,231.0,45.895833333333336,257.6666666666667,53.44166666666666,21.900000000000002,179.66666666666666,5.854166666666667,4.116666666666666,52.916666666666664,48.041666666666664,1.3145833333333334,78.54166666666667,13.0,7.0,0.0,3.0,78.75,74.91666666666667,-0.20833333333333334,78.88888888888889,77.59548611111111,76.21817129629629,0.6309281101140604,2.0460705700665955,2.047010947557247,77.75673998044692,2.2658078580177206,29.1125,14.754166666666668,76.0,1001.6708333333332,790.0,24.383333333333336,0.05000000000000001,66.66666666666667,36.550000000000004,230.70833333333334,16642.625,0.5416666666666666,4.879166666666666,72.5
2026-07-14 00:00:00+05:00,28.883333333333336,17.991666666666667,80.04166666666667,1000.6458333333334,744.5833333333334,25.045833333333334,0.11666666666666668,61.625,232.875,43.04583333333333,213.16666666666666,55.275,21.229166666666668,195.08333333333334,7.866666666666667,4.991666666666666,45.958333333333336,54.958333333333336,1.1824999999999999,74.875,14.0,7.0,1.0,3.0,74.95833333333333,78.54166666666667,-0.08333333333333333,75.22222222222221,76.37152777777779,76.24016203703704,0.6271615067135001,1.442908246023741,2.2877414736506023,76.09464780180784,1.716324751055894,29.066666666666666,11.658333333333333,77.45833333333333,1002.8166666666666,705.0,24.604166666666668,0.03333333333333333,43.291666666666664,29.945833333333336,228.70833333333334,13429.770833333334,0.14166666666666572,3.8375,75.95833333333333
2026-07-15 00:00:00+05:00,29.1125,14.754166666666668,76.0,1001.6708333333332,790.0,24.383333333333336,0.05000000000000001,66.66666666666667,238.375,36.550000000000004,230.70833333333334,54.175000000000004,22.6125,205.58333333333334,8.737499999999999,5.829166666666667,46.458333333333336,48.125,0.975,72.5,15.0,7.0,2.0,3.0,72.41666666666667,74.875,0.08333333333333333,72.39583333333333,73.609375,75.85879629629629,0.524237062379379,1.2360890924644832,2.5791608928005383,73.51950284278898,1.655964564560369,29.045833333333334,14.770833333333334,76.125,1002.4125,779.375,24.349999999999998,0.05833333333333334,42.208333333333336,36.958333333333336,220.41666666666666,11812.979166666666,0.09999999999999905,4.729166666666667,71.0
2026-07-16 00:00:00+05:00,29.066666666666666,11.658333333333333,77.45833333333333,1002.8166666666666,705.0,24.604166666666668,0.03333333333333333,43.291666666666664,236.16666666666666,29.945833333333336,228.70833333333334,52.90833333333333,21.0,214.45833333333334,9.966666666666667,6.854166666666667,46.208333333333336,51.166666666666664,0.6408333333333334,75.95833333333333,16.0,7.0,3.0,3.0,76.04166666666667,72.5,-0.08333333333333333,76.0625,74.54166666666667,74.84085648148148,0.665367273109818,1.8289117245270645,2.2011263146677176,74.97569613637069,1.9555169334253328,28.983333333333334,17.820833333333333,74.45833333333333,1001.4541666666668,888.5416666666666,23.90833333333333,0.041666666666666664,51.208333333333336,43.55833333333334,214.20833333333334,8472.1875,0.04999999999999716,4.4625,66.20833333333333
2026-07-17 00:00:00+05:00,29.045833333333334,14.770833333333334,76.125,1002.4125,779.375,24.349999999999998,0.05833333333333334,42.208333333333336,248.20833333333334,36.958333333333336,220.41666666666666,44.07916666666667,19.316666666666666,201.54166666666666,8.845833333333333,5.9750000000000005,46.75,38.083333333333336,0.6020833333333334,71.0,17.0,7.0,4.0,3.0,71.125,75.95833333333333,-0.125,71.45833333333333,73.40625,73.85243055555556,0.4586039658282215,1.786424463015715,2.1287873021298305,72.88892656978939,2.0485175731124796,28.662499999999998,14.758333333333333,79.29166666666667,1000.3083333333334,698.125,24.695833333333336,0.05416666666666667,77.45833333333333,36.895833333333336,156.33333333333334,11786.604166666666,-0.024999999999991473,4.695833333333333,67.66666666666667
2026-07-18 00:00:00+05:00,28.983333333333334,17.820833333333333,74.45833333333333,1001.4541666666668,888.5416666666666,23.90833333333333,0.041666666666666664,51.208333333333336,251.95833333333334,43.55833333333334,214.20833333333334,35.46666666666667,16.375,186.875,7.1000000000000005,4.675,50.375,26.5,0.5670833333333333,66.20833333333333,18.0,7.0,5.0,3.0,66.45833333333333,71.0,-0.25,67.15277777777779,69.08333333333333,72.34375,0.6043741785189484,1.525212139491112,3.17830453361433,68.94921960420635,2.254024028716184,28.941666666666666,12.737499999999999,79.58333333333333,999.7541666666666,632.2916666666666,25.008333333333336,0.07083333333333335,78.70833333333333,32.525,200.875,16076.229166666666,-0.14583333333333334,5.075,70.625
2026-07-19 00:00:00+05:00,28.662499999999998,14.758333333333333,79.29166666666667,1000.3083333333334,698.125,24.695833333333336,0.05416666666666667,77.45833333333333,242.75,36.895833333333336,156.33333333333334,48.46666666666667,19.941666666666666,168.41666666666666,6.3999999999999995,5.020833333333333,53.041666666666664,43.125,0.7779166666666666,67.66666666666667,19.0,7.0,6.0,3.0,67.375,66.20833333333333,0.2916666666666667,66.6875,65.76215277777779,69.41724537037037,0.5735912396979355,1.634869746884851,3.648950157882895,66.42425972483238,2.1798751791245405,28.8875,11.116666666666667,80.75,999.4,579.5833333333334,25.183333333333334,0.02916666666666667,84.66666666666667,28.691666666666666,118.58333333333333,10406.1875,-0.08333333333333807,3.9666666666666663,73.875
2026-07-20 00:00:00+05:00,28.941666666666666,12.737499999999999,79.58333333333333,999.7541666666666,632.2916666666666,25.008333333333336,0.07083333333333335,78.70833333333333,232.95833333333334,32.525,200.875,50.074999999999996,20.7375,210.29166666666666,8.841666666666667,6.016666666666667,51.541666666666664,47.333333333333336,0.96,70.625,20.0,7.0,0.0,3.0,70.58333333333333,67.66666666666667,0.041666666666666664,70.5625,69.76736111111111,68.2042824074074,0.2225729980336035,1.2178223168121876,2.548705516567593,69.66880561502713,1.8547077656438073,29.454166666666666,10.129166666666666,78.83333333333333,998.5083333333333,585.8333333333334,25.329166666666666,0.020833333333333332,57.25,27.358333333333334,196.66666666666666,8287.166666666666,-0.054166666666664774,3.9333333333333336,73.75
2026-07-21 00:00:00+05:00,28.8875,11.116666666666667,80.75,999.4,579.5833333333334,25.183333333333334,0.02916666666666667,84.66666666666667,231.29166666666666,28.691666666666666,118.58333333333333,48.333333333333336,21.033333333333335,246.0,10.783333333333333,6.8625,46.75,42.958333333333336,0.9429166666666666,73.875,21.0,7.0,1.0,3.0,73.83333333333333,70.625,0.041666666666666664,73.47916666666667,72.0017361111111,69.17708333333333,0.4564097076830422,1.2956705292189594,3.005149686343129,72.18874213548095,1.7062345095714286,29.962500000000002,9.200000000000001,75.79166666666667,997.4499999999999,491.875,25.1125,0.016666666666666666,47.0,27.112499999999997,238.16666666666666,6517.25,-0.07916666666666572,3.704166666666667,79.375
2026-07-22 00:00:00+05:00,29.454166666666666,10.129166666666666,78.83333333333333,998.5083333333333,585.8333333333334,25.329166666666666,0.020833333333333332,57.25,218.375,27.358333333333334,196.66666666666666,57.104166666666664,23.09583333333333,255.58333333333334,11.779166666666667,8.095833333333333,49.125,51.416666666666664,1.0179166666666666,73.75,22.0,7.0,2.0,3.0,73.625,73.875,0.125,73.4375,73.50173611111111,71.75694444444444,0.5511659989478224,1.222096382696604,2.075055350418261,73.26297935662294,1.473335607392075,30.233333333333334,9.304166666666667,76.625,997.9708333333333,503.9583333333333,25.545833333333334,0.0,77.375,26.816666666666666,250.16666666666666,6169.916666666667,-0.14166666666666572,4.125,85.83333333333333
2026-07-23 00:00:00+05:00,29.962500000000002,9.200000000000001,75.79166666666667,997.4499999999999,491.875,25.1125,0.016666666666666666,47.0,206.33333333333334,27.112499999999997,238.16666666666666,73.58333333333333,27.162499999999998,297.0416666666667,10.75,9.645833333333334,64.41666666666667,78.25,1.1025,79.375,23.0,7.0,3.0,3.0,79.04166666666667,73.75,0.3333333333333333,78.36111111111111,76.34027777777779,73.94791666666667,0.5531283547542246,1.739680206898523,2.4231221798488956,76.67187867743404,2.1319090157210807,29.541666666666668,10.5875,76.5,999.6333333333333,583.75,24.916666666666668,0.0,98.83333333333333,28.675,156.33333333333334,4616.770833333333,-0.10833333333333428,4.8500000000000005,84.95833333333333
2026-07-24 00:00:00+05:00,30.233333333333334,9.304166666666667,76.625,997.9708333333333,503.9583333333333,25.545833333333334,0.0,77.375,233.25,26.816666666666666,250.16666666666666,74.35833333333333,27.474999999999998,256.25,11.370833333333332,8.5375,58.5,77.625,1.0645833333333334,85.83333333333333,24.0,7.0,4.0,3.0,85.79166666666667,79.375,0.041666666666666664,85.52777777777777,83.01909722222221,77.62037037037037,0.588330481695709,2.2832256904049992,4.466267714264914,83.10183323068055,3.351696648425332,29.6875,10.466666666666667,73.0,1000.8541666666666,598.9583333333334,24.254166666666666,0.0,78.41666666666667,27.916666666666668,193.875,4833.645833333333,0.10416666666666193,4.6875,82.04166666666667
2026-07-25 00:00:00+05:00,29.541666666666668,10.5875,76.5,999.6333333333333,583.75,24.916666666666668,0.0,98.83333333333333,244.375,28.675,156.33333333333334,70.65833333333333,26.1375,218.45833333333334,10.629166666666666,7.329166666666667,51.375,74.08333333333333,1.14,84.95833333333333,25.0,7.0,5.0,3.0,85.04166666666667,85.83333333333333,-0.08333333333333333,85.20833333333333,85.58680555555556,81.64872685185186,0.3265769803413106,0.7200415940922092,4.3638090229408535,85.12598040438873,1.703751570550006,29.829166666666666,14.262500000000001,73.125,999.8625000000001,770.2083333333334,24.3875,0.004166666666666667,67.16666666666667,35.854166666666664,231.5,6285.291666666667,0.26250000000000756,4.624999999999999,83.25
2026-07-26 00:00:00+05:00,29.6875,10.466666666666667,73.0,1000.8541666666666,598.9583333333334,24.254166666666666,0.0,78.41666666666667,262.625,27.916666666666668,193.875,80.25416666666666,26.34166666666667,174.70833333333334,7.7875000000000005,6.945833333333333,60.708333333333336,93.83333333333333,0.9195833333333333,82.04166666666667,26.0,7.0,6.0,3.0,82.04166666666667,84.95833333333333,0.0,82.09027777777779,83.27604166666667,83.96064814814815,0.44033907104172876,1.3451563010815104,2.350956069788395,83.06932132371624,1.6214840343078707,29.45,15.620833333333332,75.45833333333333,997.5875,736.0416666666666,24.587500000000002,0.012500000000000002,50.75,39.49583333333333,227.33333333333334,6418.5625,0.04999999999999716,5.433333333333334,78.70833333333333
2026-07-27 00:00:00+05:00,29.829166666666666,14.262500000000001,73.125,999.8625000000001,770.2083333333334,24.3875,0.004166666666666667,67.16666666666667,256.7916666666667,35.854166666666664,231.5,83.3875,27.683333333333334,186.20833333333334,7.204166666666667,5.616666666666667,58.458333333333336,98.16666666666667,0.715,83.25,27.0,7.0,0.0,3.0,83.16666666666667,82.04166666666667,0.08333333333333333,82.95833333333333,82.453125,83.77199074074075,0.3775112878050719,0.7877620753331315,1.758230051838698,82.70503812692961,1.0165200260242415,29.745833333333334,13.766666666666667,78.625,997.8625000000001,626.875,25.458333333333332,0.0,68.04166666666667,35.266666666666666,246.125,11240.770833333334,-0.2541666666666676,5.441666666666666,79.125
2026-07-28 00:00:00+05:00,29.45,15.620833333333332,75.45833333333333,997.5875,736.0416666666666,24.587500000000002,0.012500000000000002,50.75,244.33333333333334,39.49583333333333,227.33333333333334,58.64166666666667,22.212500000000002,198.125,7.425,5.3,58.958333333333336,58.958333333333336,0.5808333333333333,78.70833333333333,28.0,7.0,1.0,3.0,79.16666666666667,83.25,-0.4583333333333333,80.3125,82.57638888888889,82.76851851851852,0.9679889011213331,2.37361082779419,1.9196212557825525,81.9372040466608,2.4461001295723936,30.025000000000002,10.158333333333333,79.375,996.7541666666666,536.875,25.925,0.0,61.958333333333336,27.604166666666668,251.70833333333334,11677.25,-0.13750000000000284,4.8625,80.41666666666667
